index,people_count,table_used,table_total,beanbag_used,beanbag_total,filename
2025-09-11 13:46:02,4.0,7.0,8,2.0,5,IMG_20250911_134602.jpg
2025-09-11 13:47:12,4.0,7.0,8,1.0,6,IMG_20250911_134712.jpg
2025-09-11 13:48:23,5.0,7.0,8,0.0,6,IMG_20250911_134823.jpg
2025-09-11 13:49:34,6.0,7.0,8,2.0,7,IMG_20250911_134934.jpg
2025-09-11 13:50:45,6.0,7.0,8,2.0,7,IMG_20250911_135045.jpg
2025-09-11 13:51:56,6.0,7.0,8,1.0,6,IMG_20250911_135156.jpg
2025-09-11 13:53:06,6.0,7.0,8,1.0,6,IMG_20250911_135306.jpg
2025-09-11 13:54:17,6.0,7.0,10,2.0,6,IMG_20250911_135417.jpg
2025-09-11 13:55:27,6.0,7.0,8,2.0,8,IMG_20250911_135527.jpg
2025-09-11 13:56:38,6.0,7.0,8,0.0,7,IMG_20250911_135638.jpg
2025-09-11 13:57:49,5.0,7.0,8,0.0,5,IMG_20250911_135749.jpg
2025-09-11 13:59:00,6.0,8.0,9,0.0,6,IMG_20250911_135900.jpg
2025-09-11 14:00:10,5.0,7.0,8,1.0,5,IMG_20250911_140010.jpg
2025-09-11 14:01:21,7.0,7.0,8,2.0,5,IMG_20250911_140121.jpg
2025-09-11 14:02:31,6.0,7.0,8,1.0,5,IMG_20250911_140231.jpg
2025-09-11 14:03:41,6.0,6.0,7,1.0,5,IMG_20250911_140341.jpg
2025-09-11 14:04:51,7.0,7.0,8,1.0,5,IMG_20250911_140451.jpg
2025-09-11 14:06:02,6.0,7.0,8,1.0,5,IMG_20250911_140602.jpg
2025-09-11 14:07:12,5.0,7.0,8,1.0,5,IMG_20250911_140712.jpg
2025-09-11 14:08:24,7.0,8.0,9,3.0,6,IMG_20250911_140824.jpg
2025-09-11 14:09:34,7.0,7.0,8,2.0,5,IMG_20250911_140934.jpg
2025-09-11 14:10:44,8.0,7.0,8,1.0,5,IMG_20250911_141044.jpg
2025-09-11 14:11:54,5.0,8.0,9,0.0,5,IMG_20250911_141154.jpg
2025-09-11 14:13:04,5.0,9.0,10,1.0,5,IMG_20250911_141304.jpg
2025-09-11 14:14:14,5.0,7.0,8,1.0,6,IMG_20250911_141414.jpg
2025-09-11 14:15:25,7.0,7.0,8,0.0,5,IMG_20250911_141525.jpg
2025-09-11 14:16:35,9.0,9.0,9,2.0,6,IMG_20250911_141635.jpg
2025-09-11 14:17:46,9.0,8.0,8,2.0,7,IMG_20250911_141746.jpg
2025-09-11 14:18:57,6.0,10.0,10,1.0,6,IMG_20250911_141857.jpg
2025-09-11 14:20:12,8.0,11.0,11,1.0,6,IMG_20250911_142012.jpg
2025-09-11 14:21:23,8.0,11.0,11,1.0,5,IMG_20250911_142123.jpg
2025-09-11 14:22:33,8.0,10.0,10,1.0,5,IMG_20250911_142233.jpg
2025-09-11 14:23:43,7.0,10.0,10,1.0,5,IMG_20250911_142343.jpg
2025-09-11 14:24:53,7.0,10.0,10,0.0,5,IMG_20250911_142453.jpg
2025-09-11 14:26:04,7.0,10.0,10,1.0,5,IMG_20250911_142604.jpg
2025-09-11 14:27:14,6.0,9.0,9,1.0,4,IMG_20250911_142714.jpg
2025-09-11 14:28:23,7.0,9.0,9,1.0,5,IMG_20250911_142823.jpg
2025-09-11 14:29:34,6.0,8.0,8,0.0,7,IMG_20250911_142934.jpg
2025-09-11 14:30:45,6.0,8.0,8,1.0,4,IMG_20250911_143045.jpg
2025-09-11 14:32:01,6.0,9.0,9,1.0,5,IMG_20250911_143201.jpg
2025-09-11 14:33:12,7.0,8.0,8,0.0,5,IMG_20250911_143312.jpg
2025-09-11 14:34:23,6.0,8.0,8,0.0,6,IMG_20250911_143423.jpg
2025-09-11 14:35:33,6.0,8.0,8,0.0,6,IMG_20250911_143533.jpg
2025-09-11 14:36:44,6.0,11.0,11,1.0,5,IMG_20250911_143644.jpg
2025-09-11 14:37:55,17.0,8.0,8,2.0,5,IMG_20250911_143755.jpg
2025-09-11 14:39:05,12.0,8.0,8,2.0,5,IMG_20250911_143905.jpg
2025-09-11 14:40:15,9.0,8.0,9,2.0,3,IMG_20250911_144015.jpg
2025-09-11 14:41:24,10.0,9.0,10,2.0,6,IMG_20250911_144124.jpg
2025-09-11 14:42:36,8.0,10.0,12,2.0,7,IMG_20250911_144236.jpg
2025-09-11 14:43:46,8.0,7.0,9,1.0,6,IMG_20250911_144346.jpg
2025-09-11 14:44:56,9.0,9.0,10,0.0,5,IMG_20250911_144456.jpg
2025-09-11 14:46:07,9.0,6.0,8,0.0,4,IMG_20250911_144607.jpg
2025-09-11 14:47:18,9.0,7.0,9,1.0,5,IMG_20250911_144718.jpg
2025-09-11 14:48:29,9.0,6.0,8,0.0,5,IMG_20250911_144829.jpg
2025-09-11 14:49:38,9.0,7.0,9,1.0,5,IMG_20250911_144938.jpg
2025-09-11 14:50:49,7.0,6.0,8,1.0,5,IMG_20250911_145049.jpg
2025-09-11 14:51:59,7.0,8.0,10,0.0,5,IMG_20250911_145159.jpg
2025-09-11 14:53:10,9.0,7.0,9,2.0,5,IMG_20250911_145310.jpg
2025-09-11 14:54:20,7.0,6.0,8,2.0,5,IMG_20250911_145420.jpg
2025-09-11 14:55:31,10.0,7.0,9,3.0,6,IMG_20250911_145531.jpg
2025-09-11 14:56:41,7.0,6.0,8,0.0,5,IMG_20250911_145641.jpg
2025-09-11 14:57:52,5.0,8.0,10,0.0,5,IMG_20250911_145752.jpg
2025-09-11 14:59:02,6.0,6.0,8,0.0,5,IMG_20250911_145902.jpg
2025-09-11 15:00:12,6.0,7.0,9,1.0,5,IMG_20250911_150012.jpg
2025-09-11 15:01:22,5.0,5.0,8,0.0,5,IMG_20250911_150122.jpg
2025-09-11 15:02:36,7.0,7.0,10,0.0,5,IMG_20250911_150236.jpg
2025-09-11 15:03:47,4.0,5.0,8,0.0,5,IMG_20250911_150347.jpg
2025-09-11 15:04:57,4.0,4.0,8,0.0,5,IMG_20250911_150457.jpg
2025-09-11 15:06:09,1.0,3.0,8,0.0,5,IMG_20250911_150609.jpg
2025-09-11 15:07:19,2.0,3.0,8,0.0,5,IMG_20250911_150719.jpg
2025-09-11 15:08:29,0.0,3.0,8,0.0,5,IMG_20250911_150829.jpg
2025-09-11 15:09:39,2.0,5.0,9,0.0,5,IMG_20250911_150939.jpg
2025-09-11 15:10:49,2.0,4.0,8,0.0,5,IMG_20250911_151049.jpg
2025-09-11 15:11:59,1.0,4.0,8,0.0,5,IMG_20250911_151159.jpg
2025-09-11 15:13:09,2.0,4.0,8,0.0,5,IMG_20250911_151309.jpg
2025-09-11 15:14:20,2.0,5.0,9,0.0,5,IMG_20250911_151420.jpg
2025-09-11 15:15:30,1.0,4.0,8,0.0,5,IMG_20250911_151530.jpg
2025-09-11 15:16:41,1.0,5.0,9,0.0,5,IMG_20250911_151641.jpg
2025-09-11 15:17:52,1.0,4.0,8,0.0,5,IMG_20250911_151752.jpg
2025-09-11 15:19:02,1.0,4.0,8,0.0,5,IMG_20250911_151902.jpg
2025-09-11 15:20:13,2.0,4.0,8,1.0,7,IMG_20250911_152013.jpg
2025-09-11 15:21:24,2.0,5.0,9,1.0,6,IMG_20250911_152124.jpg
2025-09-11 15:22:34,3.0,5.0,9,2.0,7,IMG_20250911_152234.jpg
2025-09-11 15:23:44,2.0,5.0,9,1.0,6,IMG_20250911_152344.jpg
2025-09-11 15:24:55,2.0,5.0,9,2.0,7,IMG_20250911_152455.jpg
2025-09-11 15:26:05,2.0,5.0,9,1.0,6,IMG_20250911_152605.jpg
2025-09-11 15:27:15,2.0,5.0,9,1.0,6,IMG_20250911_152715.jpg
2025-09-11 15:28:26,1.0,4.0,8,0.0,6,IMG_20250911_152826.jpg
2025-09-11 15:29:38,2.0,5.0,9,1.0,6,IMG_20250911_152938.jpg
2025-09-11 15:30:49,2.0,6.0,10,1.0,7,IMG_20250911_153049.jpg
2025-09-11 15:32:01,2.0,6.0,10,1.0,6,IMG_20250911_153201.jpg
2025-09-11 15:33:13,2.0,4.0,8,1.0,6,IMG_20250911_153313.jpg
2025-09-11 15:34:23,3.0,4.0,8,1.0,6,IMG_20250911_153423.jpg
2025-09-11 15:35:33,2.0,4.0,8,1.0,6,IMG_20250911_153533.jpg
2025-09-11 15:36:43,2.0,4.0,8,1.0,6,IMG_20250911_153643.jpg
2025-09-11 15:37:53,2.0,4.0,8,1.0,6,IMG_20250911_153753.jpg
2025-09-11 15:39:03,2.0,4.0,8,1.0,7,IMG_20250911_153903.jpg
2025-09-11 15:40:13,2.0,4.0,8,1.0,6,IMG_20250911_154013.jpg
2025-09-11 15:41:23,2.0,4.0,8,1.0,7,IMG_20250911_154123.jpg
2025-09-11 15:42:33,2.0,4.0,8,1.0,6,IMG_20250911_154233.jpg
2025-09-11 15:43:44,3.0,4.0,8,1.0,7,IMG_20250911_154344.jpg
2025-09-11 15:44:54,4.0,4.0,8,1.0,6,IMG_20250911_154454.jpg
2025-09-11 15:46:04,2.0,4.0,8,1.0,8,IMG_20250911_154604.jpg
2025-09-11 15:47:15,2.0,4.0,8,0.0,5,IMG_20250911_154715.jpg
2025-09-11 15:48:26,2.0,4.0,8,0.0,5,IMG_20250911_154826.jpg
2025-09-11 15:49:36,3.0,5.0,9,0.0,5,IMG_20250911_154936.jpg
2025-09-11 15:50:51,2.0,4.0,8,0.0,6,IMG_20250911_155051.jpg
2025-09-11 15:52:02,2.0,4.0,8,1.0,6,IMG_20250911_155202.jpg
2025-09-11 15:53:13,2.0,4.0,8,1.0,5,IMG_20250911_155313.jpg
2025-09-11 15:54:24,2.0,4.0,8,1.0,6,IMG_20250911_155424.jpg
2025-09-11 15:55:34,2.0,5.0,8,1.0,5,IMG_20250911_155534.jpg
2025-09-11 15:56:44,2.0,5.0,8,2.0,7,IMG_20250911_155644.jpg
2025-09-11 15:57:54,2.0,4.0,8,3.0,8,IMG_20250911_155754.jpg
2025-09-11 15:59:04,2.0,4.0,8,3.0,7,IMG_20250911_155904.jpg
2025-09-11 16:00:13,3.0,4.0,8,4.0,7,IMG_20250911_160013.jpg
2025-09-11 16:01:23,2.0,4.0,8,2.0,8,IMG_20250911_160123.jpg
2025-09-11 16:02:35,2.0,4.0,8,0.0,5,IMG_20250911_160235.jpg
2025-09-11 16:03:45,2.0,4.0,8,1.0,5,IMG_20250911_160345.jpg
2025-09-11 16:04:54,2.0,4.0,8,1.0,6,IMG_20250911_160454.jpg
2025-09-11 16:06:05,2.0,4.0,8,1.0,6,IMG_20250911_160605.jpg
2025-09-11 16:07:15,2.0,4.0,8,2.0,6,IMG_20250911_160715.jpg
2025-09-11 16:08:26,3.0,4.0,8,2.0,7,IMG_20250911_160826.jpg
2025-09-11 16:09:36,2.0,4.0,8,1.0,6,IMG_20250911_160936.jpg
2025-09-11 16:10:46,2.0,4.0,8,1.0,5,IMG_20250911_161046.jpg
2025-09-11 16:11:55,2.0,4.0,8,3.0,6,IMG_20250911_161155.jpg
2025-09-11 16:13:07,3.0,4.0,8,2.0,5,IMG_20250911_161307.jpg
2025-09-11 16:14:16,2.0,4.0,8,4.0,7,IMG_20250911_161416.jpg
2025-09-11 16:15:31,2.0,4.0,8,2.0,5,IMG_20250911_161531.jpg
2025-09-11 16:16:40,2.0,4.0,8,3.0,5,IMG_20250911_161640.jpg
2025-09-11 16:17:51,2.0,4.0,8,4.0,6,IMG_20250911_161751.jpg
2025-09-11 16:19:01,2.0,4.0,8,4.0,8,IMG_20250911_161901.jpg
2025-09-11 16:20:12,2.0,4.0,8,2.0,5,IMG_20250911_162012.jpg
2025-09-11 16:21:23,2.0,4.0,8,3.0,6,IMG_20250911_162123.jpg
2025-09-11 16:22:34,2.0,4.0,8,3.0,6,IMG_20250911_162234.jpg
2025-09-11 16:23:44,2.0,3.0,8,2.0,5,IMG_20250911_162344.jpg
2025-09-11 16:24:56,2.0,4.0,8,2.0,5,IMG_20250911_162456.jpg
2025-09-11 16:26:07,2.0,4.0,9,2.0,5,IMG_20250911_162607.jpg
2025-09-11 16:27:18,2.0,3.0,8,2.0,4,IMG_20250911_162718.jpg
2025-09-11 16:28:28,2.0,3.0,8,3.0,5,IMG_20250911_162828.jpg
2025-09-11 16:29:38,3.0,3.0,8,2.0,5,IMG_20250911_162938.jpg
2025-09-11 16:30:48,2.0,3.0,8,2.0,5,IMG_20250911_163048.jpg
2025-09-11 16:31:59,2.0,3.0,8,1.0,5,IMG_20250911_163159.jpg
2025-09-11 16:33:10,2.0,3.0,8,1.0,5,IMG_20250911_163310.jpg
2025-09-11 16:34:20,2.0,3.0,8,1.0,5,IMG_20250911_163420.jpg
2025-09-11 16:35:30,2.0,3.0,8,1.0,5,IMG_20250911_163530.jpg
2025-09-11 16:36:40,2.0,3.0,8,2.0,5,IMG_20250911_163640.jpg
2025-09-11 16:37:51,2.0,3.0,8,3.0,6,IMG_20250911_163751.jpg
2025-09-11 16:39:01,2.0,3.0,8,3.0,5,IMG_20250911_163901.jpg
2025-09-11 16:40:10,2.0,3.0,8,2.0,4,IMG_20250911_164010.jpg
2025-09-11 16:41:20,2.0,3.0,8,2.0,4,IMG_20250911_164120.jpg
2025-09-11 16:42:31,2.0,3.0,8,2.0,4,IMG_20250911_164231.jpg
2025-09-11 16:43:46,2.0,3.0,8,2.0,4,IMG_20250911_164346.jpg
2025-09-11 16:44:57,2.0,3.0,8,2.0,5,IMG_20250911_164457.jpg
2025-09-11 16:46:07,2.0,3.0,8,2.0,5,IMG_20250911_164607.jpg
2025-09-11 16:47:18,2.0,3.0,8,2.0,5,IMG_20250911_164718.jpg
2025-09-11 16:48:29,2.0,3.0,8,2.0,5,IMG_20250911_164829.jpg
2025-09-11 16:49:40,2.0,3.0,8,2.0,4,IMG_20250911_164940.jpg
2025-09-11 16:50:50,1.0,3.0,9,1.0,4,IMG_20250911_165050.jpg
2025-09-11 16:52:00,2.0,3.0,8,3.0,7,IMG_20250911_165200.jpg
2025-09-11 16:53:11,1.0,3.0,9,1.0,6,IMG_20250911_165311.jpg
2025-09-11 16:54:24,1.0,3.0,8,0.0,5,IMG_20250911_165424.jpg
2025-09-11 16:55:34,1.0,3.0,9,0.0,6,IMG_20250911_165534.jpg
2025-09-11 16:56:44,1.0,4.0,8,2.0,6,IMG_20250911_165644.jpg
2025-09-11 16:57:54,1.0,3.0,8,1.0,5,IMG_20250911_165754.jpg
2025-09-11 16:59:04,1.0,3.0,8,0.0,5,IMG_20250911_165904.jpg
2025-09-11 17:00:14,4.0,3.0,8,2.0,7,IMG_20250911_170014.jpg
2025-09-11 17:01:25,3.0,3.0,8,1.0,5,IMG_20250911_170125.jpg
2025-09-11 17:02:34,3.0,3.0,8,1.0,5,IMG_20250911_170234.jpg
2025-09-11 17:03:44,2.0,3.0,9,2.0,5,IMG_20250911_170344.jpg
2025-09-11 17:04:55,4.0,4.0,7,2.0,5,IMG_20250911_170455.jpg
2025-09-11 17:06:05,3.0,3.0,6,0.0,3,IMG_20250911_170605.jpg
2025-09-11 17:07:27,1.0,0.0,0,0.0,0,IMG_20250911_170727.jpg
2025-09-11 17:08:06,1.0,0.0,1,0.0,1,IMG_20250911_170806.jpg
2025-09-11 17:08:41,0.0,0.0,0,0.0,0,IMG_20250911_170841.jpg
2025-09-11 17:09:07,1.0,0.0,0,1.0,2,IMG_20250911_170907.jpg
2025-09-11 17:10:10,0.0,0.0,0,0.0,0,IMG_20250911_171010.jpg
2025-09-11 17:10:18,2.0,0.0,0,0.0,1,IMG_20250911_171018.jpg
2025-09-11 17:11:21,0.0,0.0,0,0.0,0,IMG_20250911_171121.jpg
2025-09-11 17:11:36,5.0,2.0,7,1.0,4,IMG_20250911_171136.jpg
2025-09-11 17:12:42,0.0,0.0,0,0.0,0,IMG_20250911_171242.jpg
2025-09-11 17:12:47,4.0,4.0,7,0.0,4,IMG_20250911_171247.jpg
2025-09-11 17:14:02,2.0,3.0,8,0.0,4,IMG_20250911_171402.jpg
2025-09-11 17:14:10,1.0,0.0,0,0.0,0,IMG_20250911_171410.jpg
2025-09-11 17:15:16,2.0,3.0,8,0.0,4,IMG_20250911_171516.jpg
2025-09-11 17:15:45,0.0,0.0,0,0.0,0,IMG_20250911_171545.jpg
2025-09-11 17:16:29,3.0,3.0,8,0.0,5,IMG_20250911_171629.jpg
2025-09-11 17:17:43,3.0,2.0,7,0.0,5,IMG_20250911_171743.jpg
2025-09-11 17:17:45,0.0,0.0,0,0.0,0,IMG_20250911_171745.jpg
2025-09-11 17:18:56,0.0,0.0,0,0.0,0,IMG_20250911_171856.jpg
2025-09-11 17:18:57,3.0,3.0,8,0.0,5,IMG_20250911_171857.jpg
2025-09-11 17:20:09,5.0,4.0,9,0.0,5,IMG_20250911_172009.jpg
2025-09-11 17:20:12,0.0,0.0,0,0.0,0,IMG_20250911_172012.jpg
2025-09-11 17:21:20,3.0,2.0,7,0.0,5,IMG_20250911_172120.jpg
2025-09-11 17:21:31,0.0,0.0,0,0.0,0,IMG_20250911_172131.jpg
2025-09-11 17:22:33,3.0,3.0,8,1.0,6,IMG_20250911_172233.jpg
2025-09-11 17:23:46,4.0,3.0,8,1.0,6,IMG_20250911_172346.jpg
2025-09-11 17:24:57,5.0,3.0,8,3.0,4,IMG_20250911_172457.jpg
2025-09-11 17:26:12,5.0,3.0,8,0.0,8,IMG_20250911_172612.jpg
2025-09-11 17:27:24,4.0,3.0,8,0.0,6,IMG_20250911_172724.jpg
2025-09-11 17:28:35,5.0,2.0,7,1.0,7,IMG_20250911_172835.jpg
2025-09-11 17:29:49,5.0,3.0,8,0.0,6,IMG_20250911_172949.jpg
2025-09-11 17:31:00,4.0,3.0,8,0.0,7,IMG_20250911_173100.jpg
2025-09-11 17:31:56,0.0,0.0,0,0.0,0,IMG_20250911_173156.jpg
2025-09-11 17:32:14,6.0,2.0,7,1.0,5,IMG_20250911_173214.jpg
2025-09-11 17:33:28,10.0,3.0,8,1.0,4,IMG_20250911_173328.jpg
2025-09-11 17:34:41,10.0,3.0,8,2.0,4,IMG_20250911_173441.jpg
2025-09-11 17:35:52,10.0,3.0,7,1.0,5,IMG_20250911_173552.jpg
2025-09-11 17:37:04,9.0,3.0,8,0.0,6,IMG_20250911_173704.jpg
2025-09-11 17:38:15,9.0,6.0,8,2.0,7,IMG_20250911_173815.jpg
2025-09-11 17:39:28,11.0,7.0,10,2.0,6,IMG_20250911_173928.jpg
2025-09-11 17:40:40,10.0,8.0,9,2.0,7,IMG_20250911_174040.jpg
2025-09-11 17:41:52,11.0,5.0,6,2.0,9,IMG_20250911_174152.jpg
2025-09-11 17:43:04,10.0,6.0,7,1.0,4,IMG_20250911_174304.jpg
2025-09-11 17:44:17,14.0,6.0,7,2.0,7,IMG_20250911_174417.jpg
2025-09-11 17:45:31,8.0,6.0,8,2.0,7,IMG_20250911_174531.jpg
2025-09-11 17:46:43,7.0,6.0,8,2.0,5,IMG_20250911_174643.jpg
2025-09-11 17:47:55,7.0,5.0,7,2.0,4,IMG_20250911_174755.jpg
2025-09-11 17:49:07,5.0,7.0,9,2.0,6,IMG_20250911_174907.jpg
2025-09-11 17:50:19,4.0,4.0,8,1.0,6,IMG_20250911_175019.jpg
2025-09-11 17:51:34,4.0,4.0,8,2.0,6,IMG_20250911_175134.jpg
2025-09-11 17:52:47,3.0,4.0,8,2.0,6,IMG_20250911_175247.jpg
2025-09-11 17:54:00,3.0,4.0,8,2.0,5,IMG_20250911_175400.jpg
2025-09-11 17:55:12,3.0,4.0,8,3.0,7,IMG_20250911_175512.jpg
2025-09-11 17:56:23,3.0,5.0,9,3.0,8,IMG_20250911_175623.jpg
2025-09-11 17:57:35,3.0,4.0,8,2.0,7,IMG_20250911_175735.jpg
2025-09-11 17:58:48,5.0,4.0,8,3.0,7,IMG_20250911_175848.jpg
2025-09-11 18:00:01,4.0,5.0,8,2.0,8,IMG_20250911_180001.jpg
2025-09-11 18:01:14,2.0,4.0,8,1.0,7,IMG_20250911_180114.jpg
2025-09-11 18:02:26,2.0,4.0,8,3.0,10,IMG_20250911_180226.jpg
2025-09-11 18:03:36,4.0,4.0,8,2.0,5,IMG_20250911_180336.jpg
2025-09-11 18:04:47,2.0,4.0,8,2.0,7,IMG_20250911_180447.jpg
2025-09-11 18:05:59,0.0,3.0,8,0.0,7,IMG_20250911_180559.jpg
2025-09-11 18:07:11,0.0,3.0,8,0.0,6,IMG_20250911_180711.jpg
2025-09-11 18:08:22,0.0,3.0,8,0.0,7,IMG_20250911_180822.jpg
2025-09-11 18:09:34,0.0,3.0,8,0.0,7,IMG_20250911_180934.jpg
2025-09-11 18:10:45,0.0,4.0,9,0.0,7,IMG_20250911_181045.jpg
2025-09-11 18:11:56,0.0,3.0,8,0.0,5,IMG_20250911_181156.jpg
2025-09-11 18:13:07,1.0,3.0,8,1.0,5,IMG_20250911_181307.jpg
2025-09-11 18:14:17,1.0,4.0,8,1.0,5,IMG_20250911_181417.jpg
2025-09-11 18:15:29,1.0,5.0,8,1.0,5,IMG_20250911_181529.jpg
2025-09-11 18:16:40,1.0,6.0,9,0.0,5,IMG_20250911_181640.jpg
2025-09-11 18:17:54,0.0,0.0,4,0.0,1,IMG_20250911_181754.jpg
2025-09-11 18:19:07,0.0,0.0,0,0.0,0,IMG_20250911_181907.jpg
2025-09-12 10:02:16,1.0,0.0,0,0.0,0,IMG_20250926_100216.jpg
2025-09-12 10:03:49,1.0,0.0,0,0.0,0,IMG_20250926_100349.jpg
2025-09-12 10:14:00,4.0,5.0,8,1.0,3,IMG_20250926_101400.jpg
2025-09-12 10:24:11,2.0,4.0,8,0.0,6,IMG_20250926_102411.jpg
2025-09-12 10:34:22,4.0,4.0,8,0.0,6,IMG_20250926_103422.jpg
2025-09-12 10:44:33,2.0,5.0,8,0.0,9,IMG_20250926_104433.jpg
2025-09-12 10:54:44,2.0,5.0,8,0.0,7,IMG_20250926_105444.jpg
2025-09-12 11:04:55,3.0,5.0,8,0.0,8,IMG_20250926_110455.jpg
2025-09-12 11:15:06,0.0,2.0,8,0.0,4,IMG_20250926_111506.jpg
2025-09-12 11:25:16,1.0,2.0,7,0.0,6,IMG_20250926_112516.jpg
2025-09-12 11:35:32,1.0,3.0,8,0.0,5,IMG_20250926_113532.jpg
2025-09-12 11:45:43,1.0,4.0,8,0.0,7,IMG_20250926_114543.jpg
2025-09-12 11:55:54,3.0,8.0,10,0.0,6,IMG_20250926_115554.jpg
2025-09-12 12:06:05,5.0,6.0,8,0.0,6,IMG_20250926_120605.jpg
2025-09-12 12:16:18,5.0,6.0,8,0.0,6,IMG_20250926_121618.jpg
2025-09-12 12:26:28,6.0,6.0,8,0.0,5,IMG_20250926_122628.jpg
2025-09-12 12:36:38,7.0,5.0,7,0.0,6,IMG_20250926_123638.jpg
2025-09-12 12:46:49,3.0,5.0,8,0.0,6,IMG_20250926_124649.jpg
2025-09-12 12:57:01,3.0,3.0,8,0.0,4,IMG_20250926_125701.jpg
2025-09-12 13:07:12,3.0,3.0,8,1.0,9,IMG_20250926_130712.jpg
2025-09-12 13:17:24,0.0,2.0,8,0.0,9,IMG_20250926_131724.jpg
2025-09-12 13:27:38,0.0,2.0,8,0.0,7,IMG_20250926_132738.jpg
2025-09-12 13:37:50,0.0,2.0,8,0.0,9,IMG_20250926_133750.jpg
2025-09-12 13:48:01,0.0,2.0,8,0.0,8,IMG_20250926_134801.jpg
2025-09-12 13:58:13,0.0,2.0,8,0.0,7,IMG_20250926_135813.jpg
2025-09-12 14:08:26,0.0,2.0,8,0.0,8,IMG_20250926_140826.jpg
2025-09-12 14:18:39,0.0,2.0,8,0.0,9,IMG_20250926_141839.jpg
2025-09-12 14:28:52,0.0,2.0,8,0.0,7,IMG_20250926_142852.jpg
2025-09-12 14:39:03,0.0,2.0,9,0.0,6,IMG_20250926_143903.jpg
2025-09-12 14:49:13,0.0,2.0,8,0.0,8,IMG_20250926_144913.jpg
2025-09-12 14:59:24,0.0,2.0,8,0.0,8,IMG_20250926_145924.jpg
2025-09-12 15:09:34,0.0,2.0,9,0.0,6,IMG_20250926_150934.jpg
2025-09-12 15:19:45,0.0,2.0,9,0.0,5,IMG_20250926_151945.jpg
2025-09-12 15:29:57,0.0,2.0,9,0.0,6,IMG_20250926_152957.jpg
2025-09-12 15:40:08,0.0,2.0,9,0.0,6,IMG_20250926_154008.jpg
2025-09-12 15:50:21,4.0,2.0,8,0.0,4,IMG_20250926_155021.jpg
2025-09-12 16:00:31,3.0,2.0,8,0.0,6,IMG_20250926_160031.jpg
2025-09-12 16:10:42,6.0,5.0,9,1.0,7,IMG_20250926_161042.jpg
2025-09-12 16:20:55,7.0,5.0,8,3.0,6,IMG_20250926_162055.jpg
2025-09-12 16:31:06,6.0,5.0,8,0.0,7,IMG_20250926_163106.jpg
2025-09-12 16:41:16,5.0,5.0,8,0.0,5,IMG_20250926_164116.jpg
2025-09-12 16:51:26,5.0,5.0,8,0.0,5,IMG_20250926_165126.jpg
2025-09-12 17:01:37,7.0,5.0,8,0.0,6,IMG_20250926_170137.jpg
2025-09-12 17:11:47,5.0,6.0,8,1.0,7,IMG_20250926_171147.jpg
2025-09-12 17:21:57,5.0,6.0,8,1.0,8,IMG_20250926_172157.jpg
2025-09-12 17:32:08,5.0,6.0,8,2.0,7,IMG_20250926_173208.jpg
2025-09-12 17:42:18,5.0,6.0,8,1.0,6,IMG_20250926_174218.jpg
2025-09-12 17:52:28,4.0,6.0,8,0.0,7,IMG_20250926_175228.jpg
2025-09-12 18:02:40,4.0,6.0,8,0.0,6,IMG_20250926_180240.jpg
2025-09-12 18:12:50,4.0,6.0,8,0.0,6,IMG_20250926_181250.jpg
2025-09-12 18:23:01,5.0,6.0,7,0.0,6,IMG_20250926_182301.jpg
2025-09-12 18:33:12,5.0,10.0,9,0.0,6,IMG_20250926_183312.jpg
2025-09-12 18:43:23,5.0,4.0,7,2.0,8,IMG_20250926_184323.jpg
2025-09-12 18:53:34,1.0,5.0,7,0.0,5,IMG_20250926_185334.jpg
2025-09-12 19:03:45,3.0,5.0,7,0.0,5,IMG_20250926_190345.jpg
2025-09-12 19:13:57,2.0,5.0,7,0.0,6,IMG_20250926_191357.jpg
2025-09-12 19:24:09,4.0,5.0,6,0.0,6,IMG_20250926_192409.jpg
2025-09-12 19:34:20,3.0,6.0,7,0.0,6,IMG_20250926_193420.jpg
2025-09-12 19:44:36,5.0,5.0,7,0.0,7,IMG_20250926_194436.jpg
2025-09-12 19:54:47,3.0,6.0,9,0.0,7,IMG_20250926_195447.jpg
2025-09-12 20:04:57,4.0,5.0,7,0.0,6,IMG_20250926_200457.jpg
2025-09-12 20:15:09,2.0,5.0,7,0.0,8,IMG_20250926_201509.jpg
2025-09-12 20:25:20,2.0,5.0,7,0.0,7,IMG_20250926_202520.jpg
2025-09-12 20:35:41,1.0,9.0,10,0.0,6,IMG_20250926_203541.jpg
2025-09-12 20:45:56,2.0,5.0,7,0.0,7,IMG_20250926_204556.jpg
2025-09-12 20:56:09,1.0,5.0,7,0.0,6,IMG_20250926_205609.jpg
2025-09-12 21:06:20,3.0,5.0,7,0.0,6,IMG_20250926_210620.jpg
2025-09-12 21:16:32,2.0,5.0,7,0.0,8,IMG_20250926_211632.jpg
2025-09-12 21:26:43,2.0,5.0,7,0.0,7,IMG_20250926_212643.jpg
2025-09-12 21:36:53,0.0,5.0,7,0.0,7,IMG_20250926_213653.jpg
2025-09-12 21:47:03,2.0,5.0,7,0.0,7,IMG_20250926_214703.jpg
2025-09-12 21:57:14,1.0,6.0,7,0.0,6,IMG_20250926_215714.jpg
2025-09-12 22:07:25,1.0,5.0,7,0.0,4,IMG_20250926_220725.jpg
2025-09-12 22:17:37,1.0,8.0,8,0.0,1,IMG_20250926_221737.jpg
2025-09-12 22:27:48,2.0,5.0,7,0.0,5,IMG_20250926_222748.jpg
2025-09-12 22:38:00,2.0,9.0,10,0.0,3,IMG_20250926_223800.jpg
2025-09-12 22:48:10,2.0,5.0,7,0.0,2,IMG_20250926_224810.jpg
2025-09-12 22:58:24,2.0,8.0,9,0.0,3,IMG_20250926_225824.jpg
2025-09-13 07:08:15,0.0,2.0,7,0.0,8,IMG_20250927_070815.jpg
2025-09-13 07:18:29,0.0,2.0,7,0.0,7,IMG_20250927_071829.jpg
2025-09-13 07:28:40,0.0,2.0,7,0.0,6,IMG_20250927_072840.jpg
2025-09-13 07:38:52,0.0,2.0,7,0.0,7,IMG_20250927_073852.jpg
2025-09-13 07:49:04,0.0,2.0,7,0.0,7,IMG_20250927_074904.jpg
2025-09-13 07:59:18,0.0,2.0,7,0.0,8,IMG_20250927_075918.jpg
2025-09-13 08:09:29,0.0,2.0,7,0.0,8,IMG_20250927_080929.jpg
2025-09-13 08:19:42,0.0,1.0,7,0.0,7,IMG_20250927_081942.jpg
2025-09-13 08:29:54,0.0,2.0,7,0.0,6,IMG_20250927_082954.jpg
2025-09-13 08:40:06,0.0,2.0,7,0.0,8,IMG_20250927_084006.jpg
2025-09-13 08:50:18,0.0,2.0,7,0.0,7,IMG_20250927_085018.jpg
2025-09-13 09:00:29,0.0,2.0,7,0.0,9,IMG_20250927_090029.jpg
2025-09-13 09:10:41,0.0,2.0,7,0.0,7,IMG_20250927_091041.jpg
2025-09-13 09:20:53,0.0,2.0,7,0.0,6,IMG_20250927_092053.jpg
2025-09-13 09:31:03,0.0,2.0,7,0.0,6,IMG_20250927_093103.jpg
2025-09-13 09:41:15,0.0,2.0,7,0.0,8,IMG_20250927_094115.jpg
2025-09-13 09:51:27,0.0,2.0,7,0.0,7,IMG_20250927_095127.jpg
2025-09-13 10:01:38,0.0,2.0,7,0.0,6,IMG_20250927_100138.jpg
2025-09-13 10:11:49,0.0,2.0,7,0.0,9,IMG_20250927_101149.jpg
2025-09-13 10:22:03,0.0,2.0,7,0.0,8,IMG_20250927_102203.jpg
2025-09-13 10:32:14,0.0,2.0,7,0.0,6,IMG_20250927_103214.jpg
2025-09-13 10:42:26,0.0,2.0,7,0.0,8,IMG_20250927_104226.jpg
2025-09-13 10:52:38,0.0,2.0,7,0.0,9,IMG_20250927_105238.jpg
2025-09-13 11:02:51,0.0,2.0,7,0.0,6,IMG_20250927_110251.jpg
2025-09-13 11:13:02,0.0,2.0,7,0.0,5,IMG_20250927_111302.jpg
2025-09-13 11:23:13,0.0,2.0,7,0.0,7,IMG_20250927_112313.jpg
2025-09-13 11:33:24,0.0,2.0,7,0.0,7,IMG_20250927_113324.jpg
2025-09-13 11:43:36,0.0,2.0,7,0.0,6,IMG_20250927_114336.jpg
2025-09-13 11:53:47,0.0,2.0,7,0.0,7,IMG_20250927_115347.jpg
2025-09-13 12:03:57,0.0,2.0,7,0.0,7,IMG_20250927_120357.jpg
2025-09-13 12:14:07,0.0,2.0,7,0.0,6,IMG_20250927_121407.jpg
2025-09-13 12:24:18,0.0,2.0,7,0.0,6,IMG_20250927_122418.jpg
2025-09-13 12:34:29,0.0,2.0,7,0.0,5,IMG_20250927_123429.jpg
2025-09-13 12:44:44,0.0,2.0,7,0.0,7,IMG_20250927_124444.jpg
2025-09-13 12:54:56,0.0,2.0,7,0.0,6,IMG_20250927_125456.jpg
2025-09-13 13:05:09,0.0,2.0,7,0.0,6,IMG_20250927_130509.jpg
2025-09-13 13:15:19,0.0,2.0,7,0.0,5,IMG_20250927_131519.jpg
2025-09-13 13:25:30,0.0,2.0,7,0.0,8,IMG_20250927_132530.jpg
2025-09-13 13:35:41,0.0,2.0,7,0.0,5,IMG_20250927_133541.jpg
2025-09-13 13:45:52,0.0,2.0,7,0.0,6,IMG_20250927_134552.jpg
2025-09-13 13:56:02,0.0,2.0,7,0.0,5,IMG_20250927_135602.jpg
2025-09-13 14:06:14,0.0,2.0,7,0.0,6,IMG_20250927_140614.jpg
2025-09-13 14:16:24,0.0,2.0,7,0.0,6,IMG_20250927_141624.jpg
2025-09-13 14:26:34,0.0,2.0,7,0.0,5,IMG_20250927_142634.jpg
2025-09-13 14:36:46,0.0,2.0,7,0.0,6,IMG_20250927_143646.jpg
2025-09-13 14:46:58,0.0,2.0,7,0.0,5,IMG_20250927_144658.jpg
2025-09-13 14:57:08,0.0,1.0,7,0.0,8,IMG_20250927_145708.jpg
2025-09-13 15:07:25,0.0,2.0,7,0.0,6,IMG_20250927_150725.jpg
2025-09-13 15:17:37,0.0,2.0,7,0.0,5,IMG_20250927_151737.jpg
2025-09-13 15:27:48,0.0,2.0,7,0.0,6,IMG_20250927_152748.jpg
2025-09-13 15:38:00,0.0,2.0,7,0.0,5,IMG_20250927_153800.jpg
2025-09-13 15:48:12,0.0,1.0,7,0.0,5,IMG_20250927_154812.jpg
2025-09-13 15:58:23,0.0,1.0,7,0.0,5,IMG_20250927_155823.jpg
2025-09-13 16:08:34,0.0,1.0,7,0.0,5,IMG_20250927_160834.jpg
2025-09-13 16:18:47,0.0,2.0,7,0.0,4,IMG_20250927_161847.jpg
2025-09-13 16:28:57,0.0,1.0,7,0.0,5,IMG_20250927_162857.jpg
2025-09-13 16:39:09,0.0,1.0,7,0.0,5,IMG_20250927_163909.jpg
2025-09-13 16:49:24,0.0,1.0,7,0.0,5,IMG_20250927_164924.jpg
2025-09-13 16:59:35,0.0,1.0,7,0.0,5,IMG_20250927_165935.jpg
2025-09-13 17:09:47,0.0,1.0,7,0.0,5,IMG_20250927_170947.jpg
2025-09-13 17:20:00,0.0,3.0,7,0.0,5,IMG_20250927_172000.jpg
2025-09-13 17:30:11,0.0,3.0,7,0.0,5,IMG_20250927_173011.jpg
2025-09-13 17:40:23,0.0,3.0,7,0.0,5,IMG_20250927_174023.jpg
2025-09-13 17:50:34,1.0,5.0,7,0.0,4,IMG_20250927_175034.jpg
2025-09-13 18:00:45,1.0,5.0,7,0.0,4,IMG_20250927_180045.jpg
2025-09-13 18:10:56,1.0,5.0,7,0.0,4,IMG_20250927_181056.jpg
2025-09-13 18:21:13,4.0,6.0,8,0.0,3,IMG_20250927_182113.jpg
2025-09-13 18:31:23,7.0,7.0,8,0.0,2,IMG_20250927_183123.jpg
2025-09-13 18:41:33,5.0,7.0,8,0.0,3,IMG_20250927_184133.jpg
2025-09-13 18:51:47,6.0,7.0,8,1.0,3,IMG_20250927_185147.jpg
2025-09-13 19:01:58,5.0,7.0,8,0.0,2,IMG_20250927_190158.jpg
2025-09-13 19:12:09,10.0,7.0,8,1.0,5,IMG_20250927_191209.jpg
2025-09-13 19:22:20,8.0,7.0,8,2.0,4,IMG_20250927_192220.jpg
2025-09-13 19:32:31,8.0,7.0,8,1.0,4,IMG_20250927_193231.jpg
2025-09-13 19:42:42,9.0,7.0,8,1.0,4,IMG_20250927_194242.jpg
2025-09-13 19:52:53,10.0,7.0,8,1.0,3,IMG_20250927_195253.jpg
2025-09-13 20:03:05,8.0,7.0,8,0.0,4,IMG_20250927_200305.jpg
2025-09-13 20:13:17,8.0,7.0,8,0.0,4,IMG_20250927_201317.jpg
2025-09-13 20:23:28,7.0,7.0,8,1.0,4,IMG_20250927_202328.jpg
2025-09-13 20:33:37,9.0,7.0,8,2.0,6,IMG_20250927_203337.jpg
2025-09-13 20:43:47,7.0,7.0,8,2.0,5,IMG_20250927_204347.jpg
2025-09-13 20:53:58,7.0,7.0,8,4.0,6,IMG_20250927_205358.jpg
2025-09-13 21:04:10,6.0,7.0,8,3.0,5,IMG_20250927_210410.jpg
2025-09-13 21:14:23,6.0,7.0,8,2.0,6,IMG_20250927_211423.jpg
2025-09-13 21:24:33,8.0,7.0,8,5.0,7,IMG_20250927_212433.jpg
2025-09-13 21:34:43,11.0,8.0,9,5.0,6,IMG_20250927_213443.jpg
2025-09-13 21:44:54,9.0,7.0,8,4.0,11,IMG_20250927_214454.jpg
2025-09-13 21:55:04,7.0,6.0,9,0.0,7,IMG_20250927_215504.jpg
2025-09-13 22:05:16,6.0,4.0,8,1.0,5,IMG_20250927_220516.jpg
2025-09-13 22:15:27,7.0,5.0,9,2.0,8,IMG_20250927_221527.jpg
2025-09-13 22:25:36,6.0,6.0,9,0.0,5,IMG_20250927_222536.jpg
2025-09-13 22:35:48,6.0,6.0,10,1.0,6,IMG_20250927_223548.jpg
2025-09-13 22:45:59,5.0,6.0,9,0.0,6,IMG_20250927_224559.jpg
2025-09-13 22:56:09,7.0,7.0,9,0.0,6,IMG_20250927_225609.jpg
2025-09-14 07:05:09,0.0,3.0,8,0.0,6,IMG_20250928_070509.jpg
2025-09-14 07:15:20,0.0,3.0,8,0.0,6,IMG_20250928_071520.jpg
2025-09-14 07:25:30,0.0,3.0,8,0.0,6,IMG_20250928_072530.jpg
2025-09-14 07:35:41,0.0,3.0,8,0.0,7,IMG_20250928_073541.jpg
2025-09-14 07:45:52,0.0,3.0,8,0.0,7,IMG_20250928_074552.jpg
2025-09-14 07:56:02,0.0,3.0,8,0.0,6,IMG_20250928_075602.jpg
2025-09-14 08:06:15,0.0,3.0,8,0.0,6,IMG_20250928_080615.jpg
2025-09-14 08:16:27,0.0,3.0,8,0.0,6,IMG_20250928_081627.jpg
2025-09-14 08:26:39,0.0,3.0,8,0.0,8,IMG_20250928_082639.jpg
2025-09-14 08:36:52,0.0,3.0,8,0.0,6,IMG_20250928_083652.jpg
2025-09-14 08:47:03,0.0,3.0,8,0.0,5,IMG_20250928_084703.jpg
2025-09-15 10:00:22,2.0,0.0,0,0.0,0,IMG_20250915_100022.jpg
2025-09-15 10:02:53,4.0,7.0,7,0.0,3,IMG_20250915_100253.jpg
2025-09-15 10:13:03,2.0,7.0,8,0.0,3,IMG_20250915_101303.jpg
2025-09-15 10:23:13,4.0,7.0,8,1.0,5,IMG_20250915_102313.jpg
2025-09-15 10:33:25,3.0,5.0,8,1.0,7,IMG_20250915_103325.jpg
2025-09-15 10:43:35,4.0,5.0,8,2.0,5,IMG_20250915_104335.jpg
2025-09-15 10:53:45,7.0,8.0,8,2.0,6,IMG_20250915_105345.jpg
2025-09-15 11:03:56,9.0,8.0,8,1.0,3,IMG_20250915_110356.jpg
2025-09-15 11:14:14,17.0,7.0,8,3.0,3,IMG_20250915_111414.jpg
2025-09-15 11:24:24,13.0,7.0,8,3.0,4,IMG_20250915_112424.jpg
2025-09-15 11:34:35,15.0,7.0,8,1.0,5,IMG_20250915_113435.jpg
2025-09-15 11:44:46,14.0,7.0,8,1.0,7,IMG_20250915_114446.jpg
2025-09-15 11:54:57,17.0,7.0,9,2.0,4,IMG_20250915_115457.jpg
2025-09-15 12:05:08,14.0,7.0,8,3.0,6,IMG_20250915_120508.jpg
2025-09-15 12:15:18,13.0,7.0,9,3.0,5,IMG_20250915_121518.jpg
2025-09-15 12:25:29,13.0,7.0,9,3.0,5,IMG_20250915_122529.jpg
2025-09-15 12:35:40,9.0,5.0,8,2.0,4,IMG_20250915_123540.jpg
2025-09-15 12:45:51,8.0,5.0,8,3.0,5,IMG_20250915_124551.jpg
2025-09-15 12:56:03,0.0,3.0,9,0.0,5,IMG_20250915_125603.jpg
2025-09-15 13:06:14,1.0,2.0,7,0.0,5,IMG_20250915_130614.jpg
2025-09-15 13:16:25,0.0,1.0,8,0.0,5,IMG_20250915_131625.jpg
2025-09-15 13:26:36,0.0,1.0,9,0.0,6,IMG_20250915_132636.jpg
2025-09-15 13:36:47,0.0,1.0,8,0.0,5,IMG_20250915_133647.jpg
2025-09-15 13:46:58,0.0,1.0,8,0.0,5,IMG_20250915_134658.jpg
2025-09-15 13:57:09,0.0,1.0,8,0.0,5,IMG_20250915_135709.jpg
2025-09-15 14:07:20,0.0,1.0,9,0.0,5,IMG_20250915_140720.jpg
2025-09-15 14:17:31,1.0,0.0,8,0.0,5,IMG_20250915_141731.jpg
2025-09-15 14:27:41,2.0,2.0,8,0.0,5,IMG_20250915_142741.jpg
2025-09-15 14:37:54,5.0,3.0,7,1.0,8,IMG_20250915_143754.jpg
2025-09-15 14:48:05,5.0,5.0,8,0.0,8,IMG_20250915_144805.jpg
2025-09-15 14:58:16,15.0,7.0,8,5.0,7,IMG_20250915_145816.jpg
2025-09-15 15:08:26,14.0,9.0,9,5.0,7,IMG_20250915_150826.jpg
2025-09-15 15:18:36,6.0,10.0,10,0.0,9,IMG_20250915_151836.jpg
2025-09-15 15:28:47,7.0,11.0,11,0.0,7,IMG_20250915_152847.jpg
2025-09-15 15:38:57,6.0,8.0,8,0.0,7,IMG_20250915_153857.jpg
2025-09-15 15:49:07,8.0,8.0,8,2.0,7,IMG_20250915_154907.jpg
2025-09-15 15:59:17,9.0,9.0,9,2.0,8,IMG_20250915_155917.jpg
2025-09-15 16:09:33,12.0,9.0,9,5.0,11,IMG_20250915_160933.jpg
2025-09-15 16:19:44,9.0,8.0,8,4.0,13,IMG_20250915_161944.jpg
2025-09-15 16:29:54,7.0,8.0,8,1.0,12,IMG_20250915_162954.jpg
2025-09-15 16:40:04,9.0,9.0,9,5.0,12,IMG_20250915_164004.jpg
2025-09-15 16:50:15,9.0,8.0,9,5.0,11,IMG_20250915_165015.jpg
2025-09-15 17:00:25,9.0,8.0,8,2.0,8,IMG_20250915_170025.jpg
2025-09-15 17:10:36,5.0,7.0,8,1.0,10,IMG_20250915_171036.jpg
2025-09-15 17:20:48,3.0,8.0,10,1.0,8,IMG_20250915_172048.jpg
2025-09-15 17:30:58,5.0,7.0,9,1.0,9,IMG_20250915_173058.jpg
2025-09-15 17:41:08,6.0,7.0,9,2.0,9,IMG_20250915_174108.jpg
2025-09-15 17:51:19,4.0,7.0,10,1.0,9,IMG_20250915_175119.jpg
2025-09-15 18:01:31,4.0,7.0,9,3.0,9,IMG_20250915_180131.jpg
2025-09-15 18:11:41,4.0,8.0,9,1.0,9,IMG_20250915_181141.jpg
2025-09-15 18:21:51,5.0,7.0,8,2.0,8,IMG_20250915_182151.jpg
2025-09-15 18:32:02,3.0,7.0,8,0.0,7,IMG_20250915_183202.jpg
2025-09-15 18:42:12,4.0,7.0,8,0.0,8,IMG_20250915_184212.jpg
2025-09-15 18:52:21,4.0,7.0,8,0.0,7,IMG_20250915_185221.jpg
2025-09-15 19:02:31,5.0,8.0,9,1.0,7,IMG_20250915_190231.jpg
2025-09-15 19:12:41,5.0,7.0,8,3.0,7,IMG_20250915_191241.jpg
2025-09-15 19:22:52,6.0,9.0,10,2.0,7,IMG_20250915_192252.jpg
2025-09-15 19:33:04,6.0,7.0,8,2.0,8,IMG_20250915_193304.jpg
2025-09-15 19:43:14,6.0,7.0,8,2.0,7,IMG_20250915_194314.jpg
2025-09-15 19:53:26,5.0,8.0,9,0.0,10,IMG_20250915_195326.jpg
2025-09-15 20:03:37,5.0,7.0,8,2.0,7,IMG_20250915_200337.jpg
2025-09-15 20:13:48,8.0,6.0,7,3.0,10,IMG_20250915_201348.jpg
2025-09-15 20:24:00,6.0,8.0,9,2.0,7,IMG_20250915_202400.jpg
2025-09-15 20:34:13,7.0,7.0,8,2.0,9,IMG_20250915_203413.jpg
2025-09-15 20:44:23,3.0,7.0,8,2.0,8,IMG_20250915_204423.jpg
2025-09-15 20:54:35,4.0,7.0,8,2.0,8,IMG_20250915_205435.jpg
2025-09-15 21:04:46,6.0,7.0,8,3.0,9,IMG_20250915_210446.jpg
2025-09-15 21:14:57,2.0,7.0,8,3.0,8,IMG_20250915_211457.jpg
2025-09-15 21:25:08,3.0,7.0,8,2.0,7,IMG_20250915_212508.jpg
2025-09-15 21:35:18,1.0,7.0,8,1.0,5,IMG_20250915_213518.jpg
2025-09-15 21:45:30,1.0,7.0,8,0.0,8,IMG_20250915_214530.jpg
2025-09-15 21:55:40,0.0,7.0,8,0.0,8,IMG_20250915_215540.jpg
2025-09-15 22:05:51,2.0,7.0,8,1.0,7,IMG_20250915_220551.jpg
2025-09-15 22:16:00,6.0,8.0,8,3.0,6,IMG_20250915_221600.jpg
2025-09-15 22:26:11,5.0,9.0,9,0.0,10,IMG_20250915_222611.jpg
2025-09-15 22:36:20,5.0,9.0,9,2.0,6,IMG_20250915_223620.jpg
2025-09-15 22:46:30,4.0,9.0,9,1.0,7,IMG_20250915_224630.jpg
2025-09-15 22:56:40,6.0,8.0,9,2.0,8,IMG_20250915_225640.jpg
2025-09-16 12:22:05,1.0,1.0,1,0.0,2,IMG_20250916_122205.jpg
2025-09-16 12:32:19,14.0,8.0,8,1.0,4,IMG_20250916_123219.jpg
2025-09-16 12:42:29,14.0,9.0,10,2.0,7,IMG_20250916_124229.jpg
2025-09-16 12:52:39,11.0,10.0,11,1.0,6,IMG_20250916_125239.jpg
2025-09-16 13:02:50,12.0,6.0,8,3.0,6,IMG_20250916_130250.jpg
2025-09-16 13:13:00,12.0,8.0,10,2.0,5,IMG_20250916_131300.jpg
2025-09-16 13:23:11,13.0,7.0,9,2.0,6,IMG_20250916_132311.jpg
2025-09-16 13:33:24,12.0,7.0,9,1.0,7,IMG_20250916_133324.jpg
2025-09-16 13:43:34,12.0,8.0,9,0.0,8,IMG_20250916_134334.jpg
2025-09-16 13:53:45,12.0,7.0,8,2.0,9,IMG_20250916_135345.jpg
2025-09-16 14:03:55,9.0,8.0,9,1.0,8,IMG_20250916_140355.jpg
2025-09-16 14:14:06,12.0,8.0,10,0.0,8,IMG_20250916_141406.jpg
2025-09-16 14:24:16,9.0,10.0,13,1.0,7,IMG_20250916_142416.jpg
2025-09-16 14:34:39,8.0,8.0,9,1.0,10,IMG_20250916_143439.jpg
2025-09-16 14:44:50,9.0,8.0,11,2.0,9,IMG_20250916_144450.jpg
2025-09-16 14:55:00,9.0,9.0,9,3.0,10,IMG_20250916_145500.jpg
2025-09-16 15:05:11,9.0,10.0,10,6.0,14,IMG_20250916_150511.jpg
2025-09-16 15:15:22,8.0,8.0,8,5.0,10,IMG_20250916_151522.jpg
2025-09-16 15:25:33,10.0,8.0,9,3.0,7,IMG_20250916_152533.jpg
2025-09-16 15:35:46,10.0,11.0,12,2.0,7,IMG_20250916_153546.jpg
2025-09-16 15:45:58,10.0,10.0,10,4.0,10,IMG_20250916_154558.jpg
2025-09-16 15:56:12,4.0,4.0,8,2.0,11,IMG_20250916_155612.jpg
2025-09-16 16:06:22,4.0,4.0,8,2.0,9,IMG_20250916_160622.jpg
2025-09-16 16:16:33,2.0,4.0,8,1.0,8,IMG_20250916_161633.jpg
2025-09-16 16:26:42,4.0,4.0,8,2.0,8,IMG_20250916_162642.jpg
2025-09-16 16:36:53,4.0,6.0,10,3.0,9,IMG_20250916_163653.jpg
2025-09-16 16:47:03,3.0,6.0,9,2.0,9,IMG_20250916_164703.jpg
2025-09-16 16:57:13,4.0,5.0,7,1.0,8,IMG_20250916_165713.jpg
2025-09-16 17:07:23,1.0,5.0,8,1.0,7,IMG_20250916_170723.jpg
2025-09-16 17:17:33,1.0,5.0,8,1.0,8,IMG_20250916_171733.jpg
2025-09-16 17:27:43,4.0,9.0,10,2.0,9,IMG_20250916_172743.jpg
2025-09-16 17:37:55,9.0,8.0,9,2.0,6,IMG_20250916_173755.jpg
2025-09-16 17:48:07,9.0,7.0,8,1.0,8,IMG_20250916_174807.jpg
2025-09-16 17:58:17,2.0,5.0,8,0.0,8,IMG_20250916_175817.jpg
2025-09-16 18:08:28,1.0,8.0,11,0.0,9,IMG_20250916_180828.jpg
2025-09-16 18:18:38,1.0,7.0,10,0.0,10,IMG_20250916_181838.jpg
2025-09-16 18:28:49,1.0,6.0,10,0.0,10,IMG_20250916_182849.jpg
2025-09-16 18:39:01,1.0,7.0,11,0.0,10,IMG_20250916_183901.jpg
2025-09-16 18:49:12,1.0,7.0,11,0.0,10,IMG_20250916_184912.jpg
2025-09-16 18:59:23,1.0,4.0,8,0.0,10,IMG_20250916_185923.jpg
2025-09-16 19:09:33,1.0,6.0,10,0.0,10,IMG_20250916_190933.jpg
2025-09-16 19:19:43,1.0,5.0,9,0.0,11,IMG_20250916_191943.jpg
2025-09-16 19:29:53,5.0,5.0,7,0.0,9,IMG_20250916_192953.jpg
2025-09-16 19:40:05,2.0,7.0,9,0.0,9,IMG_20250916_194005.jpg
2025-09-16 19:50:15,5.0,5.0,6,0.0,9,IMG_20250916_195015.jpg
2025-09-16 20:00:24,6.0,9.0,10,0.0,7,IMG_20250916_200024.jpg
2025-09-16 20:10:35,5.0,7.0,8,1.0,7,IMG_20250916_201035.jpg
2025-09-16 20:20:44,4.0,7.0,8,0.0,6,IMG_20250916_202044.jpg
2025-09-16 20:30:54,5.0,7.0,8,1.0,7,IMG_20250916_203054.jpg
2025-09-16 20:41:05,5.0,8.0,9,0.0,12,IMG_20250916_204105.jpg
2025-09-16 20:51:15,5.0,9.0,9,2.0,8,IMG_20250916_205115.jpg
2025-09-16 21:01:26,5.0,13.0,13,0.0,8,IMG_20250916_210126.jpg
2025-09-16 21:11:36,7.0,10.0,11,2.0,9,IMG_20250916_211136.jpg
2025-09-16 21:21:46,7.0,12.0,13,3.0,9,IMG_20250916_212146.jpg
2025-09-16 21:31:56,6.0,8.0,8,0.0,6,IMG_20250916_213156.jpg
2025-09-16 21:42:07,6.0,8.0,8,0.0,7,IMG_20250916_214207.jpg
2025-09-16 21:52:19,3.0,9.0,9,1.0,7,IMG_20250916_215219.jpg
2025-09-16 22:02:28,5.0,8.0,9,0.0,7,IMG_20250916_220228.jpg
2025-09-16 22:12:38,6.0,9.0,10,0.0,8,IMG_20250916_221238.jpg
2025-09-16 22:22:48,6.0,10.0,11,2.0,9,IMG_20250916_222248.jpg
2025-09-16 22:32:58,5.0,11.0,12,0.0,8,IMG_20250916_223258.jpg
2025-09-16 22:43:09,6.0,10.0,11,2.0,8,IMG_20250916_224309.jpg
2025-09-16 22:53:18,5.0,10.0,11,1.0,9,IMG_20250916_225318.jpg
2025-09-17 07:10:03,3.0,5.0,8,0.0,0,IMG_20251001_071003.jpg
2025-09-17 07:20:16,1.0,4.0,7,0.0,1,IMG_20251001_072016.jpg
2025-09-17 07:30:27,2.0,4.0,7,0.0,1,IMG_20251001_073027.jpg
2025-09-17 07:40:37,3.0,5.0,8,0.0,1,IMG_20251001_074037.jpg
2025-09-17 07:50:49,4.0,4.0,7,0.0,1,IMG_20251001_075049.jpg
2025-09-17 08:00:59,4.0,5.0,8,0.0,1,IMG_20251001_080059.jpg
2025-09-17 08:11:09,3.0,4.0,7,0.0,1,IMG_20251001_081109.jpg
2025-09-17 08:21:21,0.0,3.0,7,0.0,4,IMG_20251001_082121.jpg
2025-09-17 08:31:33,0.0,3.0,7,0.0,3,IMG_20251001_083133.jpg
2025-09-17 08:41:47,0.0,3.0,7,0.0,3,IMG_20251001_084147.jpg
2025-09-17 08:51:59,0.0,3.0,7,0.0,1,IMG_20251001_085159.jpg
2025-09-17 09:02:11,0.0,3.0,7,0.0,2,IMG_20251001_090211.jpg
2025-09-17 09:12:23,0.0,3.0,7,0.0,2,IMG_20251001_091223.jpg
2025-09-17 09:22:35,0.0,3.0,7,0.0,2,IMG_20251001_092235.jpg
2025-09-17 09:32:46,0.0,3.0,7,0.0,3,IMG_20251001_093246.jpg
2025-09-17 09:42:56,0.0,4.0,8,0.0,2,IMG_20251001_094256.jpg
2025-09-17 09:53:09,1.0,2.0,7,0.0,4,IMG_20251001_095309.jpg
2025-09-17 10:03:22,1.0,2.0,7,0.0,3,IMG_20251001_100322.jpg
2025-09-17 10:13:33,1.0,2.0,7,0.0,3,IMG_20251001_101333.jpg
2025-09-17 10:23:45,1.0,2.0,7,0.0,3,IMG_20251001_102345.jpg
2025-09-17 10:33:57,1.0,2.0,7,0.0,3,IMG_20251001_103357.jpg
2025-09-17 10:44:08,1.0,2.0,7,0.0,3,IMG_20251001_104408.jpg
2025-09-17 10:54:21,1.0,2.0,7,0.0,1,IMG_20251001_105421.jpg
2025-09-17 11:04:38,7.0,5.0,7,1.0,3,IMG_20251001_110438.jpg
2025-09-17 11:14:48,6.0,4.0,7,2.0,3,IMG_20251001_111448.jpg
2025-09-17 11:25:00,7.0,6.0,9,1.0,4,IMG_20251001_112500.jpg
2025-09-17 11:35:12,3.0,5.0,8,0.0,3,IMG_20251001_113512.jpg
2025-09-17 11:45:23,4.0,6.0,9,0.0,3,IMG_20251001_114523.jpg
2025-09-17 11:55:34,3.0,5.0,8,1.0,6,IMG_20251001_115534.jpg
2025-09-17 12:05:44,0.0,5.0,8,0.0,4,IMG_20251001_120544.jpg
2025-09-17 12:15:55,0.0,5.0,8,0.0,4,IMG_20251001_121555.jpg
2025-09-17 12:26:06,5.0,5.0,8,1.0,4,IMG_20251001_122606.jpg
2025-09-17 12:36:17,6.0,5.0,8,3.0,4,IMG_20251001_123617.jpg
2025-09-17 12:46:28,11.0,7.0,8,2.0,6,IMG_20251001_124628.jpg
2025-09-17 12:56:40,10.0,7.0,8,1.0,7,IMG_20251001_125640.jpg
2025-09-17 13:06:51,12.0,6.0,8,3.0,8,IMG_20251001_130651.jpg
2025-09-17 13:17:04,8.0,6.0,8,1.0,9,IMG_20251001_131704.jpg
2025-09-17 13:27:14,9.0,5.0,7,2.0,8,IMG_20251001_132714.jpg
2025-09-17 13:37:27,9.0,6.0,7,1.0,5,IMG_20251001_133727.jpg
2025-09-17 13:47:37,8.0,7.0,8,3.0,9,IMG_20251001_134737.jpg
2025-09-17 13:57:50,10.0,7.0,8,0.0,6,IMG_20251001_135750.jpg
2025-09-17 14:08:01,13.0,7.0,8,1.0,7,IMG_20251001_140801.jpg
2025-09-17 14:18:12,8.0,11.0,10,2.0,9,IMG_20251001_141812.jpg
2025-09-17 14:28:22,8.0,7.0,7,3.0,6,IMG_20251001_142822.jpg
2025-09-17 14:38:34,9.0,8.0,8,1.0,4,IMG_20251001_143834.jpg
2025-09-17 14:48:45,9.0,8.0,8,2.0,5,IMG_20251001_144845.jpg
2025-09-17 14:58:58,9.0,9.0,9,1.0,5,IMG_20251001_145858.jpg
2025-09-17 15:09:09,10.0,7.0,7,1.0,6,IMG_20251001_150909.jpg
2025-09-17 15:19:20,10.0,8.0,8,2.0,7,IMG_20251001_151920.jpg
2025-09-17 15:29:32,8.0,7.0,8,1.0,5,IMG_20251001_152932.jpg
2025-09-17 15:39:44,10.0,7.0,8,5.0,8,IMG_20251001_153944.jpg
2025-09-17 15:49:55,11.0,8.0,8,4.0,9,IMG_20251001_154955.jpg
2025-09-17 16:00:07,6.0,7.0,8,2.0,7,IMG_20251001_160007.jpg
2025-09-17 16:10:18,5.0,6.0,7,3.0,4,IMG_20251001_161018.jpg
2025-09-17 16:20:29,9.0,8.0,8,2.0,8,IMG_20251001_162029.jpg
2025-09-17 16:30:39,11.0,7.0,7,6.0,8,IMG_20251001_163039.jpg
2025-09-17 16:40:51,6.0,6.0,7,1.0,7,IMG_20251001_164051.jpg
2025-09-17 16:51:01,5.0,7.0,8,0.0,5,IMG_20251001_165101.jpg
2025-09-17 17:01:12,6.0,6.0,7,0.0,5,IMG_20251001_170112.jpg
2025-09-17 17:11:24,6.0,6.0,7,0.0,5,IMG_20251001_171124.jpg
2025-09-17 17:21:36,5.0,6.0,7,1.0,5,IMG_20251001_172136.jpg
2025-09-17 17:31:47,4.0,8.0,9,0.0,7,IMG_20251001_173147.jpg
2025-09-17 17:41:58,4.0,7.0,8,0.0,5,IMG_20251001_174158.jpg
2025-09-17 17:52:10,2.0,6.0,7,0.0,5,IMG_20251001_175210.jpg
2025-09-17 18:02:23,0.0,5.0,7,0.0,6,IMG_20251001_180223.jpg
2025-09-17 18:12:34,0.0,5.0,7,0.0,6,IMG_20251001_181234.jpg
2025-09-17 18:22:45,1.0,5.0,7,0.0,6,IMG_20251001_182245.jpg
2025-09-17 18:32:56,0.0,5.0,7,0.0,7,IMG_20251001_183256.jpg
2025-09-17 18:43:06,0.0,3.0,7,0.0,6,IMG_20251001_184306.jpg
2025-09-17 18:53:17,0.0,3.0,7,0.0,7,IMG_20251001_185317.jpg
2025-09-17 19:03:28,0.0,3.0,7,0.0,6,IMG_20251001_190328.jpg
2025-09-17 19:13:39,0.0,3.0,7,0.0,7,IMG_20251001_191339.jpg
2025-09-17 19:23:51,0.0,3.0,7,0.0,6,IMG_20251001_192351.jpg
2025-09-17 19:34:02,0.0,3.0,7,0.0,7,IMG_20251001_193402.jpg
2025-09-17 19:44:13,5.0,4.0,7,1.0,4,IMG_20251001_194413.jpg
2025-09-17 19:54:24,5.0,4.0,7,1.0,5,IMG_20251001_195424.jpg
2025-09-17 20:04:36,4.0,4.0,7,0.0,4,IMG_20251001_200436.jpg
2025-09-17 20:14:47,4.0,5.0,8,0.0,6,IMG_20251001_201447.jpg
2025-09-17 20:24:58,5.0,3.0,7,1.0,4,IMG_20251001_202458.jpg
2025-09-17 20:35:09,5.0,3.0,7,0.0,4,IMG_20251001_203509.jpg
2025-09-17 20:45:21,5.0,3.0,7,4.0,7,IMG_20251001_204521.jpg
2025-09-17 20:55:31,3.0,3.0,7,1.0,6,IMG_20251001_205531.jpg
2025-09-17 21:05:46,4.0,3.0,7,1.0,3,IMG_20251001_210546.jpg
2025-09-17 21:15:57,6.0,4.0,7,3.0,5,IMG_20251001_211557.jpg
2025-09-17 21:26:09,6.0,3.0,7,1.0,5,IMG_20251001_212609.jpg
2025-09-17 21:36:20,4.0,4.0,8,0.0,5,IMG_20251001_213620.jpg
2025-09-17 21:46:31,4.0,3.0,8,0.0,3,IMG_20251001_214631.jpg
2025-09-17 21:56:41,5.0,3.0,7,1.0,5,IMG_20251001_215641.jpg
2025-09-17 22:06:53,6.0,3.0,7,1.0,5,IMG_20251001_220653.jpg
2025-09-17 22:17:04,5.0,5.0,9,0.0,4,IMG_20251001_221704.jpg
2025-09-17 22:27:15,6.0,4.0,8,2.0,4,IMG_20251001_222715.jpg
2025-09-17 22:37:25,5.0,3.0,7,3.0,7,IMG_20251001_223725.jpg
2025-09-17 22:47:35,5.0,3.0,8,2.0,5,IMG_20251001_224735.jpg
2025-09-17 22:57:47,3.0,4.0,8,0.0,6,IMG_20251001_225747.jpg
2025-09-18 09:55:13,1.0,0.0,0,0.0,0,IMG_20250918_095513.jpg
2025-09-18 10:05:24,2.0,0.0,0,0.0,9,IMG_20250918_100524.jpg
2025-09-18 10:15:35,0.0,0.0,0,0.0,0,IMG_20250918_101535.jpg
2025-09-18 10:25:45,3.0,4.0,8,2.0,8,IMG_20250918_102545.jpg
2025-09-18 10:35:57,3.0,4.0,8,2.0,7,IMG_20250918_103557.jpg
2025-09-18 10:46:08,4.0,3.0,6,3.0,8,IMG_20250918_104608.jpg
2025-09-18 10:56:19,3.0,3.0,5,0.0,5,IMG_20250918_105619.jpg
2025-09-18 11:06:31,1.0,4.0,6,0.0,5,IMG_20250918_110631.jpg
2025-09-18 11:16:41,1.0,4.0,6,0.0,4,IMG_20250918_111641.jpg
2025-09-18 11:26:51,2.0,4.0,7,0.0,6,IMG_20250918_112651.jpg
2025-09-18 11:37:03,4.0,4.0,8,1.0,6,IMG_20250918_113703.jpg
2025-09-18 11:47:15,5.0,6.0,9,2.0,8,IMG_20250918_114715.jpg
2025-09-18 11:57:27,5.0,5.0,7,3.0,6,IMG_20250918_115727.jpg
2025-09-18 12:07:38,1.0,5.0,7,0.0,6,IMG_20250918_120738.jpg
2025-09-18 12:17:50,1.0,7.0,9,0.0,4,IMG_20250918_121750.jpg
2025-09-18 12:28:01,1.0,5.0,7,0.0,4,IMG_20250918_122801.jpg
2025-09-18 12:38:11,1.0,5.0,7,0.0,4,IMG_20250918_123811.jpg
2025-09-18 12:48:22,1.0,5.0,6,0.0,4,IMG_20250918_124822.jpg
2025-09-18 12:58:34,1.0,5.0,6,0.0,4,IMG_20250918_125834.jpg
2025-09-18 13:08:45,2.0,5.0,5,2.0,6,IMG_20250918_130845.jpg
2025-09-18 13:18:55,2.0,5.0,5,0.0,3,IMG_20250918_131855.jpg
2025-09-18 13:29:07,7.0,7.0,7,0.0,3,IMG_20250918_132907.jpg
2025-09-18 13:39:18,10.0,6.0,6,0.0,3,IMG_20250918_133918.jpg
2025-09-18 13:49:28,10.0,7.0,7,0.0,3,IMG_20250918_134928.jpg
2025-09-18 13:59:39,6.0,6.0,6,2.0,4,IMG_20250918_135939.jpg
2025-09-18 14:09:49,4.0,5.0,5,1.0,5,IMG_20250918_140949.jpg
2025-09-18 14:19:59,3.0,5.0,5,0.0,2,IMG_20250918_141959.jpg
2025-09-18 14:30:11,3.0,5.0,5,0.0,2,IMG_20250918_143011.jpg
2025-09-18 14:40:21,4.0,5.0,5,1.0,3,IMG_20250918_144021.jpg
2025-09-18 14:50:34,4.0,5.0,5,1.0,4,IMG_20250918_145034.jpg
2025-09-18 15:00:44,5.0,5.0,5,2.0,9,IMG_20250918_150044.jpg
2025-09-18 15:10:55,3.0,5.0,5,1.0,6,IMG_20250918_151055.jpg
2025-09-18 15:21:05,7.0,5.0,5,2.0,8,IMG_20250918_152105.jpg
2025-09-18 15:31:15,5.0,5.0,5,2.0,7,IMG_20250918_153115.jpg
2025-09-18 15:41:25,8.0,5.0,5,3.0,9,IMG_20250918_154125.jpg
2025-09-18 15:51:35,7.0,5.0,5,3.0,7,IMG_20250918_155135.jpg
2025-09-18 16:01:45,4.0,5.0,5,2.0,8,IMG_20250918_160145.jpg
2025-09-18 16:11:57,6.0,5.0,5,3.0,9,IMG_20250918_161157.jpg
2025-09-18 16:22:08,5.0,5.0,5,3.0,9,IMG_20250918_162208.jpg
2025-09-18 16:32:21,5.0,5.0,5,3.0,6,IMG_20250918_163221.jpg
2025-09-18 16:42:39,5.0,5.0,5,2.0,10,IMG_20250918_164239.jpg
2025-09-18 16:52:55,5.0,6.0,6,2.0,8,IMG_20250918_165255.jpg
2025-09-18 17:03:06,3.0,5.0,5,1.0,8,IMG_20250918_170306.jpg
2025-09-18 17:13:17,3.0,4.0,6,0.0,9,IMG_20250918_171317.jpg
2025-09-18 17:23:28,3.0,6.0,8,0.0,8,IMG_20250918_172328.jpg
2025-09-18 17:33:37,5.0,3.0,5,0.0,8,IMG_20250918_173337.jpg
2025-09-18 17:43:47,4.0,3.0,5,0.0,9,IMG_20250918_174347.jpg
2025-09-18 17:53:58,5.0,3.0,5,0.0,9,IMG_20250918_175358.jpg
2025-09-18 18:04:07,2.0,4.0,6,0.0,8,IMG_20250918_180407.jpg
2025-09-18 18:14:19,3.0,5.0,7,0.0,8,IMG_20250918_181419.jpg
2025-09-18 18:24:30,4.0,4.0,6,0.0,8,IMG_20250918_182430.jpg
2025-09-18 18:34:40,4.0,4.0,6,0.0,10,IMG_20250918_183440.jpg
2025-09-18 18:44:50,3.0,2.0,4,0.0,7,IMG_20250918_184450.jpg
2025-09-18 18:54:59,5.0,3.0,5,0.0,5,IMG_20250918_185459.jpg
2025-09-18 19:05:09,1.0,5.0,6,0.0,6,IMG_20250918_190509.jpg
2025-09-18 19:15:20,2.0,5.0,6,1.0,6,IMG_20250918_191520.jpg
2025-09-18 19:25:30,1.0,8.0,9,0.0,6,IMG_20250918_192530.jpg
2025-09-18 19:35:40,3.0,5.0,6,1.0,6,IMG_20250918_193540.jpg
2025-09-18 19:45:50,2.0,4.0,6,1.0,7,IMG_20250918_194550.jpg
2025-09-18 19:56:03,2.0,4.0,6,1.0,7,IMG_20250918_195603.jpg
2025-09-18 20:06:15,2.0,4.0,6,1.0,6,IMG_20250918_200615.jpg
2025-09-18 20:16:25,1.0,4.0,6,0.0,5,IMG_20250918_201625.jpg
2025-09-18 20:26:35,4.0,6.0,7,1.0,8,IMG_20250918_202635.jpg
2025-09-18 20:36:44,5.0,6.0,7,0.0,5,IMG_20250918_203644.jpg
2025-09-18 20:46:54,5.0,6.0,7,1.0,6,IMG_20250918_204654.jpg
2025-09-18 20:57:04,7.0,6.0,7,0.0,4,IMG_20250918_205704.jpg
2025-09-18 21:07:17,4.0,9.0,10,0.0,4,IMG_20250918_210717.jpg
2025-09-18 21:17:27,3.0,6.0,7,1.0,7,IMG_20250918_211727.jpg
2025-09-18 21:27:37,6.0,7.0,8,1.0,5,IMG_20250918_212737.jpg
2025-09-18 21:37:47,7.0,6.0,7,0.0,5,IMG_20250918_213747.jpg
2025-09-18 21:47:58,7.0,6.0,7,0.0,6,IMG_20250918_214758.jpg
2025-09-18 21:58:13,5.0,7.0,7,0.0,7,IMG_20250918_215813.jpg
2025-09-18 22:08:22,5.0,8.0,8,0.0,7,IMG_20250918_220822.jpg
2025-09-18 22:18:33,4.0,6.0,7,1.0,7,IMG_20250918_221833.jpg
2025-09-18 22:28:43,6.0,7.0,7,0.0,7,IMG_20250918_222843.jpg
2025-09-18 22:38:54,4.0,6.0,8,0.0,6,IMG_20250918_223854.jpg
2025-09-18 22:49:06,4.0,7.0,9,0.0,7,IMG_20250918_224906.jpg
2025-09-18 22:59:18,3.0,4.0,7,0.0,7,IMG_20250918_225918.jpg
2025-09-19 10:02:16,1.0,0.0,0,0.0,0,IMG_20250926_100216.jpg
2025-09-19 10:03:49,1.0,0.0,0,0.0,0,IMG_20250926_100349.jpg
2025-09-19 10:14:00,4.0,5.0,8,1.0,3,IMG_20250926_101400.jpg
2025-09-19 10:24:11,2.0,4.0,8,0.0,6,IMG_20250926_102411.jpg
2025-09-19 10:34:22,4.0,4.0,8,0.0,6,IMG_20250926_103422.jpg
2025-09-19 10:44:33,2.0,5.0,8,0.0,9,IMG_20250926_104433.jpg
2025-09-19 10:54:44,2.0,5.0,8,0.0,7,IMG_20250926_105444.jpg
2025-09-19 11:04:55,3.0,5.0,8,0.0,8,IMG_20250926_110455.jpg
2025-09-19 11:15:06,0.0,2.0,8,0.0,4,IMG_20250926_111506.jpg
2025-09-19 11:25:16,1.0,2.0,7,0.0,6,IMG_20250926_112516.jpg
2025-09-19 11:35:32,1.0,3.0,8,0.0,5,IMG_20250926_113532.jpg
2025-09-19 11:45:43,1.0,4.0,8,0.0,7,IMG_20250926_114543.jpg
2025-09-19 11:55:54,3.0,7.0,10,0.0,6,IMG_20250926_115554.jpg
2025-09-19 12:06:05,5.0,6.0,8,0.0,6,IMG_20250926_120605.jpg
2025-09-19 12:16:18,5.0,6.0,8,0.0,6,IMG_20250926_121618.jpg
2025-09-19 12:26:28,6.0,6.0,8,0.0,5,IMG_20250926_122628.jpg
2025-09-19 12:36:38,7.0,5.0,7,0.0,6,IMG_20250926_123638.jpg
2025-09-19 12:46:49,3.0,5.0,8,0.0,6,IMG_20250926_124649.jpg
2025-09-19 12:57:01,3.0,3.0,8,0.0,4,IMG_20250926_125701.jpg
2025-09-19 13:07:12,3.0,3.0,8,1.0,9,IMG_20250926_130712.jpg
2025-09-19 13:17:24,0.0,2.0,8,0.0,9,IMG_20250926_131724.jpg
2025-09-19 13:27:38,0.0,2.0,8,0.0,7,IMG_20250926_132738.jpg
2025-09-19 13:37:50,0.0,2.0,8,0.0,9,IMG_20250926_133750.jpg
2025-09-19 13:48:01,0.0,2.0,8,0.0,8,IMG_20250926_134801.jpg
2025-09-19 13:58:13,0.0,2.0,8,0.0,7,IMG_20250926_135813.jpg
2025-09-19 14:08:26,0.0,2.0,8,0.0,8,IMG_20250926_140826.jpg
2025-09-19 14:18:39,0.0,2.0,8,0.0,9,IMG_20250926_141839.jpg
2025-09-19 14:28:52,0.0,2.0,8,0.0,7,IMG_20250926_142852.jpg
2025-09-19 14:39:03,0.0,2.0,9,0.0,6,IMG_20250926_143903.jpg
2025-09-19 14:49:13,0.0,2.0,8,0.0,8,IMG_20250926_144913.jpg
2025-09-19 14:59:24,0.0,2.0,8,0.0,8,IMG_20250926_145924.jpg
2025-09-19 15:09:34,0.0,2.0,9,0.0,6,IMG_20250926_150934.jpg
2025-09-19 15:19:45,0.0,2.0,9,0.0,5,IMG_20250926_151945.jpg
2025-09-19 15:29:57,0.0,2.0,9,0.0,6,IMG_20250926_152957.jpg
2025-09-19 15:40:08,0.0,2.0,9,0.0,6,IMG_20250926_154008.jpg
2025-09-19 15:50:21,4.0,2.0,8,0.0,4,IMG_20250926_155021.jpg
2025-09-19 16:00:31,3.0,2.0,8,0.0,6,IMG_20250926_160031.jpg
2025-09-19 16:10:42,6.0,5.0,9,1.0,7,IMG_20250926_161042.jpg
2025-09-19 16:20:55,7.0,5.0,8,3.0,6,IMG_20250926_162055.jpg
2025-09-19 16:31:06,6.0,5.0,8,0.0,7,IMG_20250926_163106.jpg
2025-09-19 16:41:16,6.0,5.0,8,0.0,5,IMG_20250926_164116.jpg
2025-09-19 16:51:26,6.0,5.0,8,0.0,5,IMG_20250926_165126.jpg
2025-09-19 17:01:37,7.0,5.0,8,0.0,6,IMG_20250926_170137.jpg
2025-09-19 17:11:47,6.0,6.0,8,1.0,7,IMG_20250926_171147.jpg
2025-09-19 17:21:57,6.0,6.0,8,1.0,8,IMG_20250926_172157.jpg
2025-09-19 17:32:08,6.0,6.0,8,2.0,7,IMG_20250926_173208.jpg
2025-09-19 17:42:18,5.0,6.0,8,1.0,6,IMG_20250926_174218.jpg
2025-09-19 17:52:28,4.0,6.0,8,0.0,7,IMG_20250926_175228.jpg
2025-09-19 18:02:40,4.0,6.0,8,0.0,6,IMG_20250926_180240.jpg
2025-09-19 18:12:50,4.0,6.0,8,0.0,6,IMG_20250926_181250.jpg
2025-09-19 18:23:01,5.0,6.0,7,0.0,6,IMG_20250926_182301.jpg
2025-09-19 18:33:12,5.0,8.0,9,0.0,6,IMG_20250926_183312.jpg
2025-09-19 18:43:23,5.0,4.0,7,2.0,8,IMG_20250926_184323.jpg
2025-09-19 18:53:34,1.0,5.0,7,0.0,5,IMG_20250926_185334.jpg
2025-09-19 19:03:45,3.0,5.0,7,0.0,5,IMG_20250926_190345.jpg
2025-09-19 19:13:57,2.0,5.0,7,0.0,6,IMG_20250926_191357.jpg
2025-09-19 19:24:09,4.0,5.0,6,0.0,6,IMG_20250926_192409.jpg
2025-09-19 19:34:20,3.0,6.0,7,0.0,6,IMG_20250926_193420.jpg
2025-09-19 19:44:36,6.0,5.0,7,0.0,7,IMG_20250926_194436.jpg
2025-09-19 19:54:47,3.0,6.0,9,0.0,7,IMG_20250926_195447.jpg
2025-09-19 20:04:57,4.0,5.0,7,0.0,6,IMG_20250926_200457.jpg
2025-09-19 20:15:09,2.0,5.0,7,0.0,8,IMG_20250926_201509.jpg
2025-09-19 20:25:20,2.0,5.0,7,0.0,7,IMG_20250926_202520.jpg
2025-09-19 20:35:41,1.0,8.0,10,0.0,6,IMG_20250926_203541.jpg
2025-09-19 20:45:56,2.0,5.0,7,0.0,7,IMG_20250926_204556.jpg
2025-09-19 20:56:09,1.0,5.0,7,0.0,6,IMG_20250926_205609.jpg
2025-09-19 21:06:20,3.0,5.0,7,0.0,6,IMG_20250926_210620.jpg
2025-09-19 21:16:32,2.0,5.0,7,0.0,8,IMG_20250926_211632.jpg
2025-09-19 21:26:43,2.0,5.0,7,0.0,7,IMG_20250926_212643.jpg
2025-09-19 21:36:53,0.0,5.0,7,0.0,7,IMG_20250926_213653.jpg
2025-09-19 21:47:03,2.0,5.0,7,0.0,7,IMG_20250926_214703.jpg
2025-09-19 21:57:14,1.0,6.0,7,0.0,6,IMG_20250926_215714.jpg
2025-09-19 22:07:25,1.0,5.0,7,0.0,4,IMG_20250926_220725.jpg
2025-09-19 22:17:37,1.0,7.0,8,0.0,1,IMG_20250926_221737.jpg
2025-09-19 22:27:48,2.0,5.0,7,0.0,5,IMG_20250926_222748.jpg
2025-09-19 22:38:00,2.0,8.0,10,0.0,3,IMG_20250926_223800.jpg
2025-09-19 22:48:10,2.0,5.0,7,0.0,2,IMG_20250926_224810.jpg
2025-09-19 22:58:24,2.0,7.0,9,0.0,3,IMG_20250926_225824.jpg
2025-09-20 07:08:15,0.0,2.0,7,0.0,8,IMG_20250927_070815.jpg
2025-09-20 07:18:29,0.0,2.0,7,0.0,7,IMG_20250927_071829.jpg
2025-09-20 07:28:40,0.0,2.0,7,0.0,6,IMG_20250927_072840.jpg
2025-09-20 07:38:52,0.0,2.0,7,0.0,7,IMG_20250927_073852.jpg
2025-09-20 07:49:04,0.0,2.0,7,0.0,7,IMG_20250927_074904.jpg
2025-09-20 07:59:18,0.0,2.0,7,0.0,8,IMG_20250927_075918.jpg
2025-09-20 08:09:29,0.0,2.0,7,0.0,8,IMG_20250927_080929.jpg
2025-09-20 08:19:42,0.0,1.0,7,0.0,7,IMG_20250927_081942.jpg
2025-09-20 08:29:54,0.0,2.0,7,0.0,6,IMG_20250927_082954.jpg
2025-09-20 08:40:06,0.0,2.0,7,0.0,8,IMG_20250927_084006.jpg
2025-09-20 08:50:18,0.0,2.0,7,0.0,7,IMG_20250927_085018.jpg
2025-09-20 09:00:29,0.0,2.0,7,0.0,9,IMG_20250927_090029.jpg
2025-09-20 09:10:41,0.0,2.0,7,0.0,7,IMG_20250927_091041.jpg
2025-09-20 09:20:53,0.0,2.0,7,0.0,6,IMG_20250927_092053.jpg
2025-09-20 09:31:03,0.0,2.0,7,0.0,6,IMG_20250927_093103.jpg
2025-09-20 09:41:15,0.0,2.0,7,0.0,8,IMG_20250927_094115.jpg
2025-09-20 09:51:27,0.0,2.0,7,0.0,7,IMG_20250927_095127.jpg
2025-09-20 10:01:38,0.0,2.0,7,0.0,6,IMG_20250927_100138.jpg
2025-09-20 10:11:49,0.0,2.0,7,0.0,9,IMG_20250927_101149.jpg
2025-09-20 10:22:03,0.0,2.0,7,0.0,8,IMG_20250927_102203.jpg
2025-09-20 10:32:14,0.0,2.0,7,0.0,6,IMG_20250927_103214.jpg
2025-09-20 10:42:26,0.0,2.0,7,0.0,8,IMG_20250927_104226.jpg
2025-09-20 10:52:38,0.0,2.0,7,0.0,9,IMG_20250927_105238.jpg
2025-09-20 11:02:51,0.0,2.0,7,0.0,6,IMG_20250927_110251.jpg
2025-09-20 11:13:02,0.0,2.0,7,0.0,5,IMG_20250927_111302.jpg
2025-09-20 11:23:13,0.0,2.0,7,0.0,7,IMG_20250927_112313.jpg
2025-09-20 11:33:24,0.0,2.0,7,0.0,7,IMG_20250927_113324.jpg
2025-09-20 11:43:36,0.0,2.0,7,0.0,6,IMG_20250927_114336.jpg
2025-09-20 11:53:47,0.0,2.0,7,0.0,7,IMG_20250927_115347.jpg
2025-09-20 12:03:57,0.0,2.0,7,0.0,7,IMG_20250927_120357.jpg
2025-09-20 12:14:07,0.0,2.0,7,0.0,6,IMG_20250927_121407.jpg
2025-09-20 12:24:18,0.0,2.0,7,0.0,6,IMG_20250927_122418.jpg
2025-09-20 12:34:29,0.0,2.0,7,0.0,5,IMG_20250927_123429.jpg
2025-09-20 12:44:44,0.0,2.0,7,0.0,7,IMG_20250927_124444.jpg
2025-09-20 12:54:56,0.0,2.0,7,0.0,6,IMG_20250927_125456.jpg
2025-09-20 13:05:09,0.0,2.0,7,0.0,6,IMG_20250927_130509.jpg
2025-09-20 13:15:19,0.0,2.0,7,0.0,5,IMG_20250927_131519.jpg
2025-09-20 13:25:30,0.0,2.0,7,0.0,8,IMG_20250927_132530.jpg
2025-09-20 13:35:41,0.0,2.0,7,0.0,5,IMG_20250927_133541.jpg
2025-09-20 13:45:52,0.0,2.0,7,0.0,6,IMG_20250927_134552.jpg
2025-09-20 13:56:02,0.0,2.0,7,0.0,5,IMG_20250927_135602.jpg
2025-09-20 14:06:14,0.0,2.0,7,0.0,6,IMG_20250927_140614.jpg
2025-09-20 14:16:24,0.0,2.0,7,0.0,6,IMG_20250927_141624.jpg
2025-09-20 14:26:34,0.0,2.0,7,0.0,5,IMG_20250927_142634.jpg
2025-09-20 14:36:46,0.0,2.0,7,0.0,6,IMG_20250927_143646.jpg
2025-09-20 14:46:58,0.0,2.0,7,0.0,5,IMG_20250927_144658.jpg
2025-09-20 14:57:08,0.0,1.0,7,0.0,8,IMG_20250927_145708.jpg
2025-09-20 15:07:25,0.0,2.0,7,0.0,6,IMG_20250927_150725.jpg
2025-09-20 15:17:37,0.0,2.0,7,0.0,5,IMG_20250927_151737.jpg
2025-09-20 15:27:48,0.0,2.0,7,0.0,6,IMG_20250927_152748.jpg
2025-09-20 15:38:00,0.0,2.0,7,0.0,5,IMG_20250927_153800.jpg
2025-09-20 15:48:12,0.0,1.0,7,0.0,5,IMG_20250927_154812.jpg
2025-09-20 15:58:23,0.0,1.0,7,0.0,5,IMG_20250927_155823.jpg
2025-09-20 16:08:34,0.0,1.0,7,0.0,5,IMG_20250927_160834.jpg
2025-09-20 16:18:47,0.0,2.0,7,0.0,4,IMG_20250927_161847.jpg
2025-09-20 16:28:57,0.0,1.0,7,0.0,5,IMG_20250927_162857.jpg
2025-09-20 16:39:09,0.0,1.0,7,0.0,5,IMG_20250927_163909.jpg
2025-09-20 16:49:24,0.0,1.0,7,0.0,5,IMG_20250927_164924.jpg
2025-09-20 16:59:35,0.0,1.0,7,0.0,5,IMG_20250927_165935.jpg
2025-09-20 17:09:47,0.0,1.0,7,0.0,5,IMG_20250927_170947.jpg
2025-09-20 17:20:00,0.0,3.0,7,0.0,5,IMG_20250927_172000.jpg
2025-09-20 17:30:11,0.0,3.0,7,0.0,5,IMG_20250927_173011.jpg
2025-09-20 17:40:23,0.0,3.0,7,0.0,5,IMG_20250927_174023.jpg
2025-09-20 17:50:34,1.0,5.0,7,0.0,4,IMG_20250927_175034.jpg
2025-09-20 18:00:45,1.0,5.0,7,0.0,4,IMG_20250927_180045.jpg
2025-09-20 18:10:56,1.0,5.0,7,0.0,4,IMG_20250927_181056.jpg
2025-09-20 18:21:13,4.0,7.0,8,0.0,3,IMG_20250927_182113.jpg
2025-09-20 18:31:23,7.0,8.0,8,0.0,2,IMG_20250927_183123.jpg
2025-09-20 18:41:33,5.0,8.0,8,0.0,3,IMG_20250927_184133.jpg
2025-09-20 18:51:47,6.0,8.0,8,1.0,3,IMG_20250927_185147.jpg
2025-09-20 19:01:58,5.0,8.0,8,0.0,2,IMG_20250927_190158.jpg
2025-09-20 19:12:09,10.0,8.0,8,1.0,5,IMG_20250927_191209.jpg
2025-09-20 19:22:20,8.0,8.0,8,2.0,4,IMG_20250927_192220.jpg
2025-09-20 19:32:31,8.0,8.0,8,1.0,4,IMG_20250927_193231.jpg
2025-09-20 19:42:42,9.0,8.0,8,1.0,4,IMG_20250927_194242.jpg
2025-09-20 19:52:53,10.0,8.0,8,1.0,3,IMG_20250927_195253.jpg
2025-09-20 20:03:05,8.0,8.0,8,0.0,4,IMG_20250927_200305.jpg
2025-09-20 20:13:17,8.0,8.0,8,0.0,4,IMG_20250927_201317.jpg
2025-09-20 20:23:28,7.0,8.0,8,1.0,4,IMG_20250927_202328.jpg
2025-09-20 20:33:37,9.0,8.0,8,2.0,6,IMG_20250927_203337.jpg
2025-09-20 20:43:47,7.0,8.0,8,2.0,5,IMG_20250927_204347.jpg
2025-09-20 20:53:58,7.0,8.0,8,4.0,6,IMG_20250927_205358.jpg
2025-09-20 21:04:10,6.0,8.0,8,3.0,5,IMG_20250927_210410.jpg
2025-09-20 21:14:23,6.0,8.0,8,2.0,6,IMG_20250927_211423.jpg
2025-09-20 21:24:33,8.0,8.0,8,5.0,7,IMG_20250927_212433.jpg
2025-09-20 21:34:43,11.0,9.0,9,6.0,6,IMG_20250927_213443.jpg
2025-09-20 21:44:54,9.0,8.0,8,4.0,11,IMG_20250927_214454.jpg
2025-09-20 21:55:04,7.0,7.0,9,0.0,7,IMG_20250927_215504.jpg
2025-09-20 22:05:16,6.0,4.0,8,1.0,5,IMG_20250927_220516.jpg
2025-09-20 22:15:27,7.0,5.0,9,2.0,8,IMG_20250927_221527.jpg
2025-09-20 22:25:36,6.0,7.0,9,0.0,5,IMG_20250927_222536.jpg
2025-09-20 22:35:48,6.0,7.0,10,1.0,6,IMG_20250927_223548.jpg
2025-09-20 22:45:59,5.0,7.0,9,0.0,6,IMG_20250927_224559.jpg
2025-09-20 22:56:09,7.0,8.0,9,0.0,6,IMG_20250927_225609.jpg
2025-09-21 07:05:09,0.0,3.0,8,0.0,6,IMG_20250928_070509.jpg
2025-09-21 07:15:20,0.0,3.0,8,0.0,6,IMG_20250928_071520.jpg
2025-09-21 07:25:30,0.0,3.0,8,0.0,6,IMG_20250928_072530.jpg
2025-09-21 07:35:41,0.0,3.0,8,0.0,7,IMG_20250928_073541.jpg
2025-09-21 07:45:52,0.0,3.0,8,0.0,7,IMG_20250928_074552.jpg
2025-09-21 07:56:02,0.0,3.0,8,0.0,6,IMG_20250928_075602.jpg
2025-09-21 08:06:15,0.0,3.0,8,0.0,6,IMG_20250928_080615.jpg
2025-09-21 08:16:27,0.0,3.0,8,0.0,6,IMG_20250928_081627.jpg
2025-09-21 08:26:39,0.0,3.0,8,0.0,8,IMG_20250928_082639.jpg
2025-09-21 08:36:52,0.0,3.0,8,0.0,6,IMG_20250928_083652.jpg
2025-09-21 08:47:03,0.0,3.0,8,0.0,5,IMG_20250928_084703.jpg
2025-09-22 10:00:22,2.0,0.0,0,0.0,0,IMG_20250915_100022.jpg
2025-09-22 10:02:53,4.0,8.0,7,0.0,3,IMG_20250915_100253.jpg
2025-09-22 10:13:03,2.0,8.0,8,0.0,3,IMG_20250915_101303.jpg
2025-09-22 10:23:13,4.0,8.0,8,1.0,5,IMG_20250915_102313.jpg
2025-09-22 10:33:25,3.0,5.0,8,1.0,7,IMG_20250915_103325.jpg
2025-09-22 10:43:35,4.0,5.0,8,2.0,5,IMG_20250915_104335.jpg
2025-09-22 10:53:45,6.0,9.0,8,2.0,6,IMG_20250915_105345.jpg
2025-09-22 11:03:56,8.0,9.0,8,1.0,3,IMG_20250915_110356.jpg
2025-09-22 11:14:14,16.0,8.0,8,3.0,3,IMG_20250915_111414.jpg
2025-09-22 11:24:24,12.0,8.0,8,3.0,4,IMG_20250915_112424.jpg
2025-09-22 11:34:35,14.0,8.0,8,1.0,5,IMG_20250915_113435.jpg
2025-09-22 11:44:46,13.0,8.0,8,1.0,7,IMG_20250915_114446.jpg
2025-09-22 11:54:57,16.0,8.0,9,2.0,4,IMG_20250915_115457.jpg
2025-09-22 12:05:08,13.0,8.0,8,3.0,6,IMG_20250915_120508.jpg
2025-09-22 12:15:18,12.0,8.0,9,3.0,5,IMG_20250915_121518.jpg
2025-09-22 12:25:29,12.0,8.0,9,3.0,5,IMG_20250915_122529.jpg
2025-09-22 12:35:40,8.0,5.0,8,2.0,4,IMG_20250915_123540.jpg
2025-09-22 12:45:51,7.0,5.0,8,3.0,5,IMG_20250915_124551.jpg
2025-09-22 12:56:03,0.0,3.0,9,0.0,5,IMG_20250915_125603.jpg
2025-09-22 13:06:14,1.0,2.0,7,0.0,5,IMG_20250915_130614.jpg
2025-09-22 13:16:25,0.0,1.0,8,0.0,5,IMG_20250915_131625.jpg
2025-09-22 13:26:36,0.0,1.0,9,0.0,6,IMG_20250915_132636.jpg
2025-09-22 13:36:47,0.0,1.0,8,0.0,5,IMG_20250915_133647.jpg
2025-09-22 13:46:58,0.0,1.0,8,0.0,5,IMG_20250915_134658.jpg
2025-09-22 13:57:09,0.0,1.0,8,0.0,5,IMG_20250915_135709.jpg
2025-09-22 14:07:20,0.0,1.0,9,0.0,5,IMG_20250915_140720.jpg
2025-09-22 14:17:31,1.0,0.0,8,0.0,5,IMG_20250915_141731.jpg
2025-09-22 14:27:41,2.0,2.0,8,0.0,5,IMG_20250915_142741.jpg
2025-09-22 14:37:54,5.0,3.0,7,1.0,8,IMG_20250915_143754.jpg
2025-09-22 14:48:05,5.0,5.0,8,0.0,8,IMG_20250915_144805.jpg
2025-09-22 14:58:16,14.0,8.0,8,5.0,7,IMG_20250915_145816.jpg
2025-09-22 15:08:26,13.0,10.0,9,5.0,7,IMG_20250915_150826.jpg
2025-09-22 15:18:36,5.0,11.0,10,0.0,9,IMG_20250915_151836.jpg
2025-09-22 15:28:47,6.0,12.0,11,0.0,7,IMG_20250915_152847.jpg
2025-09-22 15:38:57,5.0,9.0,8,0.0,7,IMG_20250915_153857.jpg
2025-09-22 15:49:07,7.0,9.0,8,2.0,7,IMG_20250915_154907.jpg
2025-09-22 15:59:17,8.0,10.0,9,2.0,8,IMG_20250915_155917.jpg
2025-09-22 16:09:33,11.0,10.0,9,5.0,11,IMG_20250915_160933.jpg
2025-09-22 16:19:44,8.0,9.0,8,4.0,13,IMG_20250915_161944.jpg
2025-09-22 16:29:54,6.0,9.0,8,1.0,12,IMG_20250915_162954.jpg
2025-09-22 16:40:04,8.0,10.0,9,5.0,12,IMG_20250915_164004.jpg
2025-09-22 16:50:15,8.0,9.0,9,5.0,11,IMG_20250915_165015.jpg
2025-09-22 17:00:25,8.0,9.0,8,2.0,8,IMG_20250915_170025.jpg
2025-09-22 17:10:36,5.0,8.0,8,1.0,10,IMG_20250915_171036.jpg
2025-09-22 17:20:48,3.0,9.0,10,1.0,8,IMG_20250915_172048.jpg
2025-09-22 17:30:58,5.0,8.0,9,1.0,9,IMG_20250915_173058.jpg
2025-09-22 17:41:08,5.0,8.0,9,2.0,9,IMG_20250915_174108.jpg
2025-09-22 17:51:19,4.0,8.0,10,1.0,9,IMG_20250915_175119.jpg
2025-09-22 18:01:31,4.0,8.0,9,3.0,9,IMG_20250915_180131.jpg
2025-09-22 18:11:41,4.0,9.0,9,1.0,9,IMG_20250915_181141.jpg
2025-09-22 18:21:51,5.0,8.0,8,2.0,8,IMG_20250915_182151.jpg
2025-09-22 18:32:02,3.0,8.0,8,0.0,7,IMG_20250915_183202.jpg
2025-09-22 18:42:12,4.0,8.0,8,0.0,8,IMG_20250915_184212.jpg
2025-09-22 18:52:21,4.0,8.0,8,0.0,7,IMG_20250915_185221.jpg
2025-09-22 19:02:31,5.0,9.0,9,1.0,7,IMG_20250915_190231.jpg
2025-09-22 19:12:41,5.0,8.0,8,3.0,7,IMG_20250915_191241.jpg
2025-09-22 19:22:52,5.0,10.0,10,2.0,7,IMG_20250915_192252.jpg
2025-09-22 19:33:04,5.0,8.0,8,2.0,8,IMG_20250915_193304.jpg
2025-09-22 19:43:14,5.0,8.0,8,2.0,7,IMG_20250915_194314.jpg
2025-09-22 19:53:26,5.0,9.0,9,0.0,10,IMG_20250915_195326.jpg
2025-09-22 20:03:37,5.0,8.0,8,2.0,7,IMG_20250915_200337.jpg
2025-09-22 20:13:48,7.0,6.0,7,3.0,10,IMG_20250915_201348.jpg
2025-09-22 20:24:00,5.0,9.0,9,2.0,7,IMG_20250915_202400.jpg
2025-09-22 20:34:13,6.0,8.0,8,2.0,9,IMG_20250915_203413.jpg
2025-09-22 20:44:23,3.0,8.0,8,2.0,8,IMG_20250915_204423.jpg
2025-09-22 20:54:35,4.0,8.0,8,2.0,8,IMG_20250915_205435.jpg
2025-09-22 21:04:46,5.0,8.0,8,3.0,9,IMG_20250915_210446.jpg
2025-09-22 21:14:57,2.0,8.0,8,3.0,8,IMG_20250915_211457.jpg
2025-09-22 21:25:08,3.0,8.0,8,2.0,7,IMG_20250915_212508.jpg
2025-09-22 21:35:18,1.0,8.0,8,1.0,5,IMG_20250915_213518.jpg
2025-09-22 21:45:30,1.0,8.0,8,0.0,8,IMG_20250915_214530.jpg
2025-09-22 21:55:40,0.0,8.0,8,0.0,8,IMG_20250915_215540.jpg
2025-09-22 22:05:51,2.0,8.0,8,1.0,7,IMG_20250915_220551.jpg
2025-09-22 22:16:00,5.0,9.0,8,3.0,6,IMG_20250915_221600.jpg
2025-09-22 22:26:11,5.0,10.0,9,0.0,10,IMG_20250915_222611.jpg
2025-09-22 22:36:20,5.0,10.0,9,2.0,6,IMG_20250915_223620.jpg
2025-09-22 22:46:30,4.0,10.0,9,1.0,7,IMG_20250915_224630.jpg
2025-09-22 22:56:40,5.0,9.0,9,2.0,8,IMG_20250915_225640.jpg
2025-09-23 12:22:05,1.0,1.0,1,0.0,2,IMG_20250916_122205.jpg
2025-09-23 12:32:19,15.0,8.0,8,1.0,4,IMG_20250916_123219.jpg
2025-09-23 12:42:29,15.0,9.0,10,2.0,7,IMG_20250916_124229.jpg
2025-09-23 12:52:39,12.0,10.0,11,1.0,6,IMG_20250916_125239.jpg
2025-09-23 13:02:50,13.0,6.0,8,3.0,6,IMG_20250916_130250.jpg
2025-09-23 13:13:00,13.0,8.0,10,2.0,5,IMG_20250916_131300.jpg
2025-09-23 13:23:11,14.0,7.0,9,2.0,6,IMG_20250916_132311.jpg
2025-09-23 13:33:24,13.0,7.0,9,1.0,7,IMG_20250916_133324.jpg
2025-09-23 13:43:34,13.0,8.0,9,0.0,8,IMG_20250916_134334.jpg
2025-09-23 13:53:45,13.0,7.0,8,2.0,9,IMG_20250916_135345.jpg
2025-09-23 14:03:55,10.0,8.0,9,1.0,8,IMG_20250916_140355.jpg
2025-09-23 14:14:06,13.0,8.0,10,0.0,8,IMG_20250916_141406.jpg
2025-09-23 14:24:16,10.0,10.0,13,1.0,7,IMG_20250916_142416.jpg
2025-09-23 14:34:39,9.0,8.0,9,1.0,10,IMG_20250916_143439.jpg
2025-09-23 14:44:50,10.0,8.0,11,2.0,9,IMG_20250916_144450.jpg
2025-09-23 14:55:00,10.0,9.0,9,3.0,10,IMG_20250916_145500.jpg
2025-09-23 15:05:11,10.0,10.0,10,6.0,14,IMG_20250916_150511.jpg
2025-09-23 15:15:22,9.0,8.0,8,5.0,10,IMG_20250916_151522.jpg
2025-09-23 15:25:33,11.0,8.0,9,3.0,7,IMG_20250916_152533.jpg
2025-09-23 15:35:46,11.0,11.0,12,2.0,7,IMG_20250916_153546.jpg
2025-09-23 15:45:58,11.0,10.0,10,4.0,10,IMG_20250916_154558.jpg
2025-09-23 15:56:12,4.0,4.0,8,2.0,11,IMG_20250916_155612.jpg
2025-09-23 16:06:22,4.0,4.0,8,2.0,9,IMG_20250916_160622.jpg
2025-09-23 16:16:33,2.0,4.0,8,1.0,8,IMG_20250916_161633.jpg
2025-09-23 16:26:42,4.0,4.0,8,2.0,8,IMG_20250916_162642.jpg
2025-09-23 16:36:53,4.0,6.0,10,3.0,9,IMG_20250916_163653.jpg
2025-09-23 16:47:03,3.0,6.0,9,2.0,9,IMG_20250916_164703.jpg
2025-09-23 16:57:13,4.0,5.0,7,1.0,8,IMG_20250916_165713.jpg
2025-09-23 17:07:23,1.0,5.0,8,1.0,7,IMG_20250916_170723.jpg
2025-09-23 17:17:33,1.0,5.0,8,1.0,8,IMG_20250916_171733.jpg
2025-09-23 17:27:43,4.0,9.0,10,2.0,9,IMG_20250916_172743.jpg
2025-09-23 17:37:55,10.0,8.0,9,2.0,6,IMG_20250916_173755.jpg
2025-09-23 17:48:07,10.0,7.0,8,1.0,8,IMG_20250916_174807.jpg
2025-09-23 17:58:17,2.0,5.0,8,0.0,8,IMG_20250916_175817.jpg
2025-09-23 18:08:28,1.0,8.0,11,0.0,9,IMG_20250916_180828.jpg
2025-09-23 18:18:38,1.0,7.0,10,0.0,10,IMG_20250916_181838.jpg
2025-09-23 18:28:49,1.0,6.0,10,0.0,10,IMG_20250916_182849.jpg
2025-09-23 18:39:01,1.0,7.0,11,0.0,10,IMG_20250916_183901.jpg
2025-09-23 18:49:12,1.0,7.0,11,0.0,10,IMG_20250916_184912.jpg
2025-09-23 18:59:23,1.0,4.0,8,0.0,10,IMG_20250916_185923.jpg
2025-09-23 19:09:33,1.0,6.0,10,0.0,10,IMG_20250916_190933.jpg
2025-09-23 19:19:43,1.0,5.0,9,0.0,11,IMG_20250916_191943.jpg
2025-09-23 19:29:53,5.0,5.0,7,0.0,9,IMG_20250916_192953.jpg
2025-09-23 19:40:05,2.0,7.0,9,0.0,9,IMG_20250916_194005.jpg
2025-09-23 19:50:15,5.0,5.0,6,0.0,9,IMG_20250916_195015.jpg
2025-09-23 20:00:24,6.0,9.0,10,0.0,7,IMG_20250916_200024.jpg
2025-09-23 20:10:35,5.0,7.0,8,1.0,7,IMG_20250916_201035.jpg
2025-09-23 20:20:44,4.0,7.0,8,0.0,6,IMG_20250916_202044.jpg
2025-09-23 20:30:54,5.0,7.0,8,1.0,7,IMG_20250916_203054.jpg
2025-09-23 20:41:05,5.0,8.0,9,0.0,12,IMG_20250916_204105.jpg
2025-09-23 20:51:15,5.0,9.0,9,2.0,8,IMG_20250916_205115.jpg
2025-09-23 21:01:26,5.0,13.0,13,0.0,8,IMG_20250916_210126.jpg
2025-09-23 21:11:36,8.0,10.0,11,2.0,9,IMG_20250916_211136.jpg
2025-09-23 21:21:46,8.0,12.0,13,3.0,9,IMG_20250916_212146.jpg
2025-09-23 21:31:56,6.0,8.0,8,0.0,6,IMG_20250916_213156.jpg
2025-09-23 21:42:07,6.0,8.0,8,0.0,7,IMG_20250916_214207.jpg
2025-09-23 21:52:19,3.0,9.0,9,1.0,7,IMG_20250916_215219.jpg
2025-09-23 22:02:28,5.0,8.0,9,0.0,7,IMG_20250916_220228.jpg
2025-09-23 22:12:38,6.0,9.0,10,0.0,8,IMG_20250916_221238.jpg
2025-09-23 22:22:48,6.0,10.0,11,2.0,9,IMG_20250916_222248.jpg
2025-09-23 22:32:58,5.0,11.0,12,0.0,8,IMG_20250916_223258.jpg
2025-09-23 22:43:09,6.0,10.0,11,2.0,8,IMG_20250916_224309.jpg
2025-09-23 22:53:18,5.0,10.0,11,1.0,9,IMG_20250916_225318.jpg
2025-09-24 07:10:03,3.0,5.0,8,0.0,0,IMG_20251001_071003.jpg
2025-09-24 07:20:16,1.0,4.0,7,0.0,1,IMG_20251001_072016.jpg
2025-09-24 07:30:27,2.0,4.0,7,0.0,1,IMG_20251001_073027.jpg
2025-09-24 07:40:37,3.0,5.0,8,0.0,1,IMG_20251001_074037.jpg
2025-09-24 07:50:49,4.0,4.0,7,0.0,1,IMG_20251001_075049.jpg
2025-09-24 08:00:59,4.0,5.0,8,0.0,1,IMG_20251001_080059.jpg
2025-09-24 08:11:09,3.0,4.0,7,0.0,1,IMG_20251001_081109.jpg
2025-09-24 08:21:21,0.0,3.0,7,0.0,4,IMG_20251001_082121.jpg
2025-09-24 08:31:33,0.0,3.0,7,0.0,3,IMG_20251001_083133.jpg
2025-09-24 08:41:47,0.0,3.0,7,0.0,3,IMG_20251001_084147.jpg
2025-09-24 08:51:59,0.0,3.0,7,0.0,1,IMG_20251001_085159.jpg
2025-09-24 09:02:11,0.0,3.0,7,0.0,2,IMG_20251001_090211.jpg
2025-09-24 09:12:23,0.0,3.0,7,0.0,2,IMG_20251001_091223.jpg
2025-09-24 09:22:35,0.0,3.0,7,0.0,2,IMG_20251001_092235.jpg
2025-09-24 09:32:46,0.0,3.0,7,0.0,3,IMG_20251001_093246.jpg
2025-09-24 09:42:56,0.0,4.0,8,0.0,2,IMG_20251001_094256.jpg
2025-09-24 09:53:09,1.0,2.0,7,0.0,4,IMG_20251001_095309.jpg
2025-09-24 10:03:22,1.0,2.0,7,0.0,3,IMG_20251001_100322.jpg
2025-09-24 10:13:33,1.0,2.0,7,0.0,3,IMG_20251001_101333.jpg
2025-09-24 10:23:45,1.0,2.0,7,0.0,3,IMG_20251001_102345.jpg
2025-09-24 10:33:57,1.0,2.0,7,0.0,3,IMG_20251001_103357.jpg
2025-09-24 10:44:08,1.0,2.0,7,0.0,3,IMG_20251001_104408.jpg
2025-09-24 10:54:21,1.0,2.0,7,0.0,1,IMG_20251001_105421.jpg
2025-09-24 11:04:38,6.0,5.0,7,1.0,3,IMG_20251001_110438.jpg
2025-09-24 11:14:48,6.0,4.0,7,2.0,3,IMG_20251001_111448.jpg
2025-09-24 11:25:00,6.0,6.0,9,1.0,4,IMG_20251001_112500.jpg
2025-09-24 11:35:12,3.0,5.0,8,0.0,3,IMG_20251001_113512.jpg
2025-09-24 11:45:23,4.0,6.0,9,0.0,3,IMG_20251001_114523.jpg
2025-09-24 11:55:34,3.0,5.0,8,1.0,6,IMG_20251001_115534.jpg
2025-09-24 12:05:44,0.0,5.0,8,0.0,4,IMG_20251001_120544.jpg
2025-09-24 12:15:55,0.0,5.0,8,0.0,4,IMG_20251001_121555.jpg
2025-09-24 12:26:06,5.0,5.0,8,1.0,4,IMG_20251001_122606.jpg
2025-09-24 12:36:17,6.0,5.0,8,3.0,4,IMG_20251001_123617.jpg
2025-09-24 12:46:28,10.0,7.0,8,2.0,6,IMG_20251001_124628.jpg
2025-09-24 12:56:40,9.0,7.0,8,1.0,7,IMG_20251001_125640.jpg
2025-09-24 13:06:51,11.0,6.0,8,3.0,8,IMG_20251001_130651.jpg
2025-09-24 13:17:04,7.0,6.0,8,1.0,9,IMG_20251001_131704.jpg
2025-09-24 13:27:14,8.0,5.0,7,2.0,8,IMG_20251001_132714.jpg
2025-09-24 13:37:27,8.0,6.0,7,1.0,5,IMG_20251001_133727.jpg
2025-09-24 13:47:37,7.0,7.0,8,3.0,9,IMG_20251001_134737.jpg
2025-09-24 13:57:50,9.0,7.0,8,0.0,6,IMG_20251001_135750.jpg
2025-09-24 14:08:01,12.0,7.0,8,1.0,7,IMG_20251001_140801.jpg
2025-09-24 14:18:12,7.0,10.0,10,2.0,9,IMG_20251001_141812.jpg
2025-09-24 14:28:22,7.0,7.0,7,3.0,6,IMG_20251001_142822.jpg
2025-09-24 14:38:34,8.0,8.0,8,1.0,4,IMG_20251001_143834.jpg
2025-09-24 14:48:45,8.0,8.0,8,2.0,5,IMG_20251001_144845.jpg
2025-09-24 14:58:58,8.0,9.0,9,1.0,5,IMG_20251001_145858.jpg
2025-09-24 15:09:09,9.0,7.0,7,1.0,6,IMG_20251001_150909.jpg
2025-09-24 15:19:20,9.0,8.0,8,2.0,7,IMG_20251001_151920.jpg
2025-09-24 15:29:32,7.0,7.0,8,1.0,5,IMG_20251001_152932.jpg
2025-09-24 15:39:44,9.0,7.0,8,5.0,8,IMG_20251001_153944.jpg
2025-09-24 15:49:55,10.0,8.0,8,4.0,9,IMG_20251001_154955.jpg
2025-09-24 16:00:07,6.0,7.0,8,2.0,7,IMG_20251001_160007.jpg
2025-09-24 16:10:18,5.0,6.0,7,3.0,4,IMG_20251001_161018.jpg
2025-09-24 16:20:29,8.0,8.0,8,2.0,8,IMG_20251001_162029.jpg
2025-09-24 16:30:39,10.0,7.0,7,6.0,8,IMG_20251001_163039.jpg
2025-09-24 16:40:51,6.0,6.0,7,1.0,7,IMG_20251001_164051.jpg
2025-09-24 16:51:01,5.0,7.0,8,0.0,5,IMG_20251001_165101.jpg
2025-09-24 17:01:12,6.0,6.0,7,0.0,5,IMG_20251001_170112.jpg
2025-09-24 17:11:24,6.0,6.0,7,0.0,5,IMG_20251001_171124.jpg
2025-09-24 17:21:36,5.0,6.0,7,1.0,5,IMG_20251001_172136.jpg
2025-09-24 17:31:47,4.0,8.0,9,0.0,7,IMG_20251001_173147.jpg
2025-09-24 17:41:58,4.0,7.0,8,0.0,5,IMG_20251001_174158.jpg
2025-09-24 17:52:10,2.0,6.0,7,0.0,5,IMG_20251001_175210.jpg
2025-09-24 18:02:23,0.0,5.0,7,0.0,6,IMG_20251001_180223.jpg
2025-09-24 18:12:34,0.0,5.0,7,0.0,6,IMG_20251001_181234.jpg
2025-09-24 18:22:45,1.0,5.0,7,0.0,6,IMG_20251001_182245.jpg
2025-09-24 18:32:56,0.0,5.0,7,0.0,7,IMG_20251001_183256.jpg
2025-09-24 18:43:06,0.0,3.0,7,0.0,6,IMG_20251001_184306.jpg
2025-09-24 18:53:17,0.0,3.0,7,0.0,7,IMG_20251001_185317.jpg
2025-09-24 19:03:28,0.0,3.0,7,0.0,6,IMG_20251001_190328.jpg
2025-09-24 19:13:39,0.0,3.0,7,0.0,7,IMG_20251001_191339.jpg
2025-09-24 19:23:51,0.0,3.0,7,0.0,6,IMG_20251001_192351.jpg
2025-09-24 19:34:02,0.0,3.0,7,0.0,7,IMG_20251001_193402.jpg
2025-09-24 19:44:13,5.0,4.0,7,1.0,4,IMG_20251001_194413.jpg
2025-09-24 19:54:24,5.0,4.0,7,1.0,5,IMG_20251001_195424.jpg
2025-09-24 20:04:36,4.0,4.0,7,0.0,4,IMG_20251001_200436.jpg
2025-09-24 20:14:47,4.0,5.0,8,0.0,6,IMG_20251001_201447.jpg
2025-09-24 20:24:58,5.0,3.0,7,1.0,4,IMG_20251001_202458.jpg
2025-09-24 20:35:09,5.0,3.0,7,0.0,4,IMG_20251001_203509.jpg
2025-09-24 20:45:21,5.0,3.0,7,4.0,7,IMG_20251001_204521.jpg
2025-09-24 20:55:31,3.0,3.0,7,1.0,6,IMG_20251001_205531.jpg
2025-09-24 21:05:46,4.0,3.0,7,1.0,3,IMG_20251001_210546.jpg
2025-09-24 21:15:57,6.0,4.0,7,3.0,5,IMG_20251001_211557.jpg
2025-09-24 21:26:09,6.0,3.0,7,1.0,5,IMG_20251001_212609.jpg
2025-09-24 21:36:20,4.0,4.0,8,0.0,5,IMG_20251001_213620.jpg
2025-09-24 21:46:31,4.0,3.0,8,0.0,3,IMG_20251001_214631.jpg
2025-09-24 21:56:41,5.0,3.0,7,1.0,5,IMG_20251001_215641.jpg
2025-09-24 22:06:53,6.0,3.0,7,1.0,5,IMG_20251001_220653.jpg
2025-09-24 22:17:04,5.0,5.0,9,0.0,4,IMG_20251001_221704.jpg
2025-09-24 22:27:15,6.0,4.0,8,2.0,4,IMG_20251001_222715.jpg
2025-09-24 22:37:25,5.0,3.0,7,3.0,7,IMG_20251001_223725.jpg
2025-09-24 22:47:35,5.0,3.0,8,2.0,5,IMG_20251001_224735.jpg
2025-09-24 22:57:47,3.0,4.0,8,0.0,6,IMG_20251001_225747.jpg
2025-09-25 08:58:59,0.0,0.0,0,0.0,1,IMG_20250925_085859.jpg
2025-09-25 09:09:11,4.0,3.0,8,0.0,5,IMG_20250925_090911.jpg
2025-09-25 09:19:26,5.0,4.0,9,0.0,5,IMG_20250925_091926.jpg
2025-09-25 09:29:40,3.0,3.0,8,0.0,4,IMG_20250925_092940.jpg
2025-09-25 09:39:52,4.0,3.0,8,1.0,5,IMG_20250925_093952.jpg
2025-09-25 09:50:03,4.0,3.0,8,1.0,5,IMG_20250925_095003.jpg
2025-09-25 10:00:14,3.0,3.0,8,0.0,5,IMG_20250925_100014.jpg
2025-09-25 10:10:25,3.0,3.0,8,0.0,7,IMG_20250925_101025.jpg
2025-09-25 10:20:49,3.0,3.0,8,0.0,6,IMG_20250925_102049.jpg
2025-09-25 10:30:59,3.0,3.0,8,0.0,7,IMG_20250925_103059.jpg
2025-09-25 10:41:10,3.0,4.0,8,1.0,9,IMG_20250925_104110.jpg
2025-09-25 10:51:21,3.0,4.0,8,0.0,6,IMG_20250925_105121.jpg
2025-09-25 11:01:33,4.0,4.0,8,1.0,5,IMG_20250925_110133.jpg
2025-09-25 11:11:45,4.0,4.0,8,1.0,6,IMG_20250925_111145.jpg
2025-09-25 11:21:57,4.0,4.0,8,1.0,6,IMG_20250925_112157.jpg
2025-09-25 11:32:08,4.0,4.0,8,0.0,7,IMG_20250925_113208.jpg
2025-09-25 11:42:19,4.0,3.0,8,1.0,5,IMG_20250925_114219.jpg
2025-09-25 11:52:31,0.0,2.0,8,0.0,8,IMG_20250925_115231.jpg
2025-09-25 12:02:42,6.0,7.0,8,1.0,4,IMG_20250925_120242.jpg
2025-09-25 12:12:55,9.0,7.0,8,3.0,4,IMG_20250925_121255.jpg
2025-09-25 12:23:06,7.0,7.0,8,1.0,9,IMG_20250925_122306.jpg
2025-09-25 12:33:17,12.0,9.0,9,0.0,6,IMG_20250925_123317.jpg
2025-09-25 12:43:27,16.0,9.0,9,2.0,8,IMG_20250925_124327.jpg
2025-09-25 12:53:39,11.0,9.0,9,2.0,7,IMG_20250925_125339.jpg
2025-09-25 13:03:50,9.0,7.0,9,0.0,2,IMG_20250925_130350.jpg
2025-09-25 13:14:02,1.0,5.0,8,0.0,4,IMG_20250925_131402.jpg
2025-09-25 13:24:12,2.0,5.0,8,0.0,6,IMG_20250925_132412.jpg
2025-09-25 13:34:22,2.0,6.0,8,0.0,5,IMG_20250925_133422.jpg
2025-09-25 13:44:33,3.0,6.0,8,2.0,6,IMG_20250925_134433.jpg
2025-09-25 13:54:44,3.0,6.0,8,1.0,6,IMG_20250925_135444.jpg
2025-09-25 14:04:55,3.0,6.0,8,1.0,7,IMG_20250925_140455.jpg
2025-09-25 14:15:07,3.0,6.0,8,2.0,9,IMG_20250925_141507.jpg
2025-09-25 14:25:17,4.0,7.0,8,2.0,6,IMG_20250925_142517.jpg
2025-09-25 14:35:28,4.0,6.0,8,1.0,5,IMG_20250925_143528.jpg
2025-09-25 14:45:38,4.0,6.0,8,0.0,6,IMG_20250925_144538.jpg
2025-09-25 14:55:49,2.0,2.0,8,0.0,6,IMG_20250925_145549.jpg
2025-09-25 15:06:05,0.0,1.0,8,0.0,7,IMG_20250925_150605.jpg
2025-09-25 15:16:16,0.0,1.0,8,0.0,7,IMG_20250925_151616.jpg
2025-09-25 15:26:28,1.0,1.0,8,0.0,5,IMG_20250925_152628.jpg
2025-09-25 15:36:39,1.0,1.0,8,0.0,6,IMG_20250925_153639.jpg
2025-09-25 15:46:51,0.0,1.0,8,0.0,5,IMG_20250925_154651.jpg
2025-09-25 15:57:03,1.0,1.0,8,0.0,5,IMG_20250925_155703.jpg
2025-09-25 16:07:15,1.0,1.0,8,1.0,7,IMG_20250925_160715.jpg
2025-09-25 16:17:27,1.0,1.0,8,1.0,5,IMG_20250925_161727.jpg
2025-09-25 16:27:40,2.0,1.0,8,1.0,7,IMG_20250925_162740.jpg
2025-09-25 16:37:53,2.0,1.0,8,1.0,6,IMG_20250925_163753.jpg
2025-09-25 16:48:06,2.0,1.0,8,1.0,7,IMG_20250925_164806.jpg
2025-09-25 16:58:17,1.0,1.0,8,1.0,7,IMG_20250925_165817.jpg
2025-09-25 17:08:29,2.0,0.0,0,0.0,1,IMG_20250925_170829.jpg
2025-09-25 17:11:50,3.0,0.0,3,0.0,2,IMG_20250925_171150.jpg
2025-09-25 17:22:01,0.0,1.0,8,0.0,2,IMG_20250925_172201.jpg
2025-09-25 17:32:12,0.0,1.0,8,0.0,4,IMG_20250925_173212.jpg
2025-09-25 17:42:23,0.0,1.0,8,0.0,3,IMG_20250925_174223.jpg
2025-09-25 17:52:33,0.0,1.0,8,0.0,5,IMG_20250925_175233.jpg
2025-09-25 18:02:44,0.0,0.0,8,0.0,2,IMG_20250925_180244.jpg
2025-09-25 18:12:57,1.0,2.0,8,0.0,5,IMG_20250925_181257.jpg
2025-09-25 18:23:09,1.0,2.0,8,0.0,5,IMG_20250925_182309.jpg
2025-09-25 18:33:19,1.0,2.0,8,0.0,4,IMG_20250925_183319.jpg
2025-09-25 18:43:31,0.0,2.0,8,0.0,5,IMG_20250925_184331.jpg
2025-09-25 18:53:42,1.0,2.0,8,0.0,5,IMG_20250925_185342.jpg
2025-09-25 19:03:52,2.0,3.0,8,1.0,5,IMG_20250925_190352.jpg
2025-09-25 19:14:01,2.0,4.0,8,1.0,6,IMG_20250925_191401.jpg
2025-09-25 19:24:11,3.0,4.0,8,0.0,4,IMG_20250925_192411.jpg
2025-09-25 19:34:26,1.0,4.0,8,0.0,3,IMG_20250925_193426.jpg
2025-09-25 19:44:36,1.0,5.0,8,0.0,5,IMG_20250925_194436.jpg
2025-09-25 19:54:47,0.0,5.0,8,0.0,6,IMG_20250925_195447.jpg
2025-09-25 20:04:57,0.0,5.0,8,0.0,6,IMG_20250925_200457.jpg
2025-09-25 20:15:08,2.0,5.0,8,0.0,5,IMG_20250925_201508.jpg
2025-09-25 20:25:20,1.0,5.0,7,0.0,6,IMG_20250925_202520.jpg
2025-09-25 20:35:31,1.0,6.0,8,0.0,4,IMG_20250925_203531.jpg
2025-09-25 20:45:42,2.0,5.0,7,0.0,6,IMG_20250925_204542.jpg
2025-09-25 20:55:53,2.0,7.0,8,0.0,4,IMG_20250925_205553.jpg
2025-09-25 21:06:03,4.0,6.0,8,1.0,3,IMG_20250925_210603.jpg
2025-09-25 21:16:13,4.0,6.0,8,0.0,5,IMG_20250925_211613.jpg
2025-09-25 21:26:27,5.0,7.0,8,1.0,6,IMG_20250925_212627.jpg
2025-09-25 21:36:37,6.0,6.0,8,0.0,2,IMG_20250925_213637.jpg
2025-09-25 21:46:47,5.0,7.0,8,0.0,2,IMG_20250925_214647.jpg
2025-09-25 21:56:58,4.0,7.0,8,0.0,4,IMG_20250925_215658.jpg
2025-09-25 22:07:12,5.0,7.0,8,0.0,3,IMG_20250925_220712.jpg
2025-09-25 22:17:23,4.0,7.0,8,0.0,5,IMG_20250925_221723.jpg
2025-09-25 22:27:33,4.0,7.0,8,0.0,3,IMG_20250925_222733.jpg
2025-09-25 22:37:43,2.0,7.0,8,0.0,5,IMG_20250925_223743.jpg
2025-09-25 22:47:54,2.0,7.0,8,0.0,5,IMG_20250925_224754.jpg
2025-09-25 22:58:04,4.0,7.0,8,0.0,4,IMG_20250925_225804.jpg
2025-09-26 10:02:16,1.0,0.0,0,0.0,0,IMG_20250926_100216.jpg
2025-09-26 10:03:49,1.0,0.0,0,0.0,0,IMG_20250926_100349.jpg
2025-09-26 10:14:00,4.0,5.0,8,1.0,3,IMG_20250926_101400.jpg
2025-09-26 10:24:11,2.0,4.0,8,0.0,6,IMG_20250926_102411.jpg
2025-09-26 10:34:22,4.0,4.0,8,0.0,6,IMG_20250926_103422.jpg
2025-09-26 10:44:33,2.0,5.0,8,0.0,9,IMG_20250926_104433.jpg
2025-09-26 10:54:44,2.0,5.0,8,0.0,7,IMG_20250926_105444.jpg
2025-09-26 11:04:55,3.0,5.0,8,0.0,8,IMG_20250926_110455.jpg
2025-09-26 11:15:06,0.0,2.0,8,0.0,4,IMG_20250926_111506.jpg
2025-09-26 11:25:16,1.0,2.0,7,0.0,6,IMG_20250926_112516.jpg
2025-09-26 11:35:32,1.0,3.0,8,0.0,5,IMG_20250926_113532.jpg
2025-09-26 11:45:43,1.0,4.0,8,0.0,7,IMG_20250926_114543.jpg
2025-09-26 11:55:54,3.0,7.0,10,0.0,6,IMG_20250926_115554.jpg
2025-09-26 12:06:05,5.0,6.0,8,0.0,6,IMG_20250926_120605.jpg
2025-09-26 12:16:18,5.0,6.0,8,0.0,6,IMG_20250926_121618.jpg
2025-09-26 12:26:28,7.0,6.0,8,0.0,5,IMG_20250926_122628.jpg
2025-09-26 12:36:38,8.0,5.0,7,0.0,6,IMG_20250926_123638.jpg
2025-09-26 12:46:49,3.0,5.0,8,0.0,6,IMG_20250926_124649.jpg
2025-09-26 12:57:01,3.0,3.0,8,0.0,4,IMG_20250926_125701.jpg
2025-09-26 13:07:12,3.0,3.0,8,1.0,9,IMG_20250926_130712.jpg
2025-09-26 13:17:24,0.0,2.0,8,0.0,9,IMG_20250926_131724.jpg
2025-09-26 13:27:38,0.0,2.0,8,0.0,7,IMG_20250926_132738.jpg
2025-09-26 13:37:50,0.0,2.0,8,0.0,9,IMG_20250926_133750.jpg
2025-09-26 13:48:01,0.0,2.0,8,0.0,8,IMG_20250926_134801.jpg
2025-09-26 13:58:13,0.0,2.0,8,0.0,7,IMG_20250926_135813.jpg
2025-09-26 14:08:26,0.0,2.0,8,0.0,8,IMG_20250926_140826.jpg
2025-09-26 14:18:39,0.0,2.0,8,0.0,9,IMG_20250926_141839.jpg
2025-09-26 14:28:52,0.0,2.0,8,0.0,7,IMG_20250926_142852.jpg
2025-09-26 14:39:03,0.0,2.0,9,0.0,6,IMG_20250926_143903.jpg
2025-09-26 14:49:13,0.0,2.0,8,0.0,8,IMG_20250926_144913.jpg
2025-09-26 14:59:24,0.0,2.0,8,0.0,8,IMG_20250926_145924.jpg
2025-09-26 15:09:34,0.0,2.0,9,0.0,6,IMG_20250926_150934.jpg
2025-09-26 15:19:45,0.0,2.0,9,0.0,5,IMG_20250926_151945.jpg
2025-09-26 15:29:57,0.0,2.0,9,0.0,6,IMG_20250926_152957.jpg
2025-09-26 15:40:08,0.0,2.0,9,0.0,6,IMG_20250926_154008.jpg
2025-09-26 15:50:21,4.0,2.0,8,0.0,4,IMG_20250926_155021.jpg
2025-09-26 16:00:31,3.0,2.0,8,0.0,6,IMG_20250926_160031.jpg
2025-09-26 16:10:42,7.0,5.0,9,1.0,7,IMG_20250926_161042.jpg
2025-09-26 16:20:55,8.0,5.0,8,3.0,6,IMG_20250926_162055.jpg
2025-09-26 16:31:06,7.0,5.0,8,0.0,7,IMG_20250926_163106.jpg
2025-09-26 16:41:16,6.0,5.0,8,0.0,5,IMG_20250926_164116.jpg
2025-09-26 16:51:26,6.0,5.0,8,0.0,5,IMG_20250926_165126.jpg
2025-09-26 17:01:37,8.0,5.0,8,0.0,6,IMG_20250926_170137.jpg
2025-09-26 17:11:47,6.0,6.0,8,1.0,7,IMG_20250926_171147.jpg
2025-09-26 17:21:57,6.0,6.0,8,1.0,8,IMG_20250926_172157.jpg
2025-09-26 17:32:08,6.0,6.0,8,2.0,7,IMG_20250926_173208.jpg
2025-09-26 17:42:18,5.0,6.0,8,1.0,6,IMG_20250926_174218.jpg
2025-09-26 17:52:28,4.0,6.0,8,0.0,7,IMG_20250926_175228.jpg
2025-09-26 18:02:40,4.0,6.0,8,0.0,6,IMG_20250926_180240.jpg
2025-09-26 18:12:50,4.0,6.0,8,0.0,6,IMG_20250926_181250.jpg
2025-09-26 18:23:01,5.0,6.0,7,0.0,6,IMG_20250926_182301.jpg
2025-09-26 18:33:12,5.0,9.0,9,0.0,6,IMG_20250926_183312.jpg
2025-09-26 18:43:23,5.0,4.0,7,2.0,8,IMG_20250926_184323.jpg
2025-09-26 18:53:34,1.0,5.0,7,0.0,5,IMG_20250926_185334.jpg
2025-09-26 19:03:45,3.0,5.0,7,0.0,5,IMG_20250926_190345.jpg
2025-09-26 19:13:57,2.0,5.0,7,0.0,6,IMG_20250926_191357.jpg
2025-09-26 19:24:09,4.0,5.0,6,0.0,6,IMG_20250926_192409.jpg
2025-09-26 19:34:20,3.0,6.0,7,0.0,6,IMG_20250926_193420.jpg
2025-09-26 19:44:36,6.0,5.0,7,0.0,7,IMG_20250926_194436.jpg
2025-09-26 19:54:47,3.0,6.0,9,0.0,7,IMG_20250926_195447.jpg
2025-09-26 20:04:57,4.0,5.0,7,0.0,6,IMG_20250926_200457.jpg
2025-09-26 20:15:09,2.0,5.0,7,0.0,8,IMG_20250926_201509.jpg
2025-09-26 20:25:20,2.0,5.0,7,0.0,7,IMG_20250926_202520.jpg
2025-09-26 20:35:41,1.0,8.0,10,0.0,6,IMG_20250926_203541.jpg
2025-09-26 20:45:56,2.0,5.0,7,0.0,7,IMG_20250926_204556.jpg
2025-09-26 20:56:09,1.0,5.0,7,0.0,6,IMG_20250926_205609.jpg
2025-09-26 21:06:20,3.0,5.0,7,0.0,6,IMG_20250926_210620.jpg
2025-09-26 21:16:32,2.0,5.0,7,0.0,8,IMG_20250926_211632.jpg
2025-09-26 21:26:43,2.0,5.0,7,0.0,7,IMG_20250926_212643.jpg
2025-09-26 21:36:53,0.0,5.0,7,0.0,7,IMG_20250926_213653.jpg
2025-09-26 21:47:03,2.0,5.0,7,0.0,7,IMG_20250926_214703.jpg
2025-09-26 21:57:14,1.0,6.0,7,0.0,6,IMG_20250926_215714.jpg
2025-09-26 22:07:25,1.0,5.0,7,0.0,4,IMG_20250926_220725.jpg
2025-09-26 22:17:37,1.0,7.0,8,0.0,1,IMG_20250926_221737.jpg
2025-09-26 22:27:48,2.0,5.0,7,0.0,5,IMG_20250926_222748.jpg
2025-09-26 22:38:00,2.0,8.0,10,0.0,3,IMG_20250926_223800.jpg
2025-09-26 22:48:10,2.0,5.0,7,0.0,2,IMG_20250926_224810.jpg
2025-09-26 22:58:24,2.0,7.0,9,0.0,3,IMG_20250926_225824.jpg
2025-09-27 07:08:15,0.0,2.0,7,0.0,8,IMG_20250927_070815.jpg
2025-09-27 07:18:29,0.0,2.0,7,0.0,7,IMG_20250927_071829.jpg
2025-09-27 07:28:40,0.0,2.0,7,0.0,6,IMG_20250927_072840.jpg
2025-09-27 07:38:52,0.0,2.0,7,0.0,7,IMG_20250927_073852.jpg
2025-09-27 07:49:04,0.0,2.0,7,0.0,7,IMG_20250927_074904.jpg
2025-09-27 07:59:18,0.0,2.0,7,0.0,8,IMG_20250927_075918.jpg
2025-09-27 08:09:29,0.0,2.0,7,0.0,8,IMG_20250927_080929.jpg
2025-09-27 08:19:42,0.0,1.0,7,0.0,7,IMG_20250927_081942.jpg
2025-09-27 08:29:54,0.0,2.0,7,0.0,6,IMG_20250927_082954.jpg
2025-09-27 08:40:06,0.0,2.0,7,0.0,8,IMG_20250927_084006.jpg
2025-09-27 08:50:18,0.0,2.0,7,0.0,7,IMG_20250927_085018.jpg
2025-09-27 09:00:29,0.0,2.0,7,0.0,9,IMG_20250927_090029.jpg
2025-09-27 09:10:41,0.0,2.0,7,0.0,7,IMG_20250927_091041.jpg
2025-09-27 09:20:53,0.0,2.0,7,0.0,6,IMG_20250927_092053.jpg
2025-09-27 09:31:03,0.0,2.0,7,0.0,6,IMG_20250927_093103.jpg
2025-09-27 09:41:15,0.0,2.0,7,0.0,8,IMG_20250927_094115.jpg
2025-09-27 09:51:27,0.0,2.0,7,0.0,7,IMG_20250927_095127.jpg
2025-09-27 10:01:38,0.0,2.0,7,0.0,6,IMG_20250927_100138.jpg
2025-09-27 10:11:49,0.0,2.0,7,0.0,9,IMG_20250927_101149.jpg
2025-09-27 10:22:03,0.0,2.0,7,0.0,8,IMG_20250927_102203.jpg
2025-09-27 10:32:14,0.0,2.0,7,0.0,6,IMG_20250927_103214.jpg
2025-09-27 10:42:26,0.0,2.0,7,0.0,8,IMG_20250927_104226.jpg
2025-09-27 10:52:38,0.0,2.0,7,0.0,9,IMG_20250927_105238.jpg
2025-09-27 11:02:51,0.0,2.0,7,0.0,6,IMG_20250927_110251.jpg
2025-09-27 11:13:02,0.0,2.0,7,0.0,5,IMG_20250927_111302.jpg
2025-09-27 11:23:13,0.0,2.0,7,0.0,7,IMG_20250927_112313.jpg
2025-09-27 11:33:24,0.0,2.0,7,0.0,7,IMG_20250927_113324.jpg
2025-09-27 11:43:36,0.0,2.0,7,0.0,6,IMG_20250927_114336.jpg
2025-09-27 11:53:47,0.0,2.0,7,0.0,7,IMG_20250927_115347.jpg
2025-09-27 12:03:57,0.0,2.0,7,0.0,7,IMG_20250927_120357.jpg
2025-09-27 12:14:07,0.0,2.0,7,0.0,6,IMG_20250927_121407.jpg
2025-09-27 12:24:18,0.0,2.0,7,0.0,6,IMG_20250927_122418.jpg
2025-09-27 12:34:29,0.0,2.0,7,0.0,5,IMG_20250927_123429.jpg
2025-09-27 12:44:44,0.0,2.0,7,0.0,7,IMG_20250927_124444.jpg
2025-09-27 12:54:56,0.0,2.0,7,0.0,6,IMG_20250927_125456.jpg
2025-09-27 13:05:09,0.0,2.0,7,0.0,6,IMG_20250927_130509.jpg
2025-09-27 13:15:19,0.0,2.0,7,0.0,5,IMG_20250927_131519.jpg
2025-09-27 13:25:30,0.0,2.0,7,0.0,8,IMG_20250927_132530.jpg
2025-09-27 13:35:41,0.0,2.0,7,0.0,5,IMG_20250927_133541.jpg
2025-09-27 13:45:52,0.0,2.0,7,0.0,6,IMG_20250927_134552.jpg
2025-09-27 13:56:02,0.0,2.0,7,0.0,5,IMG_20250927_135602.jpg
2025-09-27 14:06:14,0.0,2.0,7,0.0,6,IMG_20250927_140614.jpg
2025-09-27 14:16:24,0.0,2.0,7,0.0,6,IMG_20250927_141624.jpg
2025-09-27 14:26:34,0.0,2.0,7,0.0,5,IMG_20250927_142634.jpg
2025-09-27 14:36:46,0.0,2.0,7,0.0,6,IMG_20250927_143646.jpg
2025-09-27 14:46:58,0.0,2.0,7,0.0,5,IMG_20250927_144658.jpg
2025-09-27 14:57:08,0.0,1.0,7,0.0,8,IMG_20250927_145708.jpg
2025-09-27 15:07:25,0.0,2.0,7,0.0,6,IMG_20250927_150725.jpg
2025-09-27 15:17:37,0.0,2.0,7,0.0,5,IMG_20250927_151737.jpg
2025-09-27 15:27:48,0.0,2.0,7,0.0,6,IMG_20250927_152748.jpg
2025-09-27 15:38:00,0.0,2.0,7,0.0,5,IMG_20250927_153800.jpg
2025-09-27 15:48:12,0.0,1.0,7,0.0,5,IMG_20250927_154812.jpg
2025-09-27 15:58:23,0.0,1.0,7,0.0,5,IMG_20250927_155823.jpg
2025-09-27 16:08:34,0.0,1.0,7,0.0,5,IMG_20250927_160834.jpg
2025-09-27 16:18:47,0.0,2.0,7,0.0,4,IMG_20250927_161847.jpg
2025-09-27 16:28:57,0.0,1.0,7,0.0,5,IMG_20250927_162857.jpg
2025-09-27 16:39:09,0.0,1.0,7,0.0,5,IMG_20250927_163909.jpg
2025-09-27 16:49:24,0.0,1.0,7,0.0,5,IMG_20250927_164924.jpg
2025-09-27 16:59:35,0.0,1.0,7,0.0,5,IMG_20250927_165935.jpg
2025-09-27 17:09:47,0.0,1.0,7,0.0,5,IMG_20250927_170947.jpg
2025-09-27 17:20:00,0.0,3.0,7,0.0,5,IMG_20250927_172000.jpg
2025-09-27 17:30:11,0.0,3.0,7,0.0,5,IMG_20250927_173011.jpg
2025-09-27 17:40:23,0.0,3.0,7,0.0,5,IMG_20250927_174023.jpg
2025-09-27 17:50:34,1.0,5.0,7,0.0,4,IMG_20250927_175034.jpg
2025-09-27 18:00:45,1.0,5.0,7,0.0,4,IMG_20250927_180045.jpg
2025-09-27 18:10:56,1.0,5.0,7,0.0,4,IMG_20250927_181056.jpg
2025-09-27 18:21:13,4.0,7.0,8,0.0,3,IMG_20250927_182113.jpg
2025-09-27 18:31:23,7.0,8.0,8,0.0,2,IMG_20250927_183123.jpg
2025-09-27 18:41:33,5.0,8.0,8,0.0,3,IMG_20250927_184133.jpg
2025-09-27 18:51:47,6.0,8.0,8,1.0,3,IMG_20250927_185147.jpg
2025-09-27 19:01:58,5.0,8.0,8,0.0,2,IMG_20250927_190158.jpg
2025-09-27 19:12:09,10.0,8.0,8,1.0,5,IMG_20250927_191209.jpg
2025-09-27 19:22:20,8.0,8.0,8,2.0,4,IMG_20250927_192220.jpg
2025-09-27 19:32:31,8.0,8.0,8,1.0,4,IMG_20250927_193231.jpg
2025-09-27 19:42:42,9.0,8.0,8,1.0,4,IMG_20250927_194242.jpg
2025-09-27 19:52:53,10.0,8.0,8,1.0,3,IMG_20250927_195253.jpg
2025-09-27 20:03:05,8.0,8.0,8,0.0,4,IMG_20250927_200305.jpg
2025-09-27 20:13:17,8.0,8.0,8,0.0,4,IMG_20250927_201317.jpg
2025-09-27 20:23:28,7.0,8.0,8,1.0,4,IMG_20250927_202328.jpg
2025-09-27 20:33:37,9.0,8.0,8,2.0,6,IMG_20250927_203337.jpg
2025-09-27 20:43:47,7.0,8.0,8,2.0,5,IMG_20250927_204347.jpg
2025-09-27 20:53:58,7.0,8.0,8,4.0,6,IMG_20250927_205358.jpg
2025-09-27 21:04:10,6.0,8.0,8,3.0,5,IMG_20250927_210410.jpg
2025-09-27 21:14:23,6.0,8.0,8,2.0,6,IMG_20250927_211423.jpg
2025-09-27 21:24:33,8.0,8.0,8,5.0,7,IMG_20250927_212433.jpg
2025-09-27 21:34:43,11.0,9.0,9,6.0,6,IMG_20250927_213443.jpg
2025-09-27 21:44:54,9.0,8.0,8,4.0,11,IMG_20250927_214454.jpg
2025-09-27 21:55:04,7.0,7.0,9,0.0,7,IMG_20250927_215504.jpg
2025-09-27 22:05:16,6.0,4.0,8,1.0,5,IMG_20250927_220516.jpg
2025-09-27 22:15:27,7.0,5.0,9,2.0,8,IMG_20250927_221527.jpg
2025-09-27 22:25:36,6.0,7.0,9,0.0,5,IMG_20250927_222536.jpg
2025-09-27 22:35:48,6.0,7.0,10,1.0,6,IMG_20250927_223548.jpg
2025-09-27 22:45:59,5.0,7.0,9,0.0,6,IMG_20250927_224559.jpg
2025-09-27 22:56:09,7.0,8.0,9,0.0,6,IMG_20250927_225609.jpg
2025-09-28 07:05:09,0.0,3.0,8,0.0,6,IMG_20250928_070509.jpg
2025-09-28 07:15:20,0.0,3.0,8,0.0,6,IMG_20250928_071520.jpg
2025-09-28 07:25:30,0.0,3.0,8,0.0,6,IMG_20250928_072530.jpg
2025-09-28 07:35:41,0.0,3.0,8,0.0,7,IMG_20250928_073541.jpg
2025-09-28 07:45:52,0.0,3.0,8,0.0,7,IMG_20250928_074552.jpg
2025-09-28 07:56:02,0.0,3.0,8,0.0,6,IMG_20250928_075602.jpg
2025-09-28 08:06:15,0.0,3.0,8,0.0,6,IMG_20250928_080615.jpg
2025-09-28 08:16:27,0.0,3.0,8,0.0,6,IMG_20250928_081627.jpg
2025-09-28 08:26:39,0.0,3.0,8,0.0,8,IMG_20250928_082639.jpg
2025-09-28 08:36:52,0.0,3.0,8,0.0,6,IMG_20250928_083652.jpg
2025-09-28 08:47:03,0.0,3.0,8,0.0,5,IMG_20250928_084703.jpg
2025-09-29 10:48:48,1.0,5.0,8,0.0,7,IMG_20250929_104848.jpg
2025-09-29 10:58:59,4.0,8.0,9,1.0,7,IMG_20250929_105859.jpg
2025-09-29 11:09:11,6.0,7.0,9,0.0,8,IMG_20250929_110911.jpg
2025-09-29 11:19:23,5.0,7.0,9,1.0,8,IMG_20250929_111923.jpg
2025-09-29 11:29:35,4.0,7.0,9,1.0,6,IMG_20250929_112935.jpg
2025-09-29 11:39:47,6.0,7.0,8,0.0,6,IMG_20250929_113947.jpg
2025-09-29 11:49:59,4.0,7.0,8,1.0,4,IMG_20250929_114959.jpg
2025-09-29 12:00:11,11.0,6.0,8,2.0,5,IMG_20250929_120011.jpg
2025-09-29 12:10:22,7.0,6.0,8,2.0,4,IMG_20250929_121022.jpg
2025-09-29 12:20:33,9.0,6.0,8,1.0,5,IMG_20250929_122033.jpg
2025-09-29 12:30:43,4.0,6.0,8,0.0,3,IMG_20250929_123043.jpg
2025-09-29 12:40:55,3.0,6.0,8,0.0,4,IMG_20250929_124055.jpg
2025-09-29 12:51:11,7.0,5.0,7,1.0,5,IMG_20250929_125111.jpg
2025-09-29 13:01:24,3.0,4.0,7,0.0,5,IMG_20250929_130124.jpg
2025-09-29 13:11:36,4.0,5.0,7,1.0,5,IMG_20250929_131136.jpg
2025-09-29 13:21:47,7.0,6.0,7,0.0,8,IMG_20250929_132147.jpg
2025-09-29 13:31:59,11.0,6.0,7,1.0,7,IMG_20250929_133159.jpg
2025-09-29 13:42:11,10.0,6.0,7,0.0,12,IMG_20250929_134211.jpg
2025-09-29 13:52:26,11.0,6.0,7,1.0,3,IMG_20250929_135226.jpg
2025-09-29 14:02:42,8.0,6.0,7,0.0,4,IMG_20250929_140242.jpg
2025-09-29 14:12:52,6.0,6.0,7,0.0,2,IMG_20250929_141252.jpg
2025-09-29 14:23:04,8.0,7.0,7,0.0,3,IMG_20250929_142304.jpg
2025-09-29 14:33:14,7.0,6.0,7,0.0,3,IMG_20250929_143314.jpg
2025-09-29 14:43:31,12.0,6.0,6,2.0,3,IMG_20250929_144331.jpg
2025-09-29 14:53:42,3.0,6.0,7,0.0,6,IMG_20250929_145342.jpg
2025-09-29 15:03:55,6.0,7.0,7,0.0,6,IMG_20250929_150355.jpg
2025-09-29 15:14:08,7.0,7.0,7,0.0,4,IMG_20250929_151408.jpg
2025-09-29 15:24:19,5.0,7.0,7,0.0,5,IMG_20250929_152419.jpg
2025-09-29 15:34:30,8.0,7.0,7,0.0,3,IMG_20250929_153430.jpg
2025-09-29 15:44:42,7.0,7.0,7,0.0,3,IMG_20250929_154442.jpg
2025-09-29 15:54:52,6.0,7.0,7,0.0,4,IMG_20250929_155452.jpg
2025-09-29 16:05:04,6.0,7.0,7,0.0,3,IMG_20250929_160504.jpg
2025-09-29 16:15:17,5.0,7.0,7,1.0,4,IMG_20250929_161517.jpg
2025-09-29 16:25:27,7.0,7.0,7,0.0,3,IMG_20250929_162527.jpg
2025-09-29 16:35:39,6.0,7.0,7,0.0,3,IMG_20250929_163539.jpg
2025-09-29 16:45:50,6.0,6.0,7,0.0,1,IMG_20250929_164550.jpg
2025-09-29 16:56:01,6.0,6.0,7,0.0,3,IMG_20250929_165601.jpg
2025-09-29 17:06:12,3.0,6.0,7,0.0,3,IMG_20250929_170612.jpg
2025-09-29 17:16:25,0.0,2.0,5,0.0,1,IMG_20250929_171625.jpg
2025-09-29 17:26:36,0.0,6.0,7,0.0,4,IMG_20250929_172636.jpg
2025-09-29 17:36:47,0.0,6.0,7,0.0,5,IMG_20250929_173647.jpg
2025-09-29 17:46:57,0.0,6.0,7,0.0,4,IMG_20250929_174657.jpg
2025-09-29 17:57:10,5.0,7.0,7,1.0,8,IMG_20250929_175710.jpg
2025-09-29 18:07:21,6.0,7.0,7,0.0,7,IMG_20250929_180721.jpg
2025-09-29 18:17:31,3.0,7.0,7,2.0,8,IMG_20250929_181731.jpg
2025-09-29 18:27:42,5.0,7.0,7,2.0,5,IMG_20250929_182742.jpg
2025-09-29 18:37:53,3.0,7.0,7,3.0,5,IMG_20250929_183753.jpg
2025-09-29 18:48:05,5.0,7.0,7,2.0,5,IMG_20250929_184805.jpg
2025-09-29 18:58:17,5.0,7.0,7,0.0,4,IMG_20250929_185817.jpg
2025-09-29 19:08:29,6.0,8.0,8,0.0,5,IMG_20250929_190829.jpg
2025-09-29 19:18:40,5.0,7.0,7,0.0,5,IMG_20250929_191840.jpg
2025-09-29 19:28:53,6.0,7.0,7,0.0,5,IMG_20250929_192853.jpg
2025-09-29 19:39:03,5.0,7.0,7,0.0,5,IMG_20250929_193903.jpg
2025-09-29 19:49:18,6.0,7.0,7,0.0,4,IMG_20250929_194918.jpg
2025-09-29 19:59:29,5.0,7.0,7,0.0,5,IMG_20250929_195929.jpg
2025-09-29 20:09:41,5.0,7.0,7,0.0,3,IMG_20250929_200941.jpg
2025-09-29 20:19:52,5.0,6.0,7,0.0,4,IMG_20250929_201952.jpg
2025-09-29 20:30:03,5.0,6.0,7,0.0,4,IMG_20250929_203003.jpg
2025-09-29 20:40:16,4.0,6.0,7,0.0,4,IMG_20250929_204016.jpg
2025-09-29 20:50:27,3.0,6.0,7,0.0,3,IMG_20250929_205027.jpg
2025-09-29 21:00:38,4.0,6.0,7,0.0,3,IMG_20250929_210038.jpg
2025-09-29 21:10:51,4.0,6.0,7,0.0,3,IMG_20250929_211051.jpg
2025-09-29 21:21:03,4.0,6.0,7,0.0,3,IMG_20250929_212103.jpg
2025-09-29 21:31:15,4.0,6.0,7,0.0,3,IMG_20250929_213115.jpg
2025-09-29 21:41:26,3.0,6.0,7,0.0,3,IMG_20250929_214126.jpg
2025-09-29 21:51:37,3.0,5.0,6,0.0,3,IMG_20250929_215137.jpg
2025-09-29 22:01:47,5.0,6.0,7,0.0,3,IMG_20250929_220147.jpg
2025-09-29 22:11:59,1.0,6.0,7,0.0,3,IMG_20250929_221159.jpg
2025-09-29 22:22:10,0.0,6.0,7,0.0,3,IMG_20250929_222210.jpg
2025-09-29 22:32:22,0.0,6.0,7,0.0,3,IMG_20250929_223222.jpg
2025-09-29 22:42:33,7.0,6.0,6,1.0,3,IMG_20250929_224233.jpg
2025-09-29 22:52:44,6.0,8.0,8,0.0,3,IMG_20250929_225244.jpg
2025-09-30 07:02:42,0.0,4.0,7,0.0,3,IMG_20250930_070242.jpg
2025-09-30 07:12:53,0.0,4.0,7,0.0,4,IMG_20250930_071253.jpg
2025-09-30 07:23:03,0.0,4.0,7,0.0,3,IMG_20250930_072303.jpg
2025-09-30 07:33:14,0.0,4.0,7,0.0,4,IMG_20250930_073314.jpg
2025-09-30 07:43:25,0.0,4.0,7,0.0,5,IMG_20250930_074325.jpg
2025-09-30 07:53:36,0.0,4.0,7,0.0,5,IMG_20250930_075336.jpg
2025-09-30 08:03:46,0.0,5.0,7,0.0,5,IMG_20250930_080346.jpg
2025-09-30 08:13:56,0.0,4.0,7,0.0,5,IMG_20250930_081356.jpg
2025-09-30 08:24:10,0.0,5.0,7,0.0,5,IMG_20250930_082410.jpg
2025-09-30 08:34:20,0.0,4.0,7,0.0,5,IMG_20250930_083420.jpg
2025-09-30 08:44:32,0.0,4.0,7,0.0,5,IMG_20250930_084432.jpg
2025-09-30 08:54:42,0.0,4.0,7,0.0,4,IMG_20250930_085442.jpg
2025-09-30 09:04:52,0.0,4.0,7,0.0,4,IMG_20250930_090452.jpg
2025-09-30 09:15:06,1.0,4.0,7,0.0,3,IMG_20250930_091506.jpg
2025-09-30 09:25:17,2.0,4.0,7,0.0,4,IMG_20250930_092517.jpg
2025-09-30 09:35:30,1.0,4.0,7,0.0,3,IMG_20250930_093530.jpg
2025-09-30 09:45:42,2.0,6.0,7,0.0,4,IMG_20250930_094542.jpg
2025-09-30 09:55:54,2.0,5.0,8,0.0,3,IMG_20250930_095554.jpg
2025-09-30 10:06:05,3.0,6.0,7,0.0,3,IMG_20250930_100605.jpg
2025-09-30 10:16:16,2.0,6.0,7,0.0,4,IMG_20250930_101616.jpg
2025-09-30 10:26:30,3.0,7.0,8,0.0,4,IMG_20250930_102630.jpg
2025-09-30 10:36:40,2.0,7.0,8,0.0,4,IMG_20250930_103640.jpg
2025-09-30 10:46:51,2.0,7.0,8,0.0,4,IMG_20250930_104651.jpg
2025-09-30 10:57:02,2.0,6.0,8,0.0,4,IMG_20250930_105702.jpg
2025-09-30 11:07:12,1.0,6.0,7,0.0,4,IMG_20250930_110712.jpg
2025-09-30 11:17:23,5.0,6.0,7,0.0,0,IMG_20250930_111723.jpg
2025-09-30 11:27:35,9.0,7.0,8,1.0,1,IMG_20250930_112735.jpg
2025-09-30 11:37:47,7.0,7.0,8,2.0,5,IMG_20250930_113747.jpg
2025-09-30 11:47:59,6.0,6.0,7,0.0,2,IMG_20250930_114759.jpg
2025-09-30 11:58:11,9.0,6.0,7,2.0,5,IMG_20250930_115811.jpg
2025-09-30 12:08:23,9.0,6.0,7,2.0,5,IMG_20250930_120823.jpg
2025-09-30 12:18:37,9.0,7.0,8,1.0,5,IMG_20250930_121837.jpg
2025-09-30 12:28:48,10.0,6.0,7,2.0,4,IMG_20250930_122848.jpg
2025-09-30 12:38:59,16.0,6.0,7,4.0,4,IMG_20250930_123859.jpg
2025-09-30 12:49:09,13.0,6.0,7,0.0,3,IMG_20250930_124909.jpg
2025-09-30 12:59:22,3.0,5.0,7,0.0,3,IMG_20250930_125922.jpg
2025-09-30 13:09:34,2.0,6.0,7,0.0,2,IMG_20250930_130934.jpg
2025-09-30 13:19:46,4.0,6.0,7,1.0,5,IMG_20250930_131946.jpg
2025-09-30 13:29:58,2.0,6.0,7,0.0,3,IMG_20250930_132958.jpg
2025-09-30 13:40:09,3.0,7.0,8,0.0,2,IMG_20250930_134009.jpg
2025-09-30 13:50:22,4.0,6.0,7,1.0,3,IMG_20250930_135022.jpg
2025-09-30 14:00:34,1.0,6.0,7,0.0,4,IMG_20250930_140034.jpg
2025-09-30 14:10:45,1.0,6.0,7,1.0,4,IMG_20250930_141045.jpg
2025-09-30 14:20:57,1.0,6.0,7,0.0,3,IMG_20250930_142057.jpg
2025-09-30 14:31:10,2.0,6.0,7,1.0,2,IMG_20250930_143110.jpg
2025-09-30 14:41:21,4.0,6.0,7,0.0,2,IMG_20250930_144121.jpg
2025-09-30 14:51:31,3.0,6.0,7,1.0,3,IMG_20250930_145131.jpg
2025-09-30 15:01:42,5.0,6.0,7,0.0,1,IMG_20250930_150142.jpg
2025-09-30 15:11:53,4.0,7.0,7,1.0,4,IMG_20250930_151153.jpg
2025-09-30 15:22:04,12.0,7.0,7,0.0,2,IMG_20250930_152204.jpg
2025-09-30 15:32:15,8.0,8.0,8,1.0,6,IMG_20250930_153215.jpg
2025-09-30 15:42:27,9.0,7.0,7,1.0,5,IMG_20250930_154227.jpg
2025-09-30 15:52:38,11.0,8.0,8,1.0,2,IMG_20250930_155238.jpg
2025-09-30 16:02:50,0.0,6.0,7,0.0,2,IMG_20250930_160250.jpg
2025-09-30 16:13:01,0.0,6.0,7,0.0,2,IMG_20250930_161301.jpg
2025-09-30 16:23:13,0.0,5.0,7,0.0,2,IMG_20250930_162313.jpg
2025-09-30 16:33:26,2.0,6.0,7,0.0,3,IMG_20250930_163326.jpg
2025-09-30 16:43:38,2.0,4.0,7,0.0,2,IMG_20250930_164338.jpg
2025-09-30 16:53:50,1.0,6.0,8,0.0,4,IMG_20250930_165350.jpg
2025-09-30 17:04:05,0.0,6.0,7,0.0,2,IMG_20250930_170405.jpg
2025-09-30 17:14:18,3.0,6.0,7,1.0,3,IMG_20250930_171418.jpg
2025-09-30 17:24:28,3.0,4.0,7,1.0,3,IMG_20250930_172428.jpg
2025-09-30 17:34:40,3.0,4.0,7,0.0,4,IMG_20250930_173440.jpg
2025-09-30 17:44:51,3.0,4.0,7,1.0,3,IMG_20250930_174451.jpg
2025-09-30 17:55:03,4.0,4.0,7,1.0,3,IMG_20250930_175503.jpg
2025-09-30 18:05:14,1.0,2.0,7,0.0,3,IMG_20250930_180514.jpg
2025-09-30 18:15:26,0.0,2.0,7,0.0,4,IMG_20250930_181526.jpg
2025-09-30 18:25:36,2.0,3.0,7,0.0,4,IMG_20250930_182536.jpg
2025-09-30 18:35:49,3.0,4.0,7,1.0,3,IMG_20250930_183549.jpg
2025-09-30 18:45:59,3.0,4.0,7,1.0,3,IMG_20250930_184559.jpg
2025-09-30 18:56:10,3.0,4.0,7,0.0,3,IMG_20250930_185610.jpg
2025-09-30 19:06:20,4.0,4.0,7,1.0,3,IMG_20250930_190620.jpg
2025-09-30 19:16:30,5.0,5.0,7,3.0,6,IMG_20250930_191630.jpg
2025-09-30 19:26:47,6.0,5.0,7,0.0,2,IMG_20250930_192647.jpg
2025-09-30 19:36:58,3.0,4.0,7,0.0,3,IMG_20250930_193658.jpg
2025-09-30 19:47:09,2.0,4.0,7,0.0,3,IMG_20250930_194709.jpg
2025-09-30 19:57:21,4.0,4.0,7,1.0,3,IMG_20250930_195721.jpg
2025-09-30 20:07:32,2.0,4.0,7,0.0,2,IMG_20250930_200732.jpg
2025-09-30 20:17:43,2.0,4.0,7,0.0,2,IMG_20250930_201743.jpg
2025-09-30 20:27:54,3.0,4.0,7,0.0,3,IMG_20250930_202754.jpg
2025-09-30 20:38:05,1.0,4.0,7,0.0,3,IMG_20250930_203805.jpg
2025-09-30 20:48:20,1.0,4.0,7,0.0,2,IMG_20250930_204820.jpg
2025-09-30 20:58:33,1.0,4.0,7,0.0,2,IMG_20250930_205833.jpg
2025-09-30 21:08:44,1.0,4.0,7,0.0,3,IMG_20250930_210844.jpg
2025-09-30 21:18:56,1.0,4.0,7,0.0,2,IMG_20250930_211856.jpg
2025-09-30 21:29:07,1.0,4.0,7,0.0,3,IMG_20250930_212907.jpg
2025-09-30 21:39:20,2.0,4.0,7,0.0,3,IMG_20250930_213920.jpg
2025-09-30 21:49:31,3.0,4.0,7,0.0,3,IMG_20250930_214931.jpg
2025-09-30 21:59:43,3.0,4.0,7,0.0,2,IMG_20250930_215943.jpg
2025-09-30 22:09:54,3.0,4.0,7,0.0,2,IMG_20250930_220954.jpg
2025-09-30 22:20:07,2.0,4.0,7,0.0,3,IMG_20250930_222007.jpg
2025-09-30 22:30:18,1.0,4.0,7,0.0,3,IMG_20250930_223018.jpg
2025-09-30 22:40:31,0.0,4.0,7,0.0,3,IMG_20250930_224031.jpg
2025-09-30 22:50:43,0.0,3.0,7,0.0,3,IMG_20250930_225043.jpg
2025-10-01 07:10:03,3.0,5.0,8,0.0,0,IMG_20251001_071003.jpg
2025-10-01 07:20:16,1.0,4.0,7,0.0,1,IMG_20251001_072016.jpg
2025-10-01 07:30:27,2.0,4.0,7,0.0,1,IMG_20251001_073027.jpg
2025-10-01 07:40:37,3.0,5.0,8,0.0,1,IMG_20251001_074037.jpg
2025-10-01 07:50:49,4.0,4.0,7,0.0,1,IMG_20251001_075049.jpg
2025-10-01 08:00:59,4.0,5.0,8,0.0,1,IMG_20251001_080059.jpg
2025-10-01 08:11:09,3.0,4.0,7,0.0,1,IMG_20251001_081109.jpg
2025-10-01 08:21:21,0.0,3.0,7,0.0,4,IMG_20251001_082121.jpg
2025-10-01 08:31:33,0.0,3.0,7,0.0,3,IMG_20251001_083133.jpg
2025-10-01 08:41:47,0.0,3.0,7,0.0,3,IMG_20251001_084147.jpg
2025-10-01 08:51:59,0.0,3.0,7,0.0,1,IMG_20251001_085159.jpg
2025-10-01 09:02:11,0.0,3.0,7,0.0,2,IMG_20251001_090211.jpg
2025-10-01 09:12:23,0.0,3.0,7,0.0,2,IMG_20251001_091223.jpg
2025-10-01 09:22:35,0.0,3.0,7,0.0,2,IMG_20251001_092235.jpg
2025-10-01 09:32:46,0.0,3.0,7,0.0,3,IMG_20251001_093246.jpg
2025-10-01 09:42:56,0.0,4.0,8,0.0,2,IMG_20251001_094256.jpg
2025-10-01 09:53:09,1.0,2.0,7,0.0,4,IMG_20251001_095309.jpg
2025-10-01 10:03:22,1.0,2.0,7,0.0,3,IMG_20251001_100322.jpg
2025-10-01 10:13:33,1.0,2.0,7,0.0,3,IMG_20251001_101333.jpg
2025-10-01 10:23:45,1.0,2.0,7,0.0,3,IMG_20251001_102345.jpg
2025-10-01 10:33:57,1.0,2.0,7,0.0,3,IMG_20251001_103357.jpg
2025-10-01 10:44:08,1.0,2.0,7,0.0,3,IMG_20251001_104408.jpg
2025-10-01 10:54:21,1.0,2.0,7,0.0,1,IMG_20251001_105421.jpg
2025-10-01 11:04:38,7.0,5.0,7,1.0,3,IMG_20251001_110438.jpg
2025-10-01 11:14:48,6.0,4.0,7,2.0,3,IMG_20251001_111448.jpg
2025-10-01 11:25:00,7.0,6.0,9,1.0,4,IMG_20251001_112500.jpg
2025-10-01 11:35:12,3.0,5.0,8,0.0,3,IMG_20251001_113512.jpg
2025-10-01 11:45:23,4.0,6.0,9,0.0,3,IMG_20251001_114523.jpg
2025-10-01 11:55:34,3.0,5.0,8,1.0,6,IMG_20251001_115534.jpg
2025-10-01 12:05:44,0.0,5.0,8,0.0,4,IMG_20251001_120544.jpg
2025-10-01 12:15:55,0.0,5.0,8,0.0,4,IMG_20251001_121555.jpg
2025-10-01 12:26:06,5.0,5.0,8,1.0,4,IMG_20251001_122606.jpg
2025-10-01 12:36:17,6.0,5.0,8,3.0,4,IMG_20251001_123617.jpg
2025-10-01 12:46:28,11.0,7.0,8,2.0,6,IMG_20251001_124628.jpg
2025-10-01 12:56:40,10.0,7.0,8,1.0,7,IMG_20251001_125640.jpg
2025-10-01 13:06:51,12.0,6.0,8,3.0,8,IMG_20251001_130651.jpg
2025-10-01 13:17:04,8.0,6.0,8,1.0,9,IMG_20251001_131704.jpg
2025-10-01 13:27:14,9.0,5.0,7,2.0,8,IMG_20251001_132714.jpg
2025-10-01 13:37:27,9.0,6.0,7,1.0,5,IMG_20251001_133727.jpg
2025-10-01 13:47:37,8.0,7.0,8,3.0,9,IMG_20251001_134737.jpg
2025-10-01 13:57:50,10.0,7.0,8,0.0,6,IMG_20251001_135750.jpg
2025-10-01 14:08:01,13.0,7.0,8,1.0,7,IMG_20251001_140801.jpg
2025-10-01 14:18:12,8.0,10.0,10,2.0,9,IMG_20251001_141812.jpg
2025-10-01 14:28:22,8.0,7.0,7,3.0,6,IMG_20251001_142822.jpg
2025-10-01 14:38:34,9.0,8.0,8,1.0,4,IMG_20251001_143834.jpg
2025-10-01 14:48:45,9.0,8.0,8,2.0,5,IMG_20251001_144845.jpg
2025-10-01 14:58:58,9.0,9.0,9,1.0,5,IMG_20251001_145858.jpg
2025-10-01 15:09:09,10.0,7.0,7,1.0,6,IMG_20251001_150909.jpg
2025-10-01 15:19:20,10.0,8.0,8,2.0,7,IMG_20251001_151920.jpg
2025-10-01 15:29:32,8.0,7.0,8,1.0,5,IMG_20251001_152932.jpg
2025-10-01 15:39:44,10.0,7.0,8,5.0,8,IMG_20251001_153944.jpg
2025-10-01 15:49:55,11.0,8.0,8,4.0,9,IMG_20251001_154955.jpg
2025-10-01 16:00:07,6.0,7.0,8,2.0,7,IMG_20251001_160007.jpg
2025-10-01 16:10:18,5.0,6.0,7,3.0,4,IMG_20251001_161018.jpg
2025-10-01 16:20:29,9.0,8.0,8,2.0,8,IMG_20251001_162029.jpg
2025-10-01 16:30:39,11.0,7.0,7,6.0,8,IMG_20251001_163039.jpg
2025-10-01 16:40:51,6.0,6.0,7,1.0,7,IMG_20251001_164051.jpg
2025-10-01 16:51:01,5.0,7.0,8,0.0,5,IMG_20251001_165101.jpg
2025-10-01 17:01:12,6.0,6.0,7,0.0,5,IMG_20251001_170112.jpg
2025-10-01 17:11:24,6.0,6.0,7,0.0,5,IMG_20251001_171124.jpg
2025-10-01 17:21:36,5.0,6.0,7,1.0,5,IMG_20251001_172136.jpg
2025-10-01 17:31:47,4.0,8.0,9,0.0,7,IMG_20251001_173147.jpg
2025-10-01 17:41:58,4.0,7.0,8,0.0,5,IMG_20251001_174158.jpg
2025-10-01 17:52:10,2.0,6.0,7,0.0,5,IMG_20251001_175210.jpg
2025-10-01 18:02:23,0.0,5.0,7,0.0,6,IMG_20251001_180223.jpg
2025-10-01 18:12:34,0.0,5.0,7,0.0,6,IMG_20251001_181234.jpg
2025-10-01 18:22:45,1.0,5.0,7,0.0,6,IMG_20251001_182245.jpg
2025-10-01 18:32:56,0.0,5.0,7,0.0,7,IMG_20251001_183256.jpg
2025-10-01 18:43:06,0.0,3.0,7,0.0,6,IMG_20251001_184306.jpg
2025-10-01 18:53:17,0.0,3.0,7,0.0,7,IMG_20251001_185317.jpg
2025-10-01 19:03:28,0.0,3.0,7,0.0,6,IMG_20251001_190328.jpg
2025-10-01 19:13:39,0.0,3.0,7,0.0,7,IMG_20251001_191339.jpg
2025-10-01 19:23:51,0.0,3.0,7,0.0,6,IMG_20251001_192351.jpg
2025-10-01 19:34:02,0.0,3.0,7,0.0,7,IMG_20251001_193402.jpg
2025-10-01 19:44:13,5.0,4.0,7,1.0,4,IMG_20251001_194413.jpg
2025-10-01 19:54:24,5.0,4.0,7,1.0,5,IMG_20251001_195424.jpg
2025-10-01 20:04:36,4.0,4.0,7,0.0,4,IMG_20251001_200436.jpg
2025-10-01 20:14:47,4.0,5.0,8,0.0,6,IMG_20251001_201447.jpg
2025-10-01 20:24:58,5.0,3.0,7,1.0,4,IMG_20251001_202458.jpg
2025-10-01 20:35:09,5.0,3.0,7,0.0,4,IMG_20251001_203509.jpg
2025-10-01 20:45:21,5.0,3.0,7,4.0,7,IMG_20251001_204521.jpg
2025-10-01 20:55:31,3.0,3.0,7,1.0,6,IMG_20251001_205531.jpg
2025-10-01 21:05:46,4.0,3.0,7,1.0,3,IMG_20251001_210546.jpg
2025-10-01 21:15:57,6.0,4.0,7,3.0,5,IMG_20251001_211557.jpg
2025-10-01 21:26:09,6.0,3.0,7,1.0,5,IMG_20251001_212609.jpg
2025-10-01 21:36:20,4.0,4.0,8,0.0,5,IMG_20251001_213620.jpg
2025-10-01 21:46:31,4.0,3.0,8,0.0,3,IMG_20251001_214631.jpg
2025-10-01 21:56:41,5.0,3.0,7,1.0,5,IMG_20251001_215641.jpg
2025-10-01 22:06:53,6.0,3.0,7,1.0,5,IMG_20251001_220653.jpg
2025-10-01 22:17:04,5.0,5.0,9,0.0,4,IMG_20251001_221704.jpg
2025-10-01 22:27:15,6.0,4.0,8,2.0,4,IMG_20251001_222715.jpg
2025-10-01 22:37:25,5.0,3.0,7,3.0,7,IMG_20251001_223725.jpg
2025-10-01 22:47:35,5.0,3.0,8,2.0,5,IMG_20251001_224735.jpg
2025-10-01 22:57:47,3.0,4.0,8,0.0,6,IMG_20251001_225747.jpg
2025-10-02 07:07:50,0.0,1.0,7,0.0,5,IMG_20251002_070750.jpg
2025-10-02 07:18:02,0.0,1.0,7,0.0,6,IMG_20251002_071802.jpg
2025-10-02 07:28:13,0.0,1.0,7,0.0,6,IMG_20251002_072813.jpg
2025-10-02 07:38:26,0.0,1.0,7,0.0,6,IMG_20251002_073826.jpg
2025-10-02 07:48:36,2.0,4.0,8,0.0,5,IMG_20251002_074836.jpg
2025-10-02 07:58:47,4.0,4.0,8,0.0,4,IMG_20251002_075847.jpg
2025-10-02 08:08:59,5.0,6.0,8,0.0,0,IMG_20251002_080859.jpg
2025-10-02 08:19:10,3.0,6.0,8,0.0,0,IMG_20251002_081910.jpg
2025-10-02 08:29:22,0.0,4.0,7,0.0,0,IMG_20251002_082922.jpg
2025-10-02 08:39:33,0.0,4.0,7,0.0,0,IMG_20251002_083933.jpg
2025-10-02 08:49:46,0.0,4.0,7,0.0,5,IMG_20251002_084946.jpg
2025-10-02 08:59:56,3.0,5.0,7,0.0,5,IMG_20251002_085956.jpg
2025-10-02 09:10:09,3.0,5.0,7,0.0,5,IMG_20251002_091009.jpg
2025-10-02 09:20:21,3.0,5.0,7,0.0,5,IMG_20251002_092021.jpg
2025-10-02 09:30:32,3.0,6.0,7,0.0,6,IMG_20251002_093032.jpg
2025-10-02 09:40:42,3.0,5.0,7,0.0,5,IMG_20251002_094042.jpg
2025-10-02 09:50:53,3.0,5.0,7,0.0,4,IMG_20251002_095053.jpg
2025-10-02 10:01:03,0.0,5.0,7,0.0,5,IMG_20251002_100103.jpg
2025-10-02 10:11:13,1.0,5.0,7,0.0,4,IMG_20251002_101113.jpg
2025-10-02 10:21:26,2.0,5.0,7,0.0,5,IMG_20251002_102126.jpg
2025-10-02 10:31:36,1.0,5.0,7,0.0,4,IMG_20251002_103136.jpg
2025-10-02 10:41:47,2.0,5.0,7,0.0,4,IMG_20251002_104147.jpg
2025-10-02 10:51:59,3.0,5.0,7,0.0,5,IMG_20251002_105159.jpg
2025-10-02 11:02:21,1.0,4.0,7,0.0,7,IMG_20251002_110221.jpg
2025-10-02 11:12:48,1.0,4.0,7,0.0,6,IMG_20251002_111248.jpg
2025-10-02 11:23:10,1.0,4.0,7,1.0,5,IMG_20251002_112310.jpg
2025-10-02 11:34:46,0.0,3.0,7,0.0,7,IMG_20251002_113446.jpg
2025-10-02 11:48:20,2.0,5.0,7,0.0,7,IMG_20251002_114820.jpg
2025-10-02 11:59:10,1.0,5.0,7,0.0,5,IMG_20251002_115910.jpg
2025-10-02 12:12:54,2.0,6.0,8,0.0,4,IMG_20251002_121254.jpg
2025-10-02 12:25:28,2.0,6.0,8,0.0,6,IMG_20251002_122528.jpg
2025-10-02 12:36:26,2.0,5.0,7,3.0,5,IMG_20251002_123626.jpg
2025-10-02 12:47:39,4.0,6.0,8,1.0,3,IMG_20251002_124739.jpg
2025-10-03 10:02:16,1.0,0.0,0,0.0,0,IMG_20250926_100216.jpg
2025-10-03 10:03:49,1.0,0.0,0,0.0,0,IMG_20250926_100349.jpg
2025-10-03 10:14:00,4.0,5.0,8,1.0,3,IMG_20250926_101400.jpg
2025-10-03 10:24:11,2.0,4.0,8,0.0,6,IMG_20250926_102411.jpg
2025-10-03 10:34:22,4.0,4.0,8,0.0,6,IMG_20250926_103422.jpg
2025-10-03 10:44:33,2.0,5.0,8,0.0,9,IMG_20250926_104433.jpg
2025-10-03 10:54:44,2.0,5.0,8,0.0,7,IMG_20250926_105444.jpg
2025-10-03 11:04:55,3.0,5.0,8,0.0,8,IMG_20250926_110455.jpg
2025-10-03 11:15:06,0.0,2.0,8,0.0,4,IMG_20250926_111506.jpg
2025-10-03 11:25:16,1.0,2.0,7,0.0,6,IMG_20250926_112516.jpg
2025-10-03 11:35:32,1.0,3.0,8,0.0,5,IMG_20250926_113532.jpg
2025-10-03 11:45:43,1.0,4.0,8,0.0,7,IMG_20250926_114543.jpg
2025-10-03 11:55:54,3.0,7.0,10,0.0,6,IMG_20250926_115554.jpg
2025-10-03 12:06:05,5.0,6.0,8,0.0,6,IMG_20250926_120605.jpg
2025-10-03 12:16:18,5.0,6.0,8,0.0,6,IMG_20250926_121618.jpg
2025-10-03 12:26:28,8.0,6.0,8,0.0,5,IMG_20250926_122628.jpg
2025-10-03 12:36:38,9.0,5.0,7,0.0,6,IMG_20250926_123638.jpg
2025-10-03 12:46:49,3.0,5.0,8,0.0,6,IMG_20250926_124649.jpg
2025-10-03 12:57:01,3.0,3.0,8,0.0,4,IMG_20250926_125701.jpg
2025-10-03 13:07:12,3.0,3.0,8,1.0,9,IMG_20250926_130712.jpg
2025-10-03 13:17:24,0.0,2.0,8,0.0,9,IMG_20250926_131724.jpg
2025-10-03 13:27:38,0.0,2.0,8,0.0,7,IMG_20250926_132738.jpg
2025-10-03 13:37:50,0.0,2.0,8,0.0,9,IMG_20250926_133750.jpg
2025-10-03 13:48:01,0.0,2.0,8,0.0,8,IMG_20250926_134801.jpg
2025-10-03 13:58:13,0.0,2.0,8,0.0,7,IMG_20250926_135813.jpg
2025-10-03 14:08:26,0.0,2.0,8,0.0,8,IMG_20250926_140826.jpg
2025-10-03 14:18:39,0.0,2.0,8,0.0,9,IMG_20250926_141839.jpg
2025-10-03 14:28:52,0.0,2.0,8,0.0,7,IMG_20250926_142852.jpg
2025-10-03 14:39:03,0.0,2.0,9,0.0,6,IMG_20250926_143903.jpg
2025-10-03 14:49:13,0.0,2.0,8,0.0,8,IMG_20250926_144913.jpg
2025-10-03 14:59:24,0.0,2.0,8,0.0,8,IMG_20250926_145924.jpg
2025-10-03 15:09:34,0.0,2.0,9,0.0,6,IMG_20250926_150934.jpg
2025-10-03 15:19:45,0.0,2.0,9,0.0,5,IMG_20250926_151945.jpg
2025-10-03 15:29:57,0.0,2.0,9,0.0,6,IMG_20250926_152957.jpg
2025-10-03 15:40:08,0.0,2.0,9,0.0,6,IMG_20250926_154008.jpg
2025-10-03 15:50:21,4.0,2.0,8,0.0,4,IMG_20250926_155021.jpg
2025-10-03 16:00:31,3.0,2.0,8,0.0,6,IMG_20250926_160031.jpg
2025-10-03 16:10:42,8.0,5.0,9,1.0,7,IMG_20250926_161042.jpg
2025-10-03 16:20:55,9.0,5.0,8,3.0,6,IMG_20250926_162055.jpg
2025-10-03 16:31:06,8.0,5.0,8,0.0,7,IMG_20250926_163106.jpg
2025-10-03 16:41:16,7.0,5.0,8,0.0,5,IMG_20250926_164116.jpg
2025-10-03 16:51:26,7.0,5.0,8,0.0,5,IMG_20250926_165126.jpg
2025-10-03 17:01:37,9.0,5.0,8,0.0,6,IMG_20250926_170137.jpg
2025-10-03 17:11:47,7.0,6.0,8,1.0,7,IMG_20250926_171147.jpg
2025-10-03 17:21:57,7.0,6.0,8,1.0,8,IMG_20250926_172157.jpg
2025-10-03 17:32:08,7.0,6.0,8,2.0,7,IMG_20250926_173208.jpg
2025-10-03 17:42:18,5.0,6.0,8,1.0,6,IMG_20250926_174218.jpg
2025-10-03 17:52:28,4.0,6.0,8,0.0,7,IMG_20250926_175228.jpg
2025-10-03 18:02:40,4.0,6.0,8,0.0,6,IMG_20250926_180240.jpg
2025-10-03 18:12:50,4.0,6.0,8,0.0,6,IMG_20250926_181250.jpg
2025-10-03 18:23:01,5.0,6.0,7,0.0,6,IMG_20250926_182301.jpg
2025-10-03 18:33:12,5.0,9.0,9,0.0,6,IMG_20250926_183312.jpg
2025-10-03 18:43:23,5.0,4.0,7,2.0,8,IMG_20250926_184323.jpg
2025-10-03 18:53:34,1.0,5.0,7,0.0,5,IMG_20250926_185334.jpg
2025-10-03 19:03:45,3.0,5.0,7,0.0,5,IMG_20250926_190345.jpg
2025-10-03 19:13:57,2.0,5.0,7,0.0,6,IMG_20250926_191357.jpg
2025-10-03 19:24:09,4.0,5.0,6,0.0,6,IMG_20250926_192409.jpg
2025-10-03 19:34:20,3.0,6.0,7,0.0,6,IMG_20250926_193420.jpg
2025-10-03 19:44:36,7.0,5.0,7,0.0,7,IMG_20250926_194436.jpg
2025-10-03 19:54:47,3.0,6.0,9,0.0,7,IMG_20250926_195447.jpg
2025-10-03 20:04:57,4.0,5.0,7,0.0,6,IMG_20250926_200457.jpg
2025-10-03 20:15:09,2.0,5.0,7,0.0,8,IMG_20250926_201509.jpg
2025-10-03 20:25:20,2.0,5.0,7,0.0,7,IMG_20250926_202520.jpg
2025-10-03 20:35:41,1.0,8.0,10,0.0,6,IMG_20250926_203541.jpg
2025-10-03 20:45:56,2.0,5.0,7,0.0,7,IMG_20250926_204556.jpg
2025-10-03 20:56:09,1.0,5.0,7,0.0,6,IMG_20250926_205609.jpg
2025-10-03 21:06:20,3.0,5.0,7,0.0,6,IMG_20250926_210620.jpg
2025-10-03 21:16:32,2.0,5.0,7,0.0,8,IMG_20250926_211632.jpg
2025-10-03 21:26:43,2.0,5.0,7,0.0,7,IMG_20250926_212643.jpg
2025-10-03 21:36:53,0.0,5.0,7,0.0,7,IMG_20250926_213653.jpg
2025-10-03 21:47:03,2.0,5.0,7,0.0,7,IMG_20250926_214703.jpg
2025-10-03 21:57:14,1.0,6.0,7,0.0,6,IMG_20250926_215714.jpg
2025-10-03 22:07:25,1.0,5.0,7,0.0,4,IMG_20250926_220725.jpg
2025-10-03 22:17:37,1.0,7.0,8,0.0,1,IMG_20250926_221737.jpg
2025-10-03 22:27:48,2.0,5.0,7,0.0,5,IMG_20250926_222748.jpg
2025-10-03 22:38:00,2.0,8.0,10,0.0,3,IMG_20250926_223800.jpg
2025-10-03 22:48:10,2.0,5.0,7,0.0,2,IMG_20250926_224810.jpg
2025-10-03 22:58:24,2.0,7.0,9,0.0,3,IMG_20250926_225824.jpg
2025-10-04 07:08:15,0.0,2.0,7,0.0,8,IMG_20250927_070815.jpg
2025-10-04 07:18:29,0.0,2.0,7,0.0,7,IMG_20250927_071829.jpg
2025-10-04 07:28:40,0.0,2.0,7,0.0,6,IMG_20250927_072840.jpg
2025-10-04 07:38:52,0.0,2.0,7,0.0,7,IMG_20250927_073852.jpg
2025-10-04 07:49:04,0.0,2.0,7,0.0,7,IMG_20250927_074904.jpg
2025-10-04 07:59:18,0.0,2.0,7,0.0,8,IMG_20250927_075918.jpg
2025-10-04 08:09:29,0.0,2.0,7,0.0,8,IMG_20250927_080929.jpg
2025-10-04 08:19:42,0.0,1.0,7,0.0,7,IMG_20250927_081942.jpg
2025-10-04 08:29:54,0.0,2.0,7,0.0,6,IMG_20250927_082954.jpg
2025-10-04 08:40:06,0.0,2.0,7,0.0,8,IMG_20250927_084006.jpg
2025-10-04 08:50:18,0.0,2.0,7,0.0,7,IMG_20250927_085018.jpg
2025-10-04 09:00:29,0.0,2.0,7,0.0,9,IMG_20250927_090029.jpg
2025-10-04 09:10:41,0.0,2.0,7,0.0,7,IMG_20250927_091041.jpg
2025-10-04 09:20:53,0.0,2.0,7,0.0,6,IMG_20250927_092053.jpg
2025-10-04 09:31:03,0.0,2.0,7,0.0,6,IMG_20250927_093103.jpg
2025-10-04 09:41:15,0.0,2.0,7,0.0,8,IMG_20250927_094115.jpg
2025-10-04 09:51:27,0.0,2.0,7,0.0,7,IMG_20250927_095127.jpg
2025-10-04 10:01:38,0.0,2.0,7,0.0,6,IMG_20250927_100138.jpg
2025-10-04 10:11:49,0.0,2.0,7,0.0,9,IMG_20250927_101149.jpg
2025-10-04 10:22:03,0.0,2.0,7,0.0,8,IMG_20250927_102203.jpg
2025-10-04 10:32:14,0.0,2.0,7,0.0,6,IMG_20250927_103214.jpg
2025-10-04 10:42:26,0.0,2.0,7,0.0,8,IMG_20250927_104226.jpg
2025-10-04 10:52:38,0.0,2.0,7,0.0,9,IMG_20250927_105238.jpg
2025-10-04 11:02:51,0.0,2.0,7,0.0,6,IMG_20250927_110251.jpg
2025-10-04 11:13:02,0.0,2.0,7,0.0,5,IMG_20250927_111302.jpg
2025-10-04 11:23:13,0.0,2.0,7,0.0,7,IMG_20250927_112313.jpg
2025-10-04 11:33:24,0.0,2.0,7,0.0,7,IMG_20250927_113324.jpg
2025-10-04 11:43:36,0.0,2.0,7,0.0,6,IMG_20250927_114336.jpg
2025-10-04 11:53:47,0.0,2.0,7,0.0,7,IMG_20250927_115347.jpg
2025-10-04 12:03:57,0.0,2.0,7,0.0,7,IMG_20250927_120357.jpg
2025-10-04 12:14:07,0.0,2.0,7,0.0,6,IMG_20250927_121407.jpg
2025-10-04 12:24:18,0.0,2.0,7,0.0,6,IMG_20250927_122418.jpg
2025-10-04 12:34:29,0.0,2.0,7,0.0,5,IMG_20250927_123429.jpg
2025-10-04 12:44:44,0.0,2.0,7,0.0,7,IMG_20250927_124444.jpg
2025-10-04 12:54:56,0.0,2.0,7,0.0,6,IMG_20250927_125456.jpg
2025-10-04 13:05:09,0.0,2.0,7,0.0,6,IMG_20250927_130509.jpg
2025-10-04 13:15:19,0.0,2.0,7,0.0,5,IMG_20250927_131519.jpg
2025-10-04 13:25:30,0.0,2.0,7,0.0,8,IMG_20250927_132530.jpg
2025-10-04 13:35:41,0.0,2.0,7,0.0,5,IMG_20250927_133541.jpg
2025-10-04 13:45:52,0.0,2.0,7,0.0,6,IMG_20250927_134552.jpg
2025-10-04 13:56:02,0.0,2.0,7,0.0,5,IMG_20250927_135602.jpg
2025-10-04 14:06:14,0.0,2.0,7,0.0,6,IMG_20250927_140614.jpg
2025-10-04 14:16:24,0.0,2.0,7,0.0,6,IMG_20250927_141624.jpg
2025-10-04 14:26:34,0.0,2.0,7,0.0,5,IMG_20250927_142634.jpg
2025-10-04 14:36:46,0.0,2.0,7,0.0,6,IMG_20250927_143646.jpg
2025-10-04 14:46:58,0.0,2.0,7,0.0,5,IMG_20250927_144658.jpg
2025-10-04 14:57:08,0.0,1.0,7,0.0,8,IMG_20250927_145708.jpg
2025-10-04 15:07:25,0.0,2.0,7,0.0,6,IMG_20250927_150725.jpg
2025-10-04 15:17:37,0.0,2.0,7,0.0,5,IMG_20250927_151737.jpg
2025-10-04 15:27:48,0.0,2.0,7,0.0,6,IMG_20250927_152748.jpg
2025-10-04 15:38:00,0.0,2.0,7,0.0,5,IMG_20250927_153800.jpg
2025-10-04 15:48:12,0.0,1.0,7,0.0,5,IMG_20250927_154812.jpg
2025-10-04 15:58:23,0.0,1.0,7,0.0,5,IMG_20250927_155823.jpg
2025-10-04 16:08:34,0.0,1.0,7,0.0,5,IMG_20250927_160834.jpg
2025-10-04 16:18:47,0.0,2.0,7,0.0,4,IMG_20250927_161847.jpg
2025-10-04 16:28:57,0.0,1.0,7,0.0,5,IMG_20250927_162857.jpg
2025-10-04 16:39:09,0.0,1.0,7,0.0,5,IMG_20250927_163909.jpg
2025-10-04 16:49:24,0.0,1.0,7,0.0,5,IMG_20250927_164924.jpg
2025-10-04 16:59:35,0.0,1.0,7,0.0,5,IMG_20250927_165935.jpg
2025-10-04 17:09:47,0.0,1.0,7,0.0,5,IMG_20250927_170947.jpg
2025-10-04 17:20:00,0.0,3.0,7,0.0,5,IMG_20250927_172000.jpg
2025-10-04 17:30:11,0.0,3.0,7,0.0,5,IMG_20250927_173011.jpg
2025-10-04 17:40:23,0.0,3.0,7,0.0,5,IMG_20250927_174023.jpg
2025-10-04 17:50:34,1.0,5.0,7,0.0,4,IMG_20250927_175034.jpg
2025-10-04 18:00:45,1.0,5.0,7,0.0,4,IMG_20250927_180045.jpg
2025-10-04 18:10:56,1.0,5.0,7,0.0,4,IMG_20250927_181056.jpg
2025-10-04 18:21:13,4.0,7.0,8,0.0,3,IMG_20250927_182113.jpg
2025-10-04 18:31:23,8.0,7.0,8,0.0,2,IMG_20250927_183123.jpg
2025-10-04 18:41:33,5.0,7.0,8,0.0,3,IMG_20250927_184133.jpg
2025-10-04 18:51:47,7.0,7.0,8,1.0,3,IMG_20250927_185147.jpg
2025-10-04 19:01:58,5.0,7.0,8,0.0,2,IMG_20250927_190158.jpg
2025-10-04 19:12:09,11.0,7.0,8,1.0,5,IMG_20250927_191209.jpg
2025-10-04 19:22:20,9.0,7.0,8,2.0,4,IMG_20250927_192220.jpg
2025-10-04 19:32:31,9.0,7.0,8,1.0,4,IMG_20250927_193231.jpg
2025-10-04 19:42:42,10.0,7.0,8,1.0,4,IMG_20250927_194242.jpg
2025-10-04 19:52:53,11.0,7.0,8,1.0,3,IMG_20250927_195253.jpg
2025-10-04 20:03:05,9.0,7.0,8,0.0,4,IMG_20250927_200305.jpg
2025-10-04 20:13:17,9.0,7.0,8,0.0,4,IMG_20250927_201317.jpg
2025-10-04 20:23:28,8.0,7.0,8,1.0,4,IMG_20250927_202328.jpg
2025-10-04 20:33:37,10.0,7.0,8,2.0,6,IMG_20250927_203337.jpg
2025-10-04 20:43:47,8.0,7.0,8,2.0,5,IMG_20250927_204347.jpg
2025-10-04 20:53:58,8.0,7.0,8,4.0,6,IMG_20250927_205358.jpg
2025-10-04 21:04:10,7.0,7.0,8,3.0,5,IMG_20250927_210410.jpg
2025-10-04 21:14:23,7.0,7.0,8,2.0,6,IMG_20250927_211423.jpg
2025-10-04 21:24:33,9.0,7.0,8,5.0,7,IMG_20250927_212433.jpg
2025-10-04 21:34:43,12.0,8.0,9,6.0,6,IMG_20250927_213443.jpg
2025-10-04 21:44:54,10.0,7.0,8,4.0,11,IMG_20250927_214454.jpg
2025-10-04 21:55:04,8.0,7.0,9,0.0,7,IMG_20250927_215504.jpg
2025-10-04 22:05:16,7.0,4.0,8,1.0,5,IMG_20250927_220516.jpg
2025-10-04 22:15:27,8.0,5.0,9,2.0,8,IMG_20250927_221527.jpg
2025-10-04 22:25:36,7.0,7.0,9,0.0,5,IMG_20250927_222536.jpg
2025-10-04 22:35:48,7.0,7.0,10,1.0,6,IMG_20250927_223548.jpg
2025-10-04 22:45:59,5.0,7.0,9,0.0,6,IMG_20250927_224559.jpg
2025-10-04 22:56:09,8.0,7.0,9,0.0,6,IMG_20250927_225609.jpg
2025-10-05 07:05:09,0.0,3.0,8,0.0,6,IMG_20250928_070509.jpg
2025-10-05 07:15:20,0.0,3.0,8,0.0,6,IMG_20250928_071520.jpg
2025-10-05 07:25:30,0.0,3.0,8,0.0,6,IMG_20250928_072530.jpg
2025-10-05 07:35:41,0.0,3.0,8,0.0,7,IMG_20250928_073541.jpg
2025-10-05 07:45:52,0.0,3.0,8,0.0,7,IMG_20250928_074552.jpg
2025-10-05 07:56:02,0.0,3.0,8,0.0,6,IMG_20250928_075602.jpg
2025-10-05 08:06:15,0.0,3.0,8,0.0,6,IMG_20250928_080615.jpg
2025-10-05 08:16:27,0.0,3.0,8,0.0,6,IMG_20250928_081627.jpg
2025-10-05 08:26:39,0.0,3.0,8,0.0,8,IMG_20250928_082639.jpg
2025-10-05 08:36:52,0.0,3.0,8,0.0,6,IMG_20250928_083652.jpg
2025-10-05 08:47:03,0.0,3.0,8,0.0,5,IMG_20250928_084703.jpg
2025-10-06 12:28:15,4.0,0.0,0,1.0,2,IMG_20251006_122815.jpg
2025-10-06 12:38:29,4.0,6.0,9,0.0,4,IMG_20251006_123829.jpg
2025-10-06 12:48:40,3.0,4.0,9,1.0,3,IMG_20251006_124840.jpg
2025-10-06 12:58:51,1.0,4.0,9,1.0,4,IMG_20251006_125851.jpg
2025-10-06 13:09:03,1.0,4.0,9,0.0,3,IMG_20251006_130903.jpg
2025-10-06 13:19:13,3.0,4.0,9,1.0,3,IMG_20251006_131913.jpg
2025-10-06 13:29:24,4.0,6.0,10,0.0,3,IMG_20251006_132924.jpg
2025-10-06 13:39:37,2.0,5.0,10,0.0,3,IMG_20251006_133937.jpg
2025-10-06 13:49:49,2.0,4.0,9,0.0,2,IMG_20251006_134949.jpg
2025-10-06 14:00:00,1.0,4.0,9,0.0,3,IMG_20251006_140000.jpg
2025-10-06 14:10:11,3.0,5.0,9,0.0,1,IMG_20251006_141011.jpg
2025-10-06 14:20:23,4.0,5.0,9,0.0,6,IMG_20251006_142023.jpg
2025-10-06 14:30:42,4.0,6.0,10,0.0,3,IMG_20251006_143042.jpg
2025-10-06 14:40:59,4.0,5.0,9,0.0,2,IMG_20251006_144059.jpg
2025-10-06 14:51:10,4.0,5.0,9,0.0,2,IMG_20251006_145110.jpg
2025-10-06 15:01:23,4.0,5.0,9,0.0,3,IMG_20251006_150123.jpg
2025-10-06 15:11:34,5.0,6.0,10,0.0,2,IMG_20251006_151134.jpg
2025-10-06 15:21:46,4.0,8.0,9,0.0,3,IMG_20251006_152146.jpg
2025-10-06 15:31:57,3.0,5.0,9,0.0,3,IMG_20251006_153157.jpg
2025-10-06 15:42:09,1.0,4.0,9,0.0,3,IMG_20251006_154209.jpg
2025-10-06 15:52:25,0.0,4.0,9,0.0,3,IMG_20251006_155225.jpg
2025-10-06 16:02:35,0.0,5.0,9,0.0,4,IMG_20251006_160235.jpg
2025-10-06 16:12:46,0.0,5.0,9,0.0,4,IMG_20251006_161246.jpg
2025-10-06 16:22:57,0.0,5.0,9,0.0,4,IMG_20251006_162257.jpg
2025-10-06 16:33:09,0.0,4.0,9,0.0,5,IMG_20251006_163309.jpg
2025-10-06 16:43:21,0.0,4.0,9,0.0,3,IMG_20251006_164321.jpg
2025-10-06 16:53:39,0.0,4.0,9,0.0,4,IMG_20251006_165339.jpg
2025-10-06 17:03:55,0.0,4.0,9,0.0,3,IMG_20251006_170355.jpg
2025-10-06 17:14:07,0.0,4.0,9,0.0,3,IMG_20251006_171407.jpg
2025-10-06 17:24:18,0.0,5.0,9,0.0,4,IMG_20251006_172418.jpg
2025-10-06 17:34:29,0.0,4.0,9,0.0,4,IMG_20251006_173429.jpg
2025-10-06 17:44:41,0.0,3.0,9,0.0,3,IMG_20251006_174441.jpg
2025-10-06 17:54:53,0.0,3.0,9,0.0,2,IMG_20251006_175453.jpg
2025-10-06 18:05:05,0.0,1.0,10,0.0,1,IMG_20251006_180505.jpg
2025-10-06 18:15:18,0.0,1.0,9,0.0,1,IMG_20251006_181518.jpg
2025-10-06 18:25:31,0.0,1.0,9,0.0,1,IMG_20251006_182531.jpg
2025-10-06 18:35:44,0.0,1.0,9,0.0,2,IMG_20251006_183544.jpg
2025-10-06 18:45:59,0.0,0.0,0,0.0,0,IMG_20251006_184559.jpg
2025-10-06 18:56:10,1.0,4.0,9,1.0,4,IMG_20251006_185610.jpg
2025-10-06 19:06:21,0.0,4.0,9,0.0,5,IMG_20251006_190621.jpg
2025-10-06 19:16:33,1.0,4.0,9,0.0,6,IMG_20251006_191633.jpg
2025-10-06 19:26:43,1.0,4.0,9,0.0,6,IMG_20251006_192643.jpg
2025-10-06 19:36:53,0.0,4.0,9,0.0,7,IMG_20251006_193653.jpg
2025-10-06 19:47:07,1.0,4.0,9,1.0,4,IMG_20251006_194707.jpg
2025-10-06 19:57:18,1.0,4.0,9,1.0,4,IMG_20251006_195718.jpg
2025-10-06 20:07:29,2.0,4.0,9,1.0,4,IMG_20251006_200729.jpg
2025-10-06 20:17:41,0.0,4.0,9,0.0,6,IMG_20251006_201741.jpg
2025-10-06 20:27:52,1.0,4.0,9,0.0,4,IMG_20251006_202752.jpg
2025-10-06 20:38:03,1.0,4.0,9,0.0,4,IMG_20251006_203803.jpg
2025-10-06 20:48:15,1.0,4.0,9,0.0,4,IMG_20251006_204815.jpg
2025-10-06 20:58:26,1.0,4.0,9,0.0,5,IMG_20251006_205826.jpg
2025-10-06 21:08:37,1.0,4.0,9,0.0,4,IMG_20251006_210837.jpg
2025-10-06 21:18:48,2.0,4.0,9,1.0,4,IMG_20251006_211848.jpg
2025-10-06 21:28:59,0.0,4.0,9,0.0,6,IMG_20251006_212859.jpg
2025-10-06 21:39:09,1.0,4.0,9,1.0,4,IMG_20251006_213909.jpg
2025-10-06 21:49:23,1.0,4.0,9,1.0,4,IMG_20251006_214923.jpg
2025-10-06 21:59:33,2.0,4.0,9,1.0,4,IMG_20251006_215933.jpg
2025-10-06 22:09:47,0.0,2.0,9,0.0,1,IMG_20251006_220947.jpg
2025-10-06 22:19:58,0.0,0.0,0,0.0,2,IMG_20251006_221958.jpg
2025-10-06 22:30:10,0.0,1.0,1,0.0,2,IMG_20251006_223010.jpg
2025-10-06 22:40:23,0.0,1.0,1,0.0,2,IMG_20251006_224023.jpg
2025-10-06 22:50:36,0.0,0.0,0,0.0,2,IMG_20251006_225036.jpg
2025-10-07 07:00:28,0.0,2.0,9,0.0,10,IMG_20251007_070028.jpg
2025-10-07 07:10:41,0.0,2.0,9,0.0,7,IMG_20251007_071041.jpg
2025-10-07 07:20:51,0.0,3.0,9,0.0,7,IMG_20251007_072051.jpg
2025-10-07 07:31:02,0.0,3.0,9,0.0,6,IMG_20251007_073102.jpg
2025-10-07 07:41:12,0.0,3.0,9,0.0,6,IMG_20251007_074112.jpg
2025-10-07 07:51:22,1.0,7.0,9,0.0,5,IMG_20251007_075122.jpg
2025-10-07 08:01:34,3.0,7.0,8,0.0,5,IMG_20251007_080134.jpg
2025-10-07 08:11:44,0.0,5.0,9,0.0,6,IMG_20251007_081144.jpg
2025-10-07 08:21:55,0.0,5.0,9,0.0,6,IMG_20251007_082155.jpg
2025-10-07 08:32:05,0.0,5.0,9,0.0,6,IMG_20251007_083205.jpg
2025-10-07 08:42:15,0.0,5.0,9,0.0,6,IMG_20251007_084215.jpg
2025-10-07 08:52:25,3.0,5.0,9,0.0,11,IMG_20251007_085225.jpg
2025-10-07 09:02:35,3.0,7.0,8,1.0,7,IMG_20251007_090235.jpg
2025-10-07 09:12:46,3.0,6.0,8,1.0,10,IMG_20251007_091246.jpg
2025-10-07 09:22:56,4.0,6.0,8,1.0,5,IMG_20251007_092256.jpg
2025-10-07 09:33:08,5.0,6.0,8,1.0,6,IMG_20251007_093308.jpg
2025-10-07 09:43:19,5.0,6.0,8,1.0,7,IMG_20251007_094319.jpg
2025-10-07 09:53:31,4.0,6.0,8,1.0,5,IMG_20251007_095331.jpg
2025-10-07 10:03:42,5.0,7.0,9,1.0,5,IMG_20251007_100342.jpg
2025-10-07 10:13:53,5.0,7.0,9,0.0,5,IMG_20251007_101353.jpg
2025-10-07 10:24:04,6.0,7.0,8,1.0,5,IMG_20251007_102404.jpg
2025-10-07 10:34:15,5.0,7.0,9,1.0,5,IMG_20251007_103415.jpg
2025-10-07 10:44:26,6.0,7.0,9,2.0,4,IMG_20251007_104426.jpg
2025-10-07 10:54:36,5.0,7.0,9,1.0,5,IMG_20251007_105436.jpg
2025-10-07 11:04:48,3.0,7.0,9,2.0,6,IMG_20251007_110448.jpg
2025-10-07 11:15:01,2.0,6.0,9,2.0,7,IMG_20251007_111501.jpg
2025-10-07 11:25:13,2.0,7.0,9,1.0,8,IMG_20251007_112513.jpg
2025-10-07 11:35:23,3.0,7.0,9,2.0,4,IMG_20251007_113523.jpg
2025-10-07 11:45:34,1.0,7.0,9,0.0,5,IMG_20251007_114534.jpg
2025-10-07 11:55:44,0.0,7.0,9,0.0,6,IMG_20251007_115544.jpg
2025-10-07 12:05:56,5.0,6.0,9,0.0,5,IMG_20251007_120556.jpg
2025-10-07 12:16:06,0.0,4.0,9,0.0,5,IMG_20251007_121606.jpg
2025-10-07 12:26:17,0.0,4.0,9,0.0,5,IMG_20251007_122617.jpg
2025-10-07 12:36:27,0.0,3.0,9,0.0,4,IMG_20251007_123627.jpg
2025-10-07 12:46:38,0.0,5.0,9,0.0,5,IMG_20251007_124638.jpg
2025-10-07 12:56:49,0.0,2.0,9,0.0,6,IMG_20251007_125649.jpg
2025-10-07 13:07:03,0.0,3.0,9,0.0,6,IMG_20251007_130703.jpg
2025-10-07 13:17:14,0.0,2.0,9,0.0,6,IMG_20251007_131714.jpg
2025-10-07 13:27:25,1.0,2.0,9,0.0,4,IMG_20251007_132725.jpg
2025-10-07 13:37:36,0.0,3.0,9,0.0,6,IMG_20251007_133736.jpg
2025-10-07 13:47:48,0.0,3.0,9,0.0,5,IMG_20251007_134748.jpg
2025-10-07 13:57:59,0.0,3.0,9,0.0,6,IMG_20251007_135759.jpg
2025-10-07 14:08:11,0.0,2.0,9,0.0,6,IMG_20251007_140811.jpg
2025-10-07 14:18:28,0.0,2.0,9,0.0,7,IMG_20251007_141828.jpg
2025-10-07 14:28:40,0.0,2.0,9,0.0,5,IMG_20251007_142840.jpg
2025-10-07 14:38:56,0.0,2.0,9,0.0,5,IMG_20251007_143856.jpg
2025-10-07 14:49:06,0.0,2.0,9,0.0,5,IMG_20251007_144906.jpg
2025-10-07 14:59:17,0.0,3.0,9,0.0,5,IMG_20251007_145917.jpg
2025-10-07 15:09:29,0.0,2.0,9,0.0,7,IMG_20251007_150929.jpg
2025-10-07 15:19:40,0.0,3.0,9,0.0,8,IMG_20251007_151940.jpg
2025-10-07 15:29:51,0.0,2.0,9,0.0,8,IMG_20251007_152951.jpg
2025-10-07 15:40:01,0.0,2.0,9,0.0,7,IMG_20251007_154001.jpg
2025-10-07 15:50:12,0.0,3.0,9,0.0,6,IMG_20251007_155012.jpg
2025-10-07 16:00:23,0.0,2.0,9,0.0,6,IMG_20251007_160023.jpg
2025-10-07 16:10:34,0.0,1.0,9,0.0,4,IMG_20251007_161034.jpg
2025-10-07 16:20:46,0.0,0.0,4,0.0,5,IMG_20251007_162046.jpg
2025-10-07 16:30:59,0.0,2.0,9,0.0,5,IMG_20251007_163059.jpg
2025-10-07 16:41:11,0.0,3.0,11,0.0,7,IMG_20251007_164111.jpg
2025-10-07 16:51:29,0.0,2.0,11,0.0,5,IMG_20251007_165129.jpg
2025-10-07 17:01:42,0.0,1.0,9,0.0,7,IMG_20251007_170142.jpg
2025-10-07 17:11:54,0.0,1.0,9,0.0,4,IMG_20251007_171154.jpg
2025-10-07 17:22:07,0.0,2.0,11,0.0,4,IMG_20251007_172207.jpg
2025-10-07 17:32:19,0.0,1.0,9,0.0,5,IMG_20251007_173219.jpg
2025-10-07 17:42:30,0.0,1.0,9,0.0,4,IMG_20251007_174230.jpg
2025-10-07 17:52:43,0.0,1.0,9,0.0,4,IMG_20251007_175243.jpg
2025-10-07 18:02:55,0.0,2.0,11,0.0,5,IMG_20251007_180255.jpg
2025-10-07 18:13:08,0.0,3.0,9,0.0,4,IMG_20251007_181308.jpg
2025-10-07 18:23:18,1.0,5.0,9,0.0,2,IMG_20251007_182318.jpg
2025-10-07 18:33:29,1.0,5.0,9,0.0,2,IMG_20251007_183329.jpg
2025-10-07 18:43:40,1.0,5.0,9,0.0,2,IMG_20251007_184340.jpg
2025-10-07 18:53:50,1.0,5.0,9,0.0,2,IMG_20251007_185350.jpg
2025-10-07 19:04:02,2.0,5.0,9,0.0,4,IMG_20251007_190402.jpg
2025-10-07 19:14:16,1.0,5.0,9,0.0,6,IMG_20251007_191416.jpg
2025-10-07 19:24:26,1.0,5.0,9,0.0,5,IMG_20251007_192426.jpg
2025-10-07 19:34:35,1.0,5.0,9,0.0,6,IMG_20251007_193435.jpg
2025-10-07 19:44:50,2.0,5.0,9,1.0,8,IMG_20251007_194450.jpg
2025-10-07 19:55:01,2.0,4.0,9,0.0,5,IMG_20251007_195501.jpg
2025-10-07 20:05:13,1.0,5.0,9,0.0,4,IMG_20251007_200513.jpg
2025-10-07 20:15:29,1.0,5.0,9,0.0,6,IMG_20251007_201529.jpg
2025-10-07 20:25:39,1.0,4.0,9,0.0,5,IMG_20251007_202539.jpg
2025-10-07 20:35:51,1.0,5.0,9,0.0,7,IMG_20251007_203551.jpg
2025-10-07 20:46:02,1.0,5.0,9,0.0,5,IMG_20251007_204602.jpg
2025-10-07 20:56:13,1.0,5.0,9,0.0,8,IMG_20251007_205613.jpg
2025-10-07 21:06:23,2.0,4.0,9,0.0,5,IMG_20251007_210623.jpg
2025-10-07 21:16:34,1.0,5.0,9,0.0,6,IMG_20251007_211634.jpg
2025-10-07 21:26:45,3.0,4.0,9,1.0,5,IMG_20251007_212645.jpg
2025-10-07 21:36:56,3.0,5.0,9,0.0,6,IMG_20251007_213656.jpg
2025-10-07 21:47:06,1.0,5.0,9,0.0,5,IMG_20251007_214706.jpg
2025-10-07 21:57:16,2.0,5.0,9,0.0,6,IMG_20251007_215716.jpg
2025-10-07 22:07:29,1.0,5.0,9,0.0,5,IMG_20251007_220729.jpg
2025-10-07 22:17:40,1.0,5.0,9,0.0,4,IMG_20251007_221740.jpg
2025-10-07 22:27:50,2.0,3.0,9,0.0,3,IMG_20251007_222750.jpg
2025-10-07 22:38:00,1.0,3.0,9,0.0,3,IMG_20251007_223800.jpg
2025-10-07 22:48:10,2.0,3.0,9,0.0,4,IMG_20251007_224810.jpg
2025-10-07 22:58:20,1.0,3.0,9,0.0,4,IMG_20251007_225820.jpg
2025-10-08 07:08:06,0.0,2.0,9,0.0,3,IMG_20251008_070806.jpg
2025-10-08 07:18:17,0.0,4.0,9,0.0,4,IMG_20251008_071817.jpg
2025-10-08 07:28:29,0.0,3.0,9,0.0,4,IMG_20251008_072829.jpg
2025-10-08 07:38:41,0.0,4.0,9,0.0,3,IMG_20251008_073841.jpg
2025-10-08 07:48:52,0.0,4.0,9,0.0,3,IMG_20251008_074852.jpg
2025-10-08 07:59:03,0.0,4.0,9,0.0,3,IMG_20251008_075903.jpg
2025-10-08 08:09:13,0.0,4.0,9,0.0,4,IMG_20251008_080913.jpg
2025-10-08 08:19:31,0.0,4.0,9,0.0,4,IMG_20251008_081931.jpg
2025-10-08 08:29:44,0.0,4.0,9,0.0,4,IMG_20251008_082944.jpg
2025-10-08 08:39:55,0.0,3.0,9,0.0,5,IMG_20251008_083955.jpg
2025-10-08 08:50:05,0.0,4.0,9,0.0,4,IMG_20251008_085005.jpg
2025-10-08 09:00:15,0.0,4.0,9,0.0,4,IMG_20251008_090015.jpg
2025-10-08 09:10:26,0.0,4.0,9,0.0,4,IMG_20251008_091026.jpg
2025-10-08 09:20:37,0.0,4.0,9,0.0,4,IMG_20251008_092037.jpg
2025-10-08 09:30:48,0.0,4.0,9,0.0,4,IMG_20251008_093048.jpg
2025-10-08 09:40:59,0.0,3.0,9,0.0,6,IMG_20251008_094059.jpg
2025-10-08 09:51:10,0.0,4.0,9,0.0,4,IMG_20251008_095110.jpg
2025-10-08 10:01:22,1.0,5.0,9,0.0,4,IMG_20251008_100122.jpg
2025-10-08 10:11:33,2.0,5.0,9,0.0,3,IMG_20251008_101133.jpg
2025-10-08 10:21:45,0.0,5.0,9,0.0,5,IMG_20251008_102145.jpg
2025-10-08 10:31:56,1.0,5.0,9,0.0,3,IMG_20251008_103156.jpg
2025-10-08 10:42:06,1.0,5.0,9,0.0,3,IMG_20251008_104206.jpg
2025-10-08 10:52:16,1.0,5.0,9,0.0,4,IMG_20251008_105216.jpg
2025-10-08 11:02:27,1.0,5.0,9,0.0,3,IMG_20251008_110227.jpg
2025-10-08 11:12:38,0.0,5.0,9,0.0,4,IMG_20251008_111238.jpg
2025-10-08 11:22:49,1.0,5.0,9,0.0,3,IMG_20251008_112249.jpg
2025-10-08 11:33:06,0.0,5.0,9,0.0,5,IMG_20251008_113306.jpg
2025-10-08 11:43:17,2.0,7.0,10,0.0,4,IMG_20251008_114317.jpg
2025-10-08 11:53:29,2.0,4.0,7,0.0,2,IMG_20251008_115329.jpg
2025-10-08 12:03:39,5.0,6.0,10,1.0,4,IMG_20251008_120339.jpg
2025-10-08 12:13:50,2.0,5.0,9,0.0,5,IMG_20251008_121350.jpg
2025-10-08 12:24:01,3.0,4.0,8,0.0,5,IMG_20251008_122401.jpg
2025-10-08 12:34:14,2.0,4.0,8,0.0,4,IMG_20251008_123414.jpg
2025-10-08 12:44:26,3.0,6.0,10,0.0,5,IMG_20251008_124426.jpg
2025-10-08 12:54:38,5.0,6.0,9,1.0,5,IMG_20251008_125438.jpg
2025-10-08 13:04:49,4.0,7.0,9,0.0,5,IMG_20251008_130449.jpg
2025-10-08 13:15:00,5.0,8.0,10,0.0,4,IMG_20251008_131500.jpg
2025-10-08 13:25:10,8.0,8.0,9,0.0,3,IMG_20251008_132510.jpg
2025-10-08 13:35:22,6.0,7.0,9,0.0,5,IMG_20251008_133522.jpg
2025-10-08 13:45:32,2.0,7.0,9,0.0,5,IMG_20251008_134532.jpg
2025-10-08 13:55:43,2.0,7.0,9,1.0,8,IMG_20251008_135543.jpg
2025-10-08 14:05:54,2.0,7.0,9,0.0,6,IMG_20251008_140554.jpg
2025-10-08 14:16:05,8.0,8.0,10,1.0,2,IMG_20251008_141605.jpg
2025-10-08 14:26:16,5.0,6.0,9,0.0,4,IMG_20251008_142616.jpg
2025-10-08 14:36:28,5.0,6.0,9,1.0,6,IMG_20251008_143628.jpg
2025-10-08 14:46:38,7.0,6.0,9,0.0,6,IMG_20251008_144638.jpg
2025-10-08 14:56:54,0.0,6.0,9,0.0,6,IMG_20251008_145654.jpg
2025-10-08 15:07:05,0.0,6.0,9,0.0,6,IMG_20251008_150705.jpg
2025-10-08 15:17:23,6.0,6.0,9,2.0,7,IMG_20251008_151723.jpg
2025-10-08 15:27:33,6.0,6.0,9,0.0,8,IMG_20251008_152733.jpg
2025-10-08 15:37:44,7.0,6.0,9,1.0,8,IMG_20251008_153744.jpg
2025-10-08 15:48:00,5.0,6.0,9,1.0,5,IMG_20251008_154800.jpg
2025-10-08 15:58:10,3.0,6.0,9,0.0,8,IMG_20251008_155810.jpg
2025-10-08 16:08:22,2.0,6.0,9,0.0,8,IMG_20251008_160822.jpg
2025-10-08 16:18:34,5.0,7.0,10,0.0,5,IMG_20251008_161834.jpg
2025-10-08 16:28:45,6.0,9.0,12,0.0,5,IMG_20251008_162845.jpg
2025-10-08 16:38:57,8.0,4.0,8,0.0,6,IMG_20251008_163857.jpg
2025-10-08 16:49:07,6.0,6.0,9,0.0,6,IMG_20251008_164907.jpg
2025-10-08 16:59:17,4.0,6.0,9,1.0,4,IMG_20251008_165917.jpg
2025-10-08 17:09:28,5.0,6.0,9,3.0,7,IMG_20251008_170928.jpg
2025-10-08 17:19:38,4.0,7.0,10,2.0,6,IMG_20251008_171938.jpg
2025-10-08 17:29:49,6.0,7.0,10,0.0,4,IMG_20251008_172949.jpg
2025-10-08 17:40:01,6.0,6.0,9,1.0,1,IMG_20251008_174001.jpg
2025-10-08 17:50:12,0.0,6.0,9,0.0,6,IMG_20251008_175012.jpg
2025-10-08 18:00:23,0.0,6.0,9,0.0,5,IMG_20251008_180023.jpg
2025-10-08 18:10:34,0.0,6.0,9,0.0,6,IMG_20251008_181034.jpg
2025-10-08 18:20:46,1.0,5.0,9,0.0,6,IMG_20251008_182046.jpg
2025-10-08 18:31:03,0.0,0.0,0,0.0,0,IMG_20251008_183103.jpg
2025-10-08 18:41:17,0.0,0.0,0,0.0,0,IMG_20251008_184117.jpg
2025-10-08 18:51:31,0.0,3.0,9,0.0,2,IMG_20251008_185131.jpg
2025-10-08 19:01:43,0.0,0.0,0,0.0,0,IMG_20251008_190143.jpg
2025-10-08 19:11:55,0.0,0.0,0,0.0,0,IMG_20251008_191155.jpg
2025-10-08 19:22:07,0.0,0.0,0,0.0,0,IMG_20251008_192207.jpg
2025-10-08 19:32:18,0.0,0.0,0,0.0,0,IMG_20251008_193218.jpg
2025-10-08 19:42:35,0.0,0.0,0,0.0,1,IMG_20251008_194235.jpg
2025-10-08 19:52:53,0.0,0.0,0,0.0,0,IMG_20251008_195253.jpg
2025-10-08 20:03:04,0.0,0.0,1,0.0,0,IMG_20251008_200304.jpg
2025-10-08 20:13:16,0.0,1.0,3,0.0,0,IMG_20251008_201316.jpg
2025-10-08 20:23:31,0.0,1.0,2,0.0,0,IMG_20251008_202331.jpg
2025-10-08 20:33:44,0.0,1.0,3,0.0,0,IMG_20251008_203344.jpg
2025-10-08 20:43:57,0.0,3.0,9,0.0,3,IMG_20251008_204357.jpg
2025-10-08 20:54:09,0.0,3.0,9,0.0,3,IMG_20251008_205409.jpg
2025-10-08 21:04:22,0.0,1.0,8,0.0,2,IMG_20251008_210422.jpg
2025-10-08 21:14:34,0.0,1.0,2,0.0,0,IMG_20251008_211434.jpg
2025-10-08 21:24:45,0.0,1.0,3,0.0,0,IMG_20251008_212445.jpg
2025-10-08 21:34:57,0.0,1.0,3,0.0,0,IMG_20251008_213457.jpg
2025-10-08 21:45:09,0.0,1.0,3,0.0,0,IMG_20251008_214509.jpg
2025-10-08 21:55:22,0.0,1.0,3,0.0,0,IMG_20251008_215522.jpg
2025-10-08 22:05:34,0.0,1.0,3,0.0,0,IMG_20251008_220534.jpg
2025-10-08 22:15:46,0.0,1.0,3,0.0,0,IMG_20251008_221546.jpg
2025-10-08 22:25:57,0.0,1.0,3,0.0,0,IMG_20251008_222557.jpg
2025-10-08 22:36:10,0.0,1.0,3,0.0,0,IMG_20251008_223610.jpg
2025-10-08 22:46:22,0.0,1.0,3,0.0,0,IMG_20251008_224622.jpg
2025-10-08 22:56:39,0.0,1.0,3,0.0,0,IMG_20251008_225639.jpg
2025-10-09 07:06:43,0.0,3.0,9,0.0,6,IMG_20251009_070643.jpg
2025-10-09 07:16:53,0.0,3.0,9,0.0,5,IMG_20251009_071653.jpg
2025-10-09 07:27:03,0.0,3.0,9,0.0,6,IMG_20251009_072703.jpg
2025-10-09 07:37:15,0.0,3.0,9,0.0,6,IMG_20251009_073715.jpg
2025-10-09 07:47:26,0.0,3.0,9,0.0,6,IMG_20251009_074726.jpg
2025-10-09 07:57:39,0.0,4.0,9,0.0,5,IMG_20251009_075739.jpg
2025-10-09 08:07:49,1.0,4.0,9,0.0,6,IMG_20251009_080749.jpg
2025-10-09 08:17:58,0.0,5.0,9,0.0,6,IMG_20251009_081758.jpg
2025-10-09 08:28:09,0.0,5.0,9,0.0,7,IMG_20251009_082809.jpg
2025-10-09 08:38:19,0.0,5.0,9,0.0,7,IMG_20251009_083819.jpg
2025-10-09 08:48:31,0.0,5.0,9,0.0,8,IMG_20251009_084831.jpg
2025-10-09 08:58:41,0.0,5.0,9,0.0,7,IMG_20251009_085841.jpg
2025-10-09 09:08:52,1.0,5.0,9,1.0,8,IMG_20251009_090852.jpg
2025-10-09 09:19:08,0.0,5.0,9,0.0,7,IMG_20251009_091908.jpg
2025-10-09 09:29:22,1.0,6.0,9,1.0,7,IMG_20251009_092922.jpg
2025-10-09 09:39:33,1.0,5.0,9,0.0,7,IMG_20251009_093933.jpg
2025-10-09 09:49:43,0.0,5.0,9,0.0,8,IMG_20251009_094943.jpg
2025-10-09 09:59:55,4.0,6.0,9,0.0,9,IMG_20251009_095955.jpg
2025-10-09 10:10:06,1.0,5.0,9,1.0,7,IMG_20251009_101006.jpg
2025-10-09 10:20:23,3.0,6.0,9,1.0,5,IMG_20251009_102023.jpg
2025-10-09 10:30:34,3.0,7.0,9,0.0,5,IMG_20251009_103034.jpg
2025-10-09 10:40:44,3.0,8.0,10,0.0,4,IMG_20251009_104044.jpg
2025-10-09 10:50:54,6.0,7.0,9,3.0,8,IMG_20251009_105054.jpg
2025-10-09 11:01:04,4.0,7.0,9,0.0,5,IMG_20251009_110104.jpg
2025-10-09 11:11:16,3.0,7.0,9,0.0,6,IMG_20251009_111116.jpg
2025-10-09 11:21:26,2.0,8.0,10,1.0,6,IMG_20251009_112126.jpg
2025-10-09 11:31:36,2.0,7.0,9,0.0,7,IMG_20251009_113136.jpg
2025-10-09 11:41:49,8.0,8.0,9,2.0,7,IMG_20251009_114149.jpg
2025-10-09 11:52:00,11.0,9.0,10,3.0,7,IMG_20251009_115200.jpg
2025-10-09 12:02:11,9.0,8.0,9,3.0,6,IMG_20251009_120211.jpg
2025-10-09 12:12:23,12.0,7.0,8,0.0,5,IMG_20251009_121223.jpg
2025-10-09 12:22:35,11.0,8.0,9,1.0,6,IMG_20251009_122235.jpg
2025-10-09 12:32:45,9.0,8.0,9,1.0,2,IMG_20251009_123245.jpg
2025-10-09 12:42:55,8.0,6.0,7,1.0,4,IMG_20251009_124255.jpg
2025-10-09 12:53:06,9.0,9.0,9,0.0,7,IMG_20251009_125306.jpg
2025-10-09 13:03:17,5.0,11.0,11,0.0,6,IMG_20251009_130317.jpg
2025-10-09 13:13:29,0.0,8.0,8,0.0,6,IMG_20251009_131329.jpg
2025-10-09 13:23:40,0.0,8.0,8,0.0,7,IMG_20251009_132340.jpg
2025-10-09 13:33:50,0.0,8.0,8,0.0,7,IMG_20251009_133350.jpg
2025-10-09 13:44:07,0.0,9.0,9,0.0,9,IMG_20251009_134407.jpg
2025-10-09 13:54:19,0.0,8.0,8,0.0,7,IMG_20251009_135419.jpg
2025-10-09 14:04:30,0.0,10.0,10,0.0,7,IMG_20251009_140430.jpg
2025-10-09 14:14:40,1.0,9.0,9,0.0,8,IMG_20251009_141440.jpg
2025-10-09 14:24:52,5.0,11.0,11,0.0,4,IMG_20251009_142452.jpg
2025-10-09 14:35:04,9.0,9.0,9,0.0,5,IMG_20251009_143504.jpg
2025-10-09 14:45:14,4.0,7.0,9,0.0,5,IMG_20251009_144514.jpg
2025-10-09 14:55:27,5.0,7.0,9,2.0,7,IMG_20251009_145527.jpg
2025-10-09 15:05:41,8.0,8.0,9,0.0,5,IMG_20251009_150541.jpg
2025-10-09 15:15:53,9.0,7.0,8,1.0,5,IMG_20251009_151553.jpg
2025-10-09 15:26:03,7.0,7.0,9,1.0,5,IMG_20251009_152603.jpg
2025-10-09 15:36:17,9.0,7.0,9,1.0,6,IMG_20251009_153617.jpg
2025-10-09 15:46:27,11.0,8.0,9,3.0,4,IMG_20251009_154627.jpg
2025-10-09 15:56:39,5.0,9.0,10,1.0,6,IMG_20251009_155639.jpg
2025-10-09 16:06:54,9.0,8.0,9,0.0,5,IMG_20251009_160654.jpg
2025-10-09 16:17:04,8.0,7.0,9,1.0,4,IMG_20251009_161704.jpg
2025-10-09 16:27:16,8.0,7.0,9,1.0,5,IMG_20251009_162716.jpg
2025-10-09 16:37:32,6.0,8.0,10,2.0,7,IMG_20251009_163732.jpg
2025-10-09 16:47:43,8.0,7.0,9,1.0,8,IMG_20251009_164743.jpg
2025-10-09 16:57:54,3.0,7.0,9,0.0,5,IMG_20251009_165754.jpg
2025-10-09 17:08:13,3.0,7.0,9,0.0,3,IMG_20251009_170813.jpg
2025-10-09 17:18:25,3.0,7.0,9,0.0,5,IMG_20251009_171825.jpg
2025-10-09 17:28:35,5.0,7.0,9,0.0,7,IMG_20251009_172835.jpg
2025-10-09 17:38:47,8.0,7.0,9,0.0,6,IMG_20251009_173847.jpg
2025-10-09 17:48:57,4.0,7.0,9,0.0,7,IMG_20251009_174857.jpg
2025-10-09 17:59:13,3.0,7.0,9,0.0,7,IMG_20251009_175913.jpg
2025-10-09 18:09:25,6.0,7.0,9,2.0,9,IMG_20251009_180925.jpg
2025-10-09 18:19:36,6.0,7.0,9,0.0,7,IMG_20251009_181936.jpg
2025-10-09 18:29:48,4.0,7.0,9,0.0,8,IMG_20251009_182948.jpg
2025-10-09 18:39:58,4.0,7.0,9,0.0,7,IMG_20251009_183958.jpg
2025-10-09 18:50:10,0.0,0.0,6,0.0,3,IMG_20251009_185010.jpg
2025-10-09 19:00:22,0.0,1.0,9,0.0,4,IMG_20251009_190022.jpg
2025-10-09 19:10:37,0.0,2.0,9,0.0,5,IMG_20251009_191037.jpg
2025-10-09 19:20:55,0.0,0.0,0,0.0,2,IMG_20251009_192055.jpg
2025-10-09 19:31:09,0.0,2.0,9,0.0,4,IMG_20251009_193109.jpg
2025-10-09 19:41:21,0.0,0.0,0,0.0,1,IMG_20251009_194121.jpg
