index,people_count,table_used,table_total,beanbag_used,beanbag_total,filename
2025-09-11 13:50:00,6.0,7.0,8.0,2.0,7.0,IMG_20250911_134934.jpg
2025-09-11 14:00:00,6.0,8.0,9.0,0.0,6.0,IMG_20250911_135900.jpg
2025-09-11 14:10:00,7.0,7.0,8.0,2.0,5.0,IMG_20250911_140934.jpg
2025-09-11 14:20:00,6.0,10.0,10.0,1.0,6.0,IMG_20250911_141857.jpg
2025-09-11 14:30:00,6.0,8.0,8.0,0.0,7.0,IMG_20250911_142934.jpg
2025-09-11 14:40:00,12.0,8.0,8.0,2.0,5.0,IMG_20250911_143905.jpg
2025-09-11 14:50:00,9.0,7.0,9.0,1.0,5.0,IMG_20250911_144938.jpg
2025-09-11 15:00:00,6.0,6.0,8.0,0.0,5.0,IMG_20250911_145902.jpg
2025-09-11 15:10:00,2.0,5.0,9.0,0.0,5.0,IMG_20250911_150939.jpg
2025-09-11 15:20:00,1.0,4.0,8.0,0.0,5.0,IMG_20250911_151902.jpg
2025-09-11 15:30:00,2.0,5.0,9.0,1.0,6.0,IMG_20250911_152938.jpg
2025-09-11 15:40:00,2.0,4.0,8.0,1.0,7.0,IMG_20250911_153903.jpg
2025-09-11 15:50:00,3.0,5.0,9.0,0.0,5.0,IMG_20250911_154936.jpg
2025-09-11 16:00:00,2.0,4.0,8.0,3.0,7.0,IMG_20250911_155904.jpg
2025-09-11 16:10:00,2.0,4.0,8.0,1.0,6.0,IMG_20250911_160936.jpg
2025-09-11 16:20:00,2.0,4.0,8.0,4.0,8.0,IMG_20250911_161901.jpg
2025-09-11 16:30:00,3.0,3.0,8.0,2.0,5.0,IMG_20250911_162938.jpg
2025-09-11 16:40:00,2.0,3.0,8.0,3.0,5.0,IMG_20250911_163901.jpg
2025-09-11 16:50:00,2.0,3.0,8.0,2.0,4.0,IMG_20250911_164940.jpg
2025-09-11 17:00:00,1.0,3.0,8.0,0.0,5.0,IMG_20250911_165904.jpg
2025-09-11 17:10:00,1.0,0.0,0.0,1.0,2.0,IMG_20250911_170907.jpg
2025-09-11 17:20:00,3.0,3.0,8.0,0.0,5.0,IMG_20250911_171857.jpg
2025-09-11 17:30:00,5.0,3.0,8.0,0.0,6.0,IMG_20250911_172949.jpg
2025-09-11 17:40:00,11.0,7.0,10.0,2.0,6.0,IMG_20250911_173928.jpg
2025-09-11 17:50:00,5.0,7.0,9.0,2.0,6.0,IMG_20250911_174907.jpg
2025-09-11 18:00:00,5.0,4.0,8.0,3.0,7.0,IMG_20250911_175848.jpg
2025-09-11 18:10:00,0.0,3.0,8.0,0.0,7.0,IMG_20250911_180934.jpg
2025-09-11 18:20:00,0.0,0.0,0.0,0.0,0.0,IMG_20250911_181907.jpg
2025-09-11 18:30:00,0.0,0.0,0.0,0.0,0.0,IMG_20250911_181907.jpg
2025-09-11 18:40:00,0.0,0.0,0.0,0.0,0.0,IMG_20250911_181907.jpg
2025-09-11 18:50:00,0.0,0.0,0.0,0.0,0.0,IMG_20250911_181907.jpg
2025-09-11 19:00:00,0.0,0.0,0.0,0.0,0.0,IMG_20250911_181907.jpg
2025-09-11 19:10:00,0.0,0.0,0.0,0.0,0.0,IMG_20250911_181907.jpg
2025-09-11 19:20:00,0.0,0.0,0.0,0.0,0.0,IMG_20250911_181907.jpg
2025-09-11 19:30:00,0.0,0.0,0.0,0.0,0.0,IMG_20250911_181907.jpg
2025-09-11 19:40:00,0.0,0.0,0.0,0.0,0.0,IMG_20250911_181907.jpg
2025-09-11 19:50:00,0.0,0.0,0.0,0.0,0.0,IMG_20250911_181907.jpg
2025-09-11 20:00:00,0.0,0.0,0.0,0.0,0.0,IMG_20250911_181907.jpg
2025-09-11 20:10:00,0.0,0.0,0.0,0.0,0.0,IMG_20250911_181907.jpg
2025-09-11 20:20:00,0.0,0.0,0.0,0.0,0.0,IMG_20250911_181907.jpg
2025-09-11 20:30:00,0.0,0.0,0.0,0.0,0.0,IMG_20250911_181907.jpg
2025-09-11 20:40:00,0.0,0.0,0.0,0.0,0.0,IMG_20250911_181907.jpg
2025-09-11 20:50:00,0.0,0.0,0.0,0.0,0.0,IMG_20250911_181907.jpg
2025-09-11 21:00:00,0.0,0.0,0.0,0.0,0.0,IMG_20250911_181907.jpg
2025-09-11 21:10:00,0.0,0.0,0.0,0.0,0.0,IMG_20250911_181907.jpg
2025-09-11 21:20:00,0.0,0.0,0.0,0.0,0.0,IMG_20250911_181907.jpg
2025-09-11 21:30:00,0.0,0.0,0.0,0.0,0.0,IMG_20250911_181907.jpg
2025-09-11 21:40:00,0.0,0.0,0.0,0.0,0.0,IMG_20250911_181907.jpg
2025-09-11 21:50:00,0.0,0.0,0.0,0.0,0.0,IMG_20250911_181907.jpg
2025-09-11 22:00:00,0.0,0.0,0.0,0.0,0.0,IMG_20250911_181907.jpg
2025-09-11 22:10:00,0.0,0.0,0.0,0.0,0.0,IMG_20250911_181907.jpg
2025-09-11 22:20:00,0.0,0.0,0.0,0.0,0.0,IMG_20250911_181907.jpg
2025-09-11 22:30:00,0.0,0.0,0.0,0.0,0.0,IMG_20250911_181907.jpg
2025-09-11 22:40:00,0.0,0.0,0.0,0.0,0.0,IMG_20250911_181907.jpg
2025-09-11 22:50:00,0.0,0.0,0.0,0.0,0.0,IMG_20250911_181907.jpg
2025-09-11 23:00:00,0.0,0.0,0.0,0.0,0.0,IMG_20250911_181907.jpg
2025-09-11 23:10:00,0.0,0.0,0.0,0.0,0.0,IMG_20250911_181907.jpg
2025-09-11 23:20:00,0.0,0.0,0.0,0.0,0.0,IMG_20250911_181907.jpg
2025-09-11 23:30:00,0.0,0.0,0.0,0.0,0.0,IMG_20250911_181907.jpg
2025-09-11 23:40:00,0.0,0.0,0.0,0.0,0.0,IMG_20250911_181907.jpg
2025-09-11 23:50:00,0.0,0.0,0.0,0.0,0.0,IMG_20250911_181907.jpg
2025-09-12 00:00:00,0.0,0.0,0.0,0.0,0.0,IMG_20250911_181907.jpg
2025-09-12 00:10:00,0.0,0.0,0.0,0.0,0.0,IMG_20250911_181907.jpg
2025-09-12 00:20:00,0.0,0.0,0.0,0.0,0.0,IMG_20250911_181907.jpg
2025-09-12 00:30:00,0.0,0.0,0.0,0.0,0.0,IMG_20250911_181907.jpg
2025-09-12 00:40:00,0.0,0.0,0.0,0.0,0.0,IMG_20250911_181907.jpg
2025-09-12 00:50:00,0.0,0.0,0.0,0.0,0.0,IMG_20250911_181907.jpg
2025-09-12 01:00:00,0.0,0.0,0.0,0.0,0.0,IMG_20250911_181907.jpg
2025-09-12 01:10:00,0.0,0.0,0.0,0.0,0.0,IMG_20250911_181907.jpg
2025-09-12 01:20:00,0.0,0.0,0.0,0.0,0.0,IMG_20250911_181907.jpg
2025-09-12 01:30:00,0.0,0.0,0.0,0.0,0.0,IMG_20250911_181907.jpg
2025-09-12 01:40:00,0.0,0.0,0.0,0.0,0.0,IMG_20250911_181907.jpg
2025-09-12 01:50:00,0.0,0.0,0.0,0.0,0.0,IMG_20250911_181907.jpg
2025-09-12 02:00:00,0.0,0.0,0.0,0.0,0.0,IMG_20250911_181907.jpg
2025-09-12 02:10:00,0.0,0.0,0.0,0.0,0.0,IMG_20250911_181907.jpg
2025-09-12 02:20:00,0.0,0.0,0.0,0.0,0.0,IMG_20250911_181907.jpg
2025-09-12 02:30:00,0.0,0.0,0.0,0.0,0.0,IMG_20250911_181907.jpg
2025-09-12 02:40:00,0.0,0.0,0.0,0.0,0.0,IMG_20250911_181907.jpg
2025-09-12 02:50:00,0.0,0.0,0.0,0.0,0.0,IMG_20250911_181907.jpg
2025-09-12 03:00:00,0.0,0.0,0.0,0.0,0.0,IMG_20250911_181907.jpg
2025-09-12 03:10:00,0.0,0.0,0.0,0.0,0.0,IMG_20250911_181907.jpg
2025-09-12 03:20:00,0.0,0.0,0.0,0.0,0.0,IMG_20250911_181907.jpg
2025-09-12 03:30:00,0.0,0.0,0.0,0.0,0.0,IMG_20250911_181907.jpg
2025-09-12 03:40:00,0.0,0.0,0.0,0.0,0.0,IMG_20250911_181907.jpg
2025-09-12 03:50:00,0.0,0.0,0.0,0.0,0.0,IMG_20250911_181907.jpg
2025-09-12 04:00:00,0.0,0.0,0.0,0.0,0.0,IMG_20250911_181907.jpg
2025-09-12 04:10:00,0.0,0.0,0.0,0.0,0.0,IMG_20250911_181907.jpg
2025-09-12 04:20:00,0.0,0.0,0.0,0.0,0.0,IMG_20250911_181907.jpg
2025-09-12 04:30:00,0.0,0.0,0.0,0.0,0.0,IMG_20250911_181907.jpg
2025-09-12 04:40:00,0.0,0.0,0.0,0.0,0.0,IMG_20250911_181907.jpg
2025-09-12 04:50:00,0.0,0.0,0.0,0.0,0.0,IMG_20250911_181907.jpg
2025-09-12 05:00:00,0.0,0.0,0.0,0.0,0.0,IMG_20250911_181907.jpg
2025-09-12 05:10:00,0.0,0.0,0.0,0.0,0.0,IMG_20250911_181907.jpg
2025-09-12 05:20:00,0.0,0.0,0.0,0.0,0.0,IMG_20250911_181907.jpg
2025-09-12 05:30:00,0.0,0.0,0.0,0.0,0.0,IMG_20250911_181907.jpg
2025-09-12 05:40:00,0.0,0.0,0.0,0.0,0.0,IMG_20250911_181907.jpg
2025-09-12 05:50:00,0.0,0.0,0.0,0.0,0.0,IMG_20250911_181907.jpg
2025-09-12 06:00:00,0.0,0.0,0.0,0.0,0.0,IMG_20250911_181907.jpg
2025-09-12 06:10:00,0.0,0.0,0.0,0.0,0.0,IMG_20250911_181907.jpg
2025-09-12 06:20:00,0.0,0.0,0.0,0.0,0.0,IMG_20250911_181907.jpg
2025-09-12 06:30:00,0.0,0.0,0.0,0.0,0.0,IMG_20250911_181907.jpg
2025-09-12 06:40:00,0.0,0.0,0.0,0.0,0.0,IMG_20250911_181907.jpg
2025-09-12 06:50:00,0.0,0.0,0.0,0.0,0.0,IMG_20250911_181907.jpg
2025-09-12 07:00:00,0.0,0.0,0.0,0.0,0.0,IMG_20250911_181907.jpg
2025-09-12 07:10:00,0.0,0.0,0.0,0.0,0.0,IMG_20250911_181907.jpg
2025-09-12 07:20:00,0.0,0.0,0.0,0.0,0.0,IMG_20250911_181907.jpg
2025-09-12 07:30:00,0.0,0.0,0.0,0.0,0.0,IMG_20250911_181907.jpg
2025-09-12 07:40:00,0.0,0.0,0.0,0.0,0.0,IMG_20250911_181907.jpg
2025-09-12 07:50:00,0.0,0.0,0.0,0.0,0.0,IMG_20250911_181907.jpg
2025-09-12 08:00:00,0.0,0.0,0.0,0.0,0.0,IMG_20250911_181907.jpg
2025-09-12 08:10:00,0.0,0.0,0.0,0.0,0.0,IMG_20250911_181907.jpg
2025-09-12 08:20:00,0.0,0.0,0.0,0.0,0.0,IMG_20250911_181907.jpg
2025-09-12 08:30:00,0.0,0.0,0.0,0.0,0.0,IMG_20250911_181907.jpg
2025-09-12 08:40:00,0.0,0.0,0.0,0.0,0.0,IMG_20250911_181907.jpg
2025-09-12 08:50:00,0.0,0.0,0.0,0.0,0.0,IMG_20250911_181907.jpg
2025-09-12 09:00:00,0.0,0.0,0.0,0.0,0.0,IMG_20250911_181907.jpg
2025-09-12 09:10:00,0.0,0.0,0.0,0.0,0.0,IMG_20250911_181907.jpg
2025-09-12 09:20:00,0.0,0.0,0.0,0.0,0.0,IMG_20250911_181907.jpg
2025-09-12 09:30:00,0.0,0.0,0.0,0.0,0.0,IMG_20250911_181907.jpg
2025-09-12 09:40:00,0.0,0.0,0.0,0.0,0.0,IMG_20250911_181907.jpg
2025-09-12 09:50:00,0.0,0.0,0.0,0.0,0.0,IMG_20250911_181907.jpg
2025-09-12 10:00:00,0.0,0.0,0.0,0.0,0.0,IMG_20250911_181907.jpg
2025-09-12 10:10:00,1.0,0.0,0.0,0.0,0.0,IMG_20250926_100349.jpg
2025-09-12 10:20:00,4.0,5.0,8.0,1.0,3.0,IMG_20250926_101400.jpg
2025-09-12 10:30:00,2.0,4.0,8.0,0.0,6.0,IMG_20250926_102411.jpg
2025-09-12 10:40:00,4.0,4.0,8.0,0.0,6.0,IMG_20250926_103422.jpg
2025-09-12 10:50:00,2.0,5.0,8.0,0.0,9.0,IMG_20250926_104433.jpg
2025-09-12 11:00:00,2.0,5.0,8.0,0.0,7.0,IMG_20250926_105444.jpg
2025-09-12 11:10:00,3.0,5.0,8.0,0.0,8.0,IMG_20250926_110455.jpg
2025-09-12 11:20:00,0.0,2.0,8.0,0.0,4.0,IMG_20250926_111506.jpg
2025-09-12 11:30:00,1.0,2.0,7.0,0.0,6.0,IMG_20250926_112516.jpg
2025-09-12 11:40:00,1.0,3.0,8.0,0.0,5.0,IMG_20250926_113532.jpg
2025-09-12 11:50:00,1.0,4.0,8.0,0.0,7.0,IMG_20250926_114543.jpg
2025-09-12 12:00:00,3.0,7.0,10.0,0.0,6.0,IMG_20250926_115554.jpg
2025-09-12 12:10:00,5.0,6.0,8.0,0.0,6.0,IMG_20250926_120605.jpg
2025-09-12 12:20:00,5.0,6.0,8.0,0.0,6.0,IMG_20250926_121618.jpg
2025-09-12 12:30:00,7.0,6.0,8.0,0.0,5.0,IMG_20250926_122628.jpg
2025-09-12 12:40:00,8.0,5.0,7.0,0.0,6.0,IMG_20250926_123638.jpg
2025-09-12 12:50:00,3.0,5.0,8.0,0.0,6.0,IMG_20250926_124649.jpg
2025-09-12 13:00:00,3.0,3.0,8.0,0.0,4.0,IMG_20250926_125701.jpg
2025-09-12 13:10:00,3.0,3.0,8.0,1.0,9.0,IMG_20250926_130712.jpg
2025-09-12 13:20:00,0.0,2.0,8.0,0.0,9.0,IMG_20250926_131724.jpg
2025-09-12 13:30:00,0.0,2.0,8.0,0.0,7.0,IMG_20250926_132738.jpg
2025-09-12 13:40:00,0.0,2.0,8.0,0.0,9.0,IMG_20250926_133750.jpg
2025-09-12 13:50:00,0.0,2.0,8.0,0.0,8.0,IMG_20250926_134801.jpg
2025-09-12 14:00:00,0.0,2.0,8.0,0.0,7.0,IMG_20250926_135813.jpg
2025-09-12 14:10:00,0.0,2.0,8.0,0.0,8.0,IMG_20250926_140826.jpg
2025-09-12 14:20:00,0.0,2.0,8.0,0.0,9.0,IMG_20250926_141839.jpg
2025-09-12 14:30:00,0.0,2.0,8.0,0.0,7.0,IMG_20250926_142852.jpg
2025-09-12 14:40:00,0.0,2.0,9.0,0.0,6.0,IMG_20250926_143903.jpg
2025-09-12 14:50:00,0.0,2.0,8.0,0.0,8.0,IMG_20250926_144913.jpg
2025-09-12 15:00:00,0.0,2.0,8.0,0.0,8.0,IMG_20250926_145924.jpg
2025-09-12 15:10:00,0.0,2.0,9.0,0.0,6.0,IMG_20250926_150934.jpg
2025-09-12 15:20:00,0.0,2.0,9.0,0.0,5.0,IMG_20250926_151945.jpg
2025-09-12 15:30:00,0.0,2.0,9.0,0.0,6.0,IMG_20250926_152957.jpg
2025-09-12 15:40:00,0.0,2.0,9.0,0.0,6.0,IMG_20250926_152957.jpg
2025-09-12 15:50:00,0.0,2.0,9.0,0.0,6.0,IMG_20250926_154008.jpg
2025-09-12 16:00:00,4.0,2.0,8.0,0.0,4.0,IMG_20250926_155021.jpg
2025-09-12 16:10:00,3.0,2.0,8.0,0.0,6.0,IMG_20250926_160031.jpg
2025-09-12 16:20:00,7.0,5.0,9.0,1.0,7.0,IMG_20250926_161042.jpg
2025-09-12 16:30:00,8.0,5.0,8.0,3.0,6.0,IMG_20250926_162055.jpg
2025-09-12 16:40:00,7.0,5.0,8.0,0.0,7.0,IMG_20250926_163106.jpg
2025-09-12 16:50:00,6.0,5.0,8.0,0.0,5.0,IMG_20250926_164116.jpg
2025-09-12 17:00:00,6.0,5.0,8.0,0.0,5.0,IMG_20250926_165126.jpg
2025-09-12 17:10:00,8.0,5.0,8.0,0.0,6.0,IMG_20250926_170137.jpg
2025-09-12 17:20:00,6.0,6.0,8.0,1.0,7.0,IMG_20250926_171147.jpg
2025-09-12 17:30:00,6.0,6.0,8.0,1.0,8.0,IMG_20250926_172157.jpg
2025-09-12 17:40:00,6.0,6.0,8.0,2.0,7.0,IMG_20250926_173208.jpg
2025-09-12 17:50:00,5.0,6.0,8.0,1.0,6.0,IMG_20250926_174218.jpg
2025-09-12 18:00:00,4.0,6.0,8.0,0.0,7.0,IMG_20250926_175228.jpg
2025-09-12 18:10:00,4.0,6.0,8.0,0.0,6.0,IMG_20250926_180240.jpg
2025-09-12 18:20:00,4.0,6.0,8.0,0.0,6.0,IMG_20250926_181250.jpg
2025-09-12 18:30:00,5.0,6.0,7.0,0.0,6.0,IMG_20250926_182301.jpg
2025-09-12 18:40:00,5.0,9.0,9.0,0.0,6.0,IMG_20250926_183312.jpg
2025-09-12 18:50:00,5.0,4.0,7.0,2.0,8.0,IMG_20250926_184323.jpg
2025-09-12 19:00:00,1.0,5.0,7.0,0.0,5.0,IMG_20250926_185334.jpg
2025-09-12 19:10:00,3.0,5.0,7.0,0.0,5.0,IMG_20250926_190345.jpg
2025-09-12 19:20:00,2.0,5.0,7.0,0.0,6.0,IMG_20250926_191357.jpg
2025-09-12 19:30:00,4.0,5.0,6.0,0.0,6.0,IMG_20250926_192409.jpg
2025-09-12 19:40:00,3.0,6.0,7.0,0.0,6.0,IMG_20250926_193420.jpg
2025-09-12 19:50:00,6.0,5.0,7.0,0.0,7.0,IMG_20250926_194436.jpg
2025-09-12 20:00:00,3.0,6.0,9.0,0.0,7.0,IMG_20250926_195447.jpg
2025-09-12 20:10:00,4.0,5.0,7.0,0.0,6.0,IMG_20250926_200457.jpg
2025-09-12 20:20:00,2.0,5.0,7.0,0.0,8.0,IMG_20250926_201509.jpg
2025-09-12 20:30:00,2.0,5.0,7.0,0.0,7.0,IMG_20250926_202520.jpg
2025-09-12 20:40:00,1.0,8.0,10.0,0.0,6.0,IMG_20250926_203541.jpg
2025-09-12 20:50:00,2.0,5.0,7.0,0.0,7.0,IMG_20250926_204556.jpg
2025-09-12 21:00:00,1.0,5.0,7.0,0.0,6.0,IMG_20250926_205609.jpg
2025-09-12 21:10:00,3.0,5.0,7.0,0.0,6.0,IMG_20250926_210620.jpg
2025-09-12 21:20:00,2.0,5.0,7.0,0.0,8.0,IMG_20250926_211632.jpg
2025-09-12 21:30:00,2.0,5.0,7.0,0.0,7.0,IMG_20250926_212643.jpg
2025-09-12 21:40:00,0.0,5.0,7.0,0.0,7.0,IMG_20250926_213653.jpg
2025-09-12 21:50:00,2.0,5.0,7.0,0.0,7.0,IMG_20250926_214703.jpg
2025-09-12 22:00:00,1.0,6.0,7.0,0.0,6.0,IMG_20250926_215714.jpg
2025-09-12 22:10:00,1.0,5.0,7.0,0.0,4.0,IMG_20250926_220725.jpg
2025-09-12 22:20:00,1.0,7.0,8.0,0.0,1.0,IMG_20250926_221737.jpg
2025-09-12 22:30:00,2.0,5.0,7.0,0.0,5.0,IMG_20250926_222748.jpg
2025-09-12 22:40:00,2.0,8.0,10.0,0.0,3.0,IMG_20250926_223800.jpg
2025-09-12 22:50:00,2.0,5.0,7.0,0.0,2.0,IMG_20250926_224810.jpg
2025-09-12 23:00:00,2.0,7.0,9.0,0.0,3.0,IMG_20250926_225824.jpg
2025-09-12 23:10:00,2.0,7.0,9.0,0.0,3.0,IMG_20250926_225824.jpg
2025-09-12 23:20:00,2.0,7.0,9.0,0.0,3.0,IMG_20250926_225824.jpg
2025-09-12 23:30:00,2.0,7.0,9.0,0.0,3.0,IMG_20250926_225824.jpg
2025-09-12 23:40:00,2.0,7.0,9.0,0.0,3.0,IMG_20250926_225824.jpg
2025-09-12 23:50:00,2.0,7.0,9.0,0.0,3.0,IMG_20250926_225824.jpg
2025-09-13 00:00:00,2.0,7.0,9.0,0.0,3.0,IMG_20250926_225824.jpg
2025-09-13 00:10:00,2.0,7.0,9.0,0.0,3.0,IMG_20250926_225824.jpg
2025-09-13 00:20:00,2.0,7.0,9.0,0.0,3.0,IMG_20250926_225824.jpg
2025-09-13 00:30:00,2.0,7.0,9.0,0.0,3.0,IMG_20250926_225824.jpg
2025-09-13 00:40:00,2.0,7.0,9.0,0.0,3.0,IMG_20250926_225824.jpg
2025-09-13 00:50:00,2.0,7.0,9.0,0.0,3.0,IMG_20250926_225824.jpg
2025-09-13 01:00:00,2.0,7.0,9.0,0.0,3.0,IMG_20250926_225824.jpg
2025-09-13 01:10:00,2.0,7.0,9.0,0.0,3.0,IMG_20250926_225824.jpg
2025-09-13 01:20:00,2.0,7.0,9.0,0.0,3.0,IMG_20250926_225824.jpg
2025-09-13 01:30:00,2.0,7.0,9.0,0.0,3.0,IMG_20250926_225824.jpg
2025-09-13 01:40:00,2.0,7.0,9.0,0.0,3.0,IMG_20250926_225824.jpg
2025-09-13 01:50:00,2.0,7.0,9.0,0.0,3.0,IMG_20250926_225824.jpg
2025-09-13 02:00:00,2.0,7.0,9.0,0.0,3.0,IMG_20250926_225824.jpg
2025-09-13 02:10:00,2.0,7.0,9.0,0.0,3.0,IMG_20250926_225824.jpg
2025-09-13 02:20:00,2.0,7.0,9.0,0.0,3.0,IMG_20250926_225824.jpg
2025-09-13 02:30:00,2.0,7.0,9.0,0.0,3.0,IMG_20250926_225824.jpg
2025-09-13 02:40:00,2.0,7.0,9.0,0.0,3.0,IMG_20250926_225824.jpg
2025-09-13 02:50:00,2.0,7.0,9.0,0.0,3.0,IMG_20250926_225824.jpg
2025-09-13 03:00:00,2.0,7.0,9.0,0.0,3.0,IMG_20250926_225824.jpg
2025-09-13 03:10:00,2.0,7.0,9.0,0.0,3.0,IMG_20250926_225824.jpg
2025-09-13 03:20:00,2.0,7.0,9.0,0.0,3.0,IMG_20250926_225824.jpg
2025-09-13 03:30:00,2.0,7.0,9.0,0.0,3.0,IMG_20250926_225824.jpg
2025-09-13 03:40:00,2.0,7.0,9.0,0.0,3.0,IMG_20250926_225824.jpg
2025-09-13 03:50:00,2.0,7.0,9.0,0.0,3.0,IMG_20250926_225824.jpg
2025-09-13 04:00:00,2.0,7.0,9.0,0.0,3.0,IMG_20250926_225824.jpg
2025-09-13 04:10:00,2.0,7.0,9.0,0.0,3.0,IMG_20250926_225824.jpg
2025-09-13 04:20:00,2.0,7.0,9.0,0.0,3.0,IMG_20250926_225824.jpg
2025-09-13 04:30:00,2.0,7.0,9.0,0.0,3.0,IMG_20250926_225824.jpg
2025-09-13 04:40:00,2.0,7.0,9.0,0.0,3.0,IMG_20250926_225824.jpg
2025-09-13 04:50:00,2.0,7.0,9.0,0.0,3.0,IMG_20250926_225824.jpg
2025-09-13 05:00:00,2.0,7.0,9.0,0.0,3.0,IMG_20250926_225824.jpg
2025-09-13 05:10:00,2.0,7.0,9.0,0.0,3.0,IMG_20250926_225824.jpg
2025-09-13 05:20:00,2.0,7.0,9.0,0.0,3.0,IMG_20250926_225824.jpg
2025-09-13 05:30:00,2.0,7.0,9.0,0.0,3.0,IMG_20250926_225824.jpg
2025-09-13 05:40:00,2.0,7.0,9.0,0.0,3.0,IMG_20250926_225824.jpg
2025-09-13 05:50:00,2.0,7.0,9.0,0.0,3.0,IMG_20250926_225824.jpg
2025-09-13 06:00:00,2.0,7.0,9.0,0.0,3.0,IMG_20250926_225824.jpg
2025-09-13 06:10:00,2.0,7.0,9.0,0.0,3.0,IMG_20250926_225824.jpg
2025-09-13 06:20:00,2.0,7.0,9.0,0.0,3.0,IMG_20250926_225824.jpg
2025-09-13 06:30:00,2.0,7.0,9.0,0.0,3.0,IMG_20250926_225824.jpg
2025-09-13 06:40:00,2.0,7.0,9.0,0.0,3.0,IMG_20250926_225824.jpg
2025-09-13 06:50:00,2.0,7.0,9.0,0.0,3.0,IMG_20250926_225824.jpg
2025-09-13 07:00:00,2.0,7.0,9.0,0.0,3.0,IMG_20250926_225824.jpg
2025-09-13 07:10:00,0.0,2.0,7.0,0.0,8.0,IMG_20250927_070815.jpg
2025-09-13 07:20:00,0.0,2.0,7.0,0.0,7.0,IMG_20250927_071829.jpg
2025-09-13 07:30:00,0.0,2.0,7.0,0.0,6.0,IMG_20250927_072840.jpg
2025-09-13 07:40:00,0.0,2.0,7.0,0.0,7.0,IMG_20250927_073852.jpg
2025-09-13 07:50:00,0.0,2.0,7.0,0.0,7.0,IMG_20250927_074904.jpg
2025-09-13 08:00:00,0.0,2.0,7.0,0.0,8.0,IMG_20250927_075918.jpg
2025-09-13 08:10:00,0.0,2.0,7.0,0.0,8.0,IMG_20250927_080929.jpg
2025-09-13 08:20:00,0.0,1.0,7.0,0.0,7.0,IMG_20250927_081942.jpg
2025-09-13 08:30:00,0.0,2.0,7.0,0.0,6.0,IMG_20250927_082954.jpg
2025-09-13 08:40:00,0.0,2.0,7.0,0.0,6.0,IMG_20250927_082954.jpg
2025-09-13 08:50:00,0.0,2.0,7.0,0.0,8.0,IMG_20250927_084006.jpg
2025-09-13 09:00:00,0.0,2.0,7.0,0.0,7.0,IMG_20250927_085018.jpg
2025-09-13 09:10:00,0.0,2.0,7.0,0.0,9.0,IMG_20250927_090029.jpg
2025-09-13 09:20:00,0.0,2.0,7.0,0.0,7.0,IMG_20250927_091041.jpg
2025-09-13 09:30:00,0.0,2.0,7.0,0.0,6.0,IMG_20250927_092053.jpg
2025-09-13 09:40:00,0.0,2.0,7.0,0.0,6.0,IMG_20250927_093103.jpg
2025-09-13 09:50:00,0.0,2.0,7.0,0.0,8.0,IMG_20250927_094115.jpg
2025-09-13 10:00:00,0.0,2.0,7.0,0.0,7.0,IMG_20250927_095127.jpg
2025-09-13 10:10:00,0.0,2.0,7.0,0.0,6.0,IMG_20250927_100138.jpg
2025-09-13 10:20:00,0.0,2.0,7.0,0.0,9.0,IMG_20250927_101149.jpg
2025-09-13 10:30:00,0.0,2.0,7.0,0.0,8.0,IMG_20250927_102203.jpg
2025-09-13 10:40:00,0.0,2.0,7.0,0.0,6.0,IMG_20250927_103214.jpg
2025-09-13 10:50:00,0.0,2.0,7.0,0.0,8.0,IMG_20250927_104226.jpg
2025-09-13 11:00:00,0.0,2.0,7.0,0.0,9.0,IMG_20250927_105238.jpg
2025-09-13 11:10:00,0.0,2.0,7.0,0.0,6.0,IMG_20250927_110251.jpg
2025-09-13 11:20:00,0.0,2.0,7.0,0.0,5.0,IMG_20250927_111302.jpg
2025-09-13 11:30:00,0.0,2.0,7.0,0.0,7.0,IMG_20250927_112313.jpg
2025-09-13 11:40:00,0.0,2.0,7.0,0.0,7.0,IMG_20250927_113324.jpg
2025-09-13 11:50:00,0.0,2.0,7.0,0.0,6.0,IMG_20250927_114336.jpg
2025-09-13 12:00:00,0.0,2.0,7.0,0.0,7.0,IMG_20250927_115347.jpg
2025-09-13 12:10:00,0.0,2.0,7.0,0.0,7.0,IMG_20250927_120357.jpg
2025-09-13 12:20:00,0.0,2.0,7.0,0.0,6.0,IMG_20250927_121407.jpg
2025-09-13 12:30:00,0.0,2.0,7.0,0.0,6.0,IMG_20250927_122418.jpg
2025-09-13 12:40:00,0.0,2.0,7.0,0.0,5.0,IMG_20250927_123429.jpg
2025-09-13 12:50:00,0.0,2.0,7.0,0.0,7.0,IMG_20250927_124444.jpg
2025-09-13 13:00:00,0.0,2.0,7.0,0.0,6.0,IMG_20250927_125456.jpg
2025-09-13 13:10:00,0.0,2.0,7.0,0.0,6.0,IMG_20250927_130509.jpg
2025-09-13 13:20:00,0.0,2.0,7.0,0.0,5.0,IMG_20250927_131519.jpg
2025-09-13 13:30:00,0.0,2.0,7.0,0.0,8.0,IMG_20250927_132530.jpg
2025-09-13 13:40:00,0.0,2.0,7.0,0.0,5.0,IMG_20250927_133541.jpg
2025-09-13 13:50:00,0.0,2.0,7.0,0.0,6.0,IMG_20250927_134552.jpg
2025-09-13 14:00:00,0.0,2.0,7.0,0.0,5.0,IMG_20250927_135602.jpg
2025-09-13 14:10:00,0.0,2.0,7.0,0.0,6.0,IMG_20250927_140614.jpg
2025-09-13 14:20:00,0.0,2.0,7.0,0.0,6.0,IMG_20250927_141624.jpg
2025-09-13 14:30:00,0.0,2.0,7.0,0.0,5.0,IMG_20250927_142634.jpg
2025-09-13 14:40:00,0.0,2.0,7.0,0.0,6.0,IMG_20250927_143646.jpg
2025-09-13 14:50:00,0.0,2.0,7.0,0.0,5.0,IMG_20250927_144658.jpg
2025-09-13 15:00:00,0.0,1.0,7.0,0.0,8.0,IMG_20250927_145708.jpg
2025-09-13 15:10:00,0.0,2.0,7.0,0.0,6.0,IMG_20250927_150725.jpg
2025-09-13 15:20:00,0.0,2.0,7.0,0.0,5.0,IMG_20250927_151737.jpg
2025-09-13 15:30:00,0.0,2.0,7.0,0.0,6.0,IMG_20250927_152748.jpg
2025-09-13 15:40:00,0.0,2.0,7.0,0.0,5.0,IMG_20250927_153800.jpg
2025-09-13 15:50:00,0.0,1.0,7.0,0.0,5.0,IMG_20250927_154812.jpg
2025-09-13 16:00:00,0.0,1.0,7.0,0.0,5.0,IMG_20250927_155823.jpg
2025-09-13 16:10:00,0.0,1.0,7.0,0.0,5.0,IMG_20250927_160834.jpg
2025-09-13 16:20:00,0.0,2.0,7.0,0.0,4.0,IMG_20250927_161847.jpg
2025-09-13 16:30:00,0.0,1.0,7.0,0.0,5.0,IMG_20250927_162857.jpg
2025-09-13 16:40:00,0.0,1.0,7.0,0.0,5.0,IMG_20250927_163909.jpg
2025-09-13 16:50:00,0.0,1.0,7.0,0.0,5.0,IMG_20250927_164924.jpg
2025-09-13 17:00:00,0.0,1.0,7.0,0.0,5.0,IMG_20250927_165935.jpg
2025-09-13 17:10:00,0.0,1.0,7.0,0.0,5.0,IMG_20250927_170947.jpg
2025-09-13 17:20:00,0.0,3.0,7.0,0.0,5.0,IMG_20250927_172000.jpg
2025-09-13 17:30:00,0.0,3.0,7.0,0.0,5.0,IMG_20250927_172000.jpg
2025-09-13 17:40:00,0.0,3.0,7.0,0.0,5.0,IMG_20250927_173011.jpg
2025-09-13 17:50:00,0.0,3.0,7.0,0.0,5.0,IMG_20250927_174023.jpg
2025-09-13 18:00:00,1.0,5.0,7.0,0.0,4.0,IMG_20250927_175034.jpg
2025-09-13 18:10:00,1.0,5.0,7.0,0.0,4.0,IMG_20250927_180045.jpg
2025-09-13 18:20:00,1.0,5.0,7.0,0.0,4.0,IMG_20250927_181056.jpg
2025-09-13 18:30:00,4.0,8.0,8.0,0.0,3.0,IMG_20250927_182113.jpg
2025-09-13 18:40:00,7.0,9.0,8.0,0.0,2.0,IMG_20250927_183123.jpg
2025-09-13 18:50:00,5.0,9.0,8.0,0.0,3.0,IMG_20250927_184133.jpg
2025-09-13 19:00:00,6.0,9.0,8.0,1.0,3.0,IMG_20250927_185147.jpg
2025-09-13 19:10:00,5.0,9.0,8.0,0.0,2.0,IMG_20250927_190158.jpg
2025-09-13 19:20:00,9.0,9.0,8.0,1.0,5.0,IMG_20250927_191209.jpg
2025-09-13 19:30:00,7.0,9.0,8.0,2.0,4.0,IMG_20250927_192220.jpg
2025-09-13 19:40:00,7.0,9.0,8.0,1.0,4.0,IMG_20250927_193231.jpg
2025-09-13 19:50:00,8.0,9.0,8.0,1.0,4.0,IMG_20250927_194242.jpg
2025-09-13 20:00:00,9.0,9.0,8.0,1.0,3.0,IMG_20250927_195253.jpg
2025-09-13 20:10:00,7.0,9.0,8.0,0.0,4.0,IMG_20250927_200305.jpg
2025-09-13 20:20:00,7.0,9.0,8.0,0.0,4.0,IMG_20250927_201317.jpg
2025-09-13 20:30:00,7.0,9.0,8.0,1.0,4.0,IMG_20250927_202328.jpg
2025-09-13 20:40:00,8.0,9.0,8.0,2.0,6.0,IMG_20250927_203337.jpg
2025-09-13 20:50:00,7.0,9.0,8.0,2.0,5.0,IMG_20250927_204347.jpg
2025-09-13 21:00:00,7.0,9.0,8.0,4.0,6.0,IMG_20250927_205358.jpg
2025-09-13 21:10:00,6.0,9.0,8.0,3.0,5.0,IMG_20250927_210410.jpg
2025-09-13 21:20:00,6.0,9.0,8.0,2.0,6.0,IMG_20250927_211423.jpg
2025-09-13 21:30:00,7.0,9.0,8.0,5.0,7.0,IMG_20250927_212433.jpg
2025-09-13 21:40:00,10.0,10.0,9.0,6.0,6.0,IMG_20250927_213443.jpg
2025-09-13 21:50:00,8.0,9.0,8.0,4.0,11.0,IMG_20250927_214454.jpg
2025-09-13 22:00:00,7.0,8.0,9.0,0.0,7.0,IMG_20250927_215504.jpg
2025-09-13 22:10:00,6.0,4.0,8.0,1.0,5.0,IMG_20250927_220516.jpg
2025-09-13 22:20:00,7.0,5.0,9.0,2.0,8.0,IMG_20250927_221527.jpg
2025-09-13 22:30:00,6.0,8.0,9.0,0.0,5.0,IMG_20250927_222536.jpg
2025-09-13 22:40:00,6.0,8.0,10.0,1.0,6.0,IMG_20250927_223548.jpg
2025-09-13 22:50:00,5.0,8.0,9.0,0.0,6.0,IMG_20250927_224559.jpg
2025-09-13 23:00:00,7.0,9.0,9.0,0.0,6.0,IMG_20250927_225609.jpg
2025-09-13 23:10:00,7.0,9.0,9.0,0.0,6.0,IMG_20250927_225609.jpg
2025-09-13 23:20:00,7.0,9.0,9.0,0.0,6.0,IMG_20250927_225609.jpg
2025-09-13 23:30:00,7.0,9.0,9.0,0.0,6.0,IMG_20250927_225609.jpg
2025-09-13 23:40:00,7.0,9.0,9.0,0.0,6.0,IMG_20250927_225609.jpg
2025-09-13 23:50:00,7.0,9.0,9.0,0.0,6.0,IMG_20250927_225609.jpg
2025-09-14 00:00:00,7.0,9.0,9.0,0.0,6.0,IMG_20250927_225609.jpg
2025-09-14 00:10:00,7.0,9.0,9.0,0.0,6.0,IMG_20250927_225609.jpg
2025-09-14 00:20:00,7.0,9.0,9.0,0.0,6.0,IMG_20250927_225609.jpg
2025-09-14 00:30:00,7.0,9.0,9.0,0.0,6.0,IMG_20250927_225609.jpg
2025-09-14 00:40:00,7.0,9.0,9.0,0.0,6.0,IMG_20250927_225609.jpg
2025-09-14 00:50:00,7.0,9.0,9.0,0.0,6.0,IMG_20250927_225609.jpg
2025-09-14 01:00:00,7.0,9.0,9.0,0.0,6.0,IMG_20250927_225609.jpg
2025-09-14 01:10:00,7.0,9.0,9.0,0.0,6.0,IMG_20250927_225609.jpg
2025-09-14 01:20:00,7.0,9.0,9.0,0.0,6.0,IMG_20250927_225609.jpg
2025-09-14 01:30:00,7.0,9.0,9.0,0.0,6.0,IMG_20250927_225609.jpg
2025-09-14 01:40:00,7.0,9.0,9.0,0.0,6.0,IMG_20250927_225609.jpg
2025-09-14 01:50:00,7.0,9.0,9.0,0.0,6.0,IMG_20250927_225609.jpg
2025-09-14 02:00:00,7.0,9.0,9.0,0.0,6.0,IMG_20250927_225609.jpg
2025-09-14 02:10:00,7.0,9.0,9.0,0.0,6.0,IMG_20250927_225609.jpg
2025-09-14 02:20:00,7.0,9.0,9.0,0.0,6.0,IMG_20250927_225609.jpg
2025-09-14 02:30:00,7.0,9.0,9.0,0.0,6.0,IMG_20250927_225609.jpg
2025-09-14 02:40:00,7.0,9.0,9.0,0.0,6.0,IMG_20250927_225609.jpg
2025-09-14 02:50:00,7.0,9.0,9.0,0.0,6.0,IMG_20250927_225609.jpg
2025-09-14 03:00:00,7.0,9.0,9.0,0.0,6.0,IMG_20250927_225609.jpg
2025-09-14 03:10:00,7.0,9.0,9.0,0.0,6.0,IMG_20250927_225609.jpg
2025-09-14 03:20:00,7.0,9.0,9.0,0.0,6.0,IMG_20250927_225609.jpg
2025-09-14 03:30:00,7.0,9.0,9.0,0.0,6.0,IMG_20250927_225609.jpg
2025-09-14 03:40:00,7.0,9.0,9.0,0.0,6.0,IMG_20250927_225609.jpg
2025-09-14 03:50:00,7.0,9.0,9.0,0.0,6.0,IMG_20250927_225609.jpg
2025-09-14 04:00:00,7.0,9.0,9.0,0.0,6.0,IMG_20250927_225609.jpg
2025-09-14 04:10:00,7.0,9.0,9.0,0.0,6.0,IMG_20250927_225609.jpg
2025-09-14 04:20:00,7.0,9.0,9.0,0.0,6.0,IMG_20250927_225609.jpg
2025-09-14 04:30:00,7.0,9.0,9.0,0.0,6.0,IMG_20250927_225609.jpg
2025-09-14 04:40:00,7.0,9.0,9.0,0.0,6.0,IMG_20250927_225609.jpg
2025-09-14 04:50:00,7.0,9.0,9.0,0.0,6.0,IMG_20250927_225609.jpg
2025-09-14 05:00:00,7.0,9.0,9.0,0.0,6.0,IMG_20250927_225609.jpg
2025-09-14 05:10:00,7.0,9.0,9.0,0.0,6.0,IMG_20250927_225609.jpg
2025-09-14 05:20:00,7.0,9.0,9.0,0.0,6.0,IMG_20250927_225609.jpg
2025-09-14 05:30:00,7.0,9.0,9.0,0.0,6.0,IMG_20250927_225609.jpg
2025-09-14 05:40:00,7.0,9.0,9.0,0.0,6.0,IMG_20250927_225609.jpg
2025-09-14 05:50:00,7.0,9.0,9.0,0.0,6.0,IMG_20250927_225609.jpg
2025-09-14 06:00:00,7.0,9.0,9.0,0.0,6.0,IMG_20250927_225609.jpg
2025-09-14 06:10:00,7.0,9.0,9.0,0.0,6.0,IMG_20250927_225609.jpg
2025-09-14 06:20:00,7.0,9.0,9.0,0.0,6.0,IMG_20250927_225609.jpg
2025-09-14 06:30:00,7.0,9.0,9.0,0.0,6.0,IMG_20250927_225609.jpg
2025-09-14 06:40:00,7.0,9.0,9.0,0.0,6.0,IMG_20250927_225609.jpg
2025-09-14 06:50:00,7.0,9.0,9.0,0.0,6.0,IMG_20250927_225609.jpg
2025-09-14 07:00:00,7.0,9.0,9.0,0.0,6.0,IMG_20250927_225609.jpg
2025-09-14 07:10:00,0.0,3.0,8.0,0.0,6.0,IMG_20250928_070509.jpg
2025-09-14 07:20:00,0.0,3.0,8.0,0.0,6.0,IMG_20250928_071520.jpg
2025-09-14 07:30:00,0.0,3.0,8.0,0.0,6.0,IMG_20250928_072530.jpg
2025-09-14 07:40:00,0.0,3.0,8.0,0.0,7.0,IMG_20250928_073541.jpg
2025-09-14 07:50:00,0.0,3.0,8.0,0.0,7.0,IMG_20250928_074552.jpg
2025-09-14 08:00:00,0.0,3.0,8.0,0.0,6.0,IMG_20250928_075602.jpg
2025-09-14 08:10:00,0.0,3.0,8.0,0.0,6.0,IMG_20250928_080615.jpg
2025-09-14 08:20:00,0.0,3.0,8.0,0.0,6.0,IMG_20250928_081627.jpg
2025-09-14 08:30:00,0.0,3.0,8.0,0.0,8.0,IMG_20250928_082639.jpg
2025-09-14 08:40:00,0.0,3.0,8.0,0.0,6.0,IMG_20250928_083652.jpg
2025-09-14 08:50:00,0.0,3.0,8.0,0.0,5.0,IMG_20250928_084703.jpg
2025-09-14 09:00:00,0.0,3.0,8.0,0.0,5.0,IMG_20250928_084703.jpg
2025-09-14 09:10:00,0.0,3.0,8.0,0.0,5.0,IMG_20250928_084703.jpg
2025-09-14 09:20:00,0.0,3.0,8.0,0.0,5.0,IMG_20250928_084703.jpg
2025-09-14 09:30:00,0.0,3.0,8.0,0.0,5.0,IMG_20250928_084703.jpg
2025-09-14 09:40:00,0.0,3.0,8.0,0.0,5.0,IMG_20250928_084703.jpg
2025-09-14 09:50:00,0.0,3.0,8.0,0.0,5.0,IMG_20250928_084703.jpg
2025-09-14 10:00:00,0.0,3.0,8.0,0.0,5.0,IMG_20250928_084703.jpg
2025-09-14 10:10:00,0.0,3.0,8.0,0.0,5.0,IMG_20250928_084703.jpg
2025-09-14 10:20:00,0.0,3.0,8.0,0.0,5.0,IMG_20250928_084703.jpg
2025-09-14 10:30:00,0.0,3.0,8.0,0.0,5.0,IMG_20250928_084703.jpg
2025-09-14 10:40:00,0.0,3.0,8.0,0.0,5.0,IMG_20250928_084703.jpg
2025-09-14 10:50:00,0.0,3.0,8.0,0.0,5.0,IMG_20250928_084703.jpg
2025-09-14 11:00:00,0.0,3.0,8.0,0.0,5.0,IMG_20250928_084703.jpg
2025-09-14 11:10:00,0.0,3.0,8.0,0.0,5.0,IMG_20250928_084703.jpg
2025-09-14 11:20:00,0.0,3.0,8.0,0.0,5.0,IMG_20250928_084703.jpg
2025-09-14 11:30:00,0.0,3.0,8.0,0.0,5.0,IMG_20250928_084703.jpg
2025-09-14 11:40:00,0.0,3.0,8.0,0.0,5.0,IMG_20250928_084703.jpg
2025-09-14 11:50:00,0.0,3.0,8.0,0.0,5.0,IMG_20250928_084703.jpg
2025-09-14 12:00:00,0.0,3.0,8.0,0.0,5.0,IMG_20250928_084703.jpg
2025-09-14 12:10:00,0.0,3.0,8.0,0.0,5.0,IMG_20250928_084703.jpg
2025-09-14 12:20:00,0.0,3.0,8.0,0.0,5.0,IMG_20250928_084703.jpg
2025-09-14 12:30:00,0.0,3.0,8.0,0.0,5.0,IMG_20250928_084703.jpg
2025-09-14 12:40:00,0.0,3.0,8.0,0.0,5.0,IMG_20250928_084703.jpg
2025-09-14 12:50:00,0.0,3.0,8.0,0.0,5.0,IMG_20250928_084703.jpg
2025-09-14 13:00:00,0.0,3.0,8.0,0.0,5.0,IMG_20250928_084703.jpg
2025-09-14 13:10:00,0.0,3.0,8.0,0.0,5.0,IMG_20250928_084703.jpg
2025-09-14 13:20:00,0.0,3.0,8.0,0.0,5.0,IMG_20250928_084703.jpg
2025-09-14 13:30:00,0.0,3.0,8.0,0.0,5.0,IMG_20250928_084703.jpg
2025-09-14 13:40:00,0.0,3.0,8.0,0.0,5.0,IMG_20250928_084703.jpg
2025-09-14 13:50:00,0.0,3.0,8.0,0.0,5.0,IMG_20250928_084703.jpg
2025-09-14 14:00:00,0.0,3.0,8.0,0.0,5.0,IMG_20250928_084703.jpg
2025-09-14 14:10:00,0.0,3.0,8.0,0.0,5.0,IMG_20250928_084703.jpg
2025-09-14 14:20:00,0.0,3.0,8.0,0.0,5.0,IMG_20250928_084703.jpg
2025-09-14 14:30:00,0.0,3.0,8.0,0.0,5.0,IMG_20250928_084703.jpg
2025-09-14 14:40:00,0.0,3.0,8.0,0.0,5.0,IMG_20250928_084703.jpg
2025-09-14 14:50:00,0.0,3.0,8.0,0.0,5.0,IMG_20250928_084703.jpg
2025-09-14 15:00:00,0.0,3.0,8.0,0.0,5.0,IMG_20250928_084703.jpg
2025-09-14 15:10:00,0.0,3.0,8.0,0.0,5.0,IMG_20250928_084703.jpg
2025-09-14 15:20:00,0.0,3.0,8.0,0.0,5.0,IMG_20250928_084703.jpg
2025-09-14 15:30:00,0.0,3.0,8.0,0.0,5.0,IMG_20250928_084703.jpg
2025-09-14 15:40:00,0.0,3.0,8.0,0.0,5.0,IMG_20250928_084703.jpg
2025-09-14 15:50:00,0.0,3.0,8.0,0.0,5.0,IMG_20250928_084703.jpg
2025-09-14 16:00:00,0.0,3.0,8.0,0.0,5.0,IMG_20250928_084703.jpg
2025-09-14 16:10:00,0.0,3.0,8.0,0.0,5.0,IMG_20250928_084703.jpg
2025-09-14 16:20:00,0.0,3.0,8.0,0.0,5.0,IMG_20250928_084703.jpg
2025-09-14 16:30:00,0.0,3.0,8.0,0.0,5.0,IMG_20250928_084703.jpg
2025-09-14 16:40:00,0.0,3.0,8.0,0.0,5.0,IMG_20250928_084703.jpg
2025-09-14 16:50:00,0.0,3.0,8.0,0.0,5.0,IMG_20250928_084703.jpg
2025-09-14 17:00:00,0.0,3.0,8.0,0.0,5.0,IMG_20250928_084703.jpg
2025-09-14 17:10:00,0.0,3.0,8.0,0.0,5.0,IMG_20250928_084703.jpg
2025-09-14 17:20:00,0.0,3.0,8.0,0.0,5.0,IMG_20250928_084703.jpg
2025-09-14 17:30:00,0.0,3.0,8.0,0.0,5.0,IMG_20250928_084703.jpg
2025-09-14 17:40:00,0.0,3.0,8.0,0.0,5.0,IMG_20250928_084703.jpg
2025-09-14 17:50:00,0.0,3.0,8.0,0.0,5.0,IMG_20250928_084703.jpg
2025-09-14 18:00:00,0.0,3.0,8.0,0.0,5.0,IMG_20250928_084703.jpg
2025-09-14 18:10:00,0.0,3.0,8.0,0.0,5.0,IMG_20250928_084703.jpg
2025-09-14 18:20:00,0.0,3.0,8.0,0.0,5.0,IMG_20250928_084703.jpg
2025-09-14 18:30:00,0.0,3.0,8.0,0.0,5.0,IMG_20250928_084703.jpg
2025-09-14 18:40:00,0.0,3.0,8.0,0.0,5.0,IMG_20250928_084703.jpg
2025-09-14 18:50:00,0.0,3.0,8.0,0.0,5.0,IMG_20250928_084703.jpg
2025-09-14 19:00:00,0.0,3.0,8.0,0.0,5.0,IMG_20250928_084703.jpg
2025-09-14 19:10:00,0.0,3.0,8.0,0.0,5.0,IMG_20250928_084703.jpg
2025-09-14 19:20:00,0.0,3.0,8.0,0.0,5.0,IMG_20250928_084703.jpg
2025-09-14 19:30:00,0.0,3.0,8.0,0.0,5.0,IMG_20250928_084703.jpg
2025-09-14 19:40:00,0.0,3.0,8.0,0.0,5.0,IMG_20250928_084703.jpg
2025-09-14 19:50:00,0.0,3.0,8.0,0.0,5.0,IMG_20250928_084703.jpg
2025-09-14 20:00:00,0.0,3.0,8.0,0.0,5.0,IMG_20250928_084703.jpg
2025-09-14 20:10:00,0.0,3.0,8.0,0.0,5.0,IMG_20250928_084703.jpg
2025-09-14 20:20:00,0.0,3.0,8.0,0.0,5.0,IMG_20250928_084703.jpg
2025-09-14 20:30:00,0.0,3.0,8.0,0.0,5.0,IMG_20250928_084703.jpg
2025-09-14 20:40:00,0.0,3.0,8.0,0.0,5.0,IMG_20250928_084703.jpg
2025-09-14 20:50:00,0.0,3.0,8.0,0.0,5.0,IMG_20250928_084703.jpg
2025-09-14 21:00:00,0.0,3.0,8.0,0.0,5.0,IMG_20250928_084703.jpg
2025-09-14 21:10:00,0.0,3.0,8.0,0.0,5.0,IMG_20250928_084703.jpg
2025-09-14 21:20:00,0.0,3.0,8.0,0.0,5.0,IMG_20250928_084703.jpg
2025-09-14 21:30:00,0.0,3.0,8.0,0.0,5.0,IMG_20250928_084703.jpg
2025-09-14 21:40:00,0.0,3.0,8.0,0.0,5.0,IMG_20250928_084703.jpg
2025-09-14 21:50:00,0.0,3.0,8.0,0.0,5.0,IMG_20250928_084703.jpg
2025-09-14 22:00:00,0.0,3.0,8.0,0.0,5.0,IMG_20250928_084703.jpg
2025-09-14 22:10:00,0.0,3.0,8.0,0.0,5.0,IMG_20250928_084703.jpg
2025-09-14 22:20:00,0.0,3.0,8.0,0.0,5.0,IMG_20250928_084703.jpg
2025-09-14 22:30:00,0.0,3.0,8.0,0.0,5.0,IMG_20250928_084703.jpg
2025-09-14 22:40:00,0.0,3.0,8.0,0.0,5.0,IMG_20250928_084703.jpg
2025-09-14 22:50:00,0.0,3.0,8.0,0.0,5.0,IMG_20250928_084703.jpg
2025-09-14 23:00:00,0.0,3.0,8.0,0.0,5.0,IMG_20250928_084703.jpg
2025-09-14 23:10:00,0.0,3.0,8.0,0.0,5.0,IMG_20250928_084703.jpg
2025-09-14 23:20:00,0.0,3.0,8.0,0.0,5.0,IMG_20250928_084703.jpg
2025-09-14 23:30:00,0.0,3.0,8.0,0.0,5.0,IMG_20250928_084703.jpg
2025-09-14 23:40:00,0.0,3.0,8.0,0.0,5.0,IMG_20250928_084703.jpg
2025-09-14 23:50:00,0.0,3.0,8.0,0.0,5.0,IMG_20250928_084703.jpg
2025-09-15 00:00:00,0.0,3.0,8.0,0.0,5.0,IMG_20250928_084703.jpg
2025-09-15 00:10:00,0.0,3.0,8.0,0.0,5.0,IMG_20250928_084703.jpg
2025-09-15 00:20:00,0.0,3.0,8.0,0.0,5.0,IMG_20250928_084703.jpg
2025-09-15 00:30:00,0.0,3.0,8.0,0.0,5.0,IMG_20250928_084703.jpg
2025-09-15 00:40:00,0.0,3.0,8.0,0.0,5.0,IMG_20250928_084703.jpg
2025-09-15 00:50:00,0.0,3.0,8.0,0.0,5.0,IMG_20250928_084703.jpg
2025-09-15 01:00:00,0.0,3.0,8.0,0.0,5.0,IMG_20250928_084703.jpg
2025-09-15 01:10:00,0.0,3.0,8.0,0.0,5.0,IMG_20250928_084703.jpg
2025-09-15 01:20:00,0.0,3.0,8.0,0.0,5.0,IMG_20250928_084703.jpg
2025-09-15 01:30:00,0.0,3.0,8.0,0.0,5.0,IMG_20250928_084703.jpg
2025-09-15 01:40:00,0.0,3.0,8.0,0.0,5.0,IMG_20250928_084703.jpg
2025-09-15 01:50:00,0.0,3.0,8.0,0.0,5.0,IMG_20250928_084703.jpg
2025-09-15 02:00:00,0.0,3.0,8.0,0.0,5.0,IMG_20250928_084703.jpg
2025-09-15 02:10:00,0.0,3.0,8.0,0.0,5.0,IMG_20250928_084703.jpg
2025-09-15 02:20:00,0.0,3.0,8.0,0.0,5.0,IMG_20250928_084703.jpg
2025-09-15 02:30:00,0.0,3.0,8.0,0.0,5.0,IMG_20250928_084703.jpg
2025-09-15 02:40:00,0.0,3.0,8.0,0.0,5.0,IMG_20250928_084703.jpg
2025-09-15 02:50:00,0.0,3.0,8.0,0.0,5.0,IMG_20250928_084703.jpg
2025-09-15 03:00:00,0.0,3.0,8.0,0.0,5.0,IMG_20250928_084703.jpg
2025-09-15 03:10:00,0.0,3.0,8.0,0.0,5.0,IMG_20250928_084703.jpg
2025-09-15 03:20:00,0.0,3.0,8.0,0.0,5.0,IMG_20250928_084703.jpg
2025-09-15 03:30:00,0.0,3.0,8.0,0.0,5.0,IMG_20250928_084703.jpg
2025-09-15 03:40:00,0.0,3.0,8.0,0.0,5.0,IMG_20250928_084703.jpg
2025-09-15 03:50:00,0.0,3.0,8.0,0.0,5.0,IMG_20250928_084703.jpg
2025-09-15 04:00:00,0.0,3.0,8.0,0.0,5.0,IMG_20250928_084703.jpg
2025-09-15 04:10:00,0.0,3.0,8.0,0.0,5.0,IMG_20250928_084703.jpg
2025-09-15 04:20:00,0.0,3.0,8.0,0.0,5.0,IMG_20250928_084703.jpg
2025-09-15 04:30:00,0.0,3.0,8.0,0.0,5.0,IMG_20250928_084703.jpg
2025-09-15 04:40:00,0.0,3.0,8.0,0.0,5.0,IMG_20250928_084703.jpg
2025-09-15 04:50:00,0.0,3.0,8.0,0.0,5.0,IMG_20250928_084703.jpg
2025-09-15 05:00:00,0.0,3.0,8.0,0.0,5.0,IMG_20250928_084703.jpg
2025-09-15 05:10:00,0.0,3.0,8.0,0.0,5.0,IMG_20250928_084703.jpg
2025-09-15 05:20:00,0.0,3.0,8.0,0.0,5.0,IMG_20250928_084703.jpg
2025-09-15 05:30:00,0.0,3.0,8.0,0.0,5.0,IMG_20250928_084703.jpg
2025-09-15 05:40:00,0.0,3.0,8.0,0.0,5.0,IMG_20250928_084703.jpg
2025-09-15 05:50:00,0.0,3.0,8.0,0.0,5.0,IMG_20250928_084703.jpg
2025-09-15 06:00:00,0.0,3.0,8.0,0.0,5.0,IMG_20250928_084703.jpg
2025-09-15 06:10:00,0.0,3.0,8.0,0.0,5.0,IMG_20250928_084703.jpg
2025-09-15 06:20:00,0.0,3.0,8.0,0.0,5.0,IMG_20250928_084703.jpg
2025-09-15 06:30:00,0.0,3.0,8.0,0.0,5.0,IMG_20250928_084703.jpg
2025-09-15 06:40:00,0.0,3.0,8.0,0.0,5.0,IMG_20250928_084703.jpg
2025-09-15 06:50:00,0.0,3.0,8.0,0.0,5.0,IMG_20250928_084703.jpg
2025-09-15 07:00:00,0.0,3.0,8.0,0.0,5.0,IMG_20250928_084703.jpg
2025-09-15 07:10:00,0.0,3.0,8.0,0.0,5.0,IMG_20250928_084703.jpg
2025-09-15 07:20:00,0.0,3.0,8.0,0.0,5.0,IMG_20250928_084703.jpg
2025-09-15 07:30:00,0.0,3.0,8.0,0.0,5.0,IMG_20250928_084703.jpg
2025-09-15 07:40:00,0.0,3.0,8.0,0.0,5.0,IMG_20250928_084703.jpg
2025-09-15 07:50:00,0.0,3.0,8.0,0.0,5.0,IMG_20250928_084703.jpg
2025-09-15 08:00:00,0.0,3.0,8.0,0.0,5.0,IMG_20250928_084703.jpg
2025-09-15 08:10:00,0.0,3.0,8.0,0.0,5.0,IMG_20250928_084703.jpg
2025-09-15 08:20:00,0.0,3.0,8.0,0.0,5.0,IMG_20250928_084703.jpg
2025-09-15 08:30:00,0.0,3.0,8.0,0.0,5.0,IMG_20250928_084703.jpg
2025-09-15 08:40:00,0.0,3.0,8.0,0.0,5.0,IMG_20250928_084703.jpg
2025-09-15 08:50:00,0.0,3.0,8.0,0.0,5.0,IMG_20250928_084703.jpg
2025-09-15 09:00:00,0.0,3.0,8.0,0.0,5.0,IMG_20250928_084703.jpg
2025-09-15 09:10:00,0.0,3.0,8.0,0.0,5.0,IMG_20250928_084703.jpg
2025-09-15 09:20:00,0.0,3.0,8.0,0.0,5.0,IMG_20250928_084703.jpg
2025-09-15 09:30:00,0.0,3.0,8.0,0.0,5.0,IMG_20250928_084703.jpg
2025-09-15 09:40:00,0.0,3.0,8.0,0.0,5.0,IMG_20250928_084703.jpg
2025-09-15 09:50:00,0.0,3.0,8.0,0.0,5.0,IMG_20250928_084703.jpg
2025-09-15 10:00:00,0.0,3.0,8.0,0.0,5.0,IMG_20250928_084703.jpg
2025-09-15 10:10:00,4.0,7.0,7.0,0.0,3.0,IMG_20250915_100253.jpg
2025-09-15 10:20:00,2.0,7.0,8.0,0.0,3.0,IMG_20250915_101303.jpg
2025-09-15 10:30:00,4.0,7.0,8.0,1.0,5.0,IMG_20250915_102313.jpg
2025-09-15 10:40:00,3.0,5.0,8.0,1.0,7.0,IMG_20250915_103325.jpg
2025-09-15 10:50:00,4.0,5.0,8.0,2.0,5.0,IMG_20250915_104335.jpg
2025-09-15 11:00:00,7.0,8.0,8.0,2.0,6.0,IMG_20250915_105345.jpg
2025-09-15 11:10:00,9.0,8.0,8.0,1.0,3.0,IMG_20250915_110356.jpg
2025-09-15 11:20:00,17.0,7.0,8.0,3.0,3.0,IMG_20250915_111414.jpg
2025-09-15 11:30:00,13.0,7.0,8.0,3.0,4.0,IMG_20250915_112424.jpg
2025-09-15 11:40:00,15.0,7.0,8.0,1.0,5.0,IMG_20250915_113435.jpg
2025-09-15 11:50:00,14.0,7.0,8.0,1.0,7.0,IMG_20250915_114446.jpg
2025-09-15 12:00:00,17.0,7.0,9.0,2.0,4.0,IMG_20250915_115457.jpg
2025-09-15 12:10:00,14.0,7.0,8.0,3.0,6.0,IMG_20250915_120508.jpg
2025-09-15 12:20:00,13.0,7.0,9.0,3.0,5.0,IMG_20250915_121518.jpg
2025-09-15 12:30:00,13.0,7.0,9.0,3.0,5.0,IMG_20250915_122529.jpg
2025-09-15 12:40:00,9.0,5.0,8.0,2.0,4.0,IMG_20250915_123540.jpg
2025-09-15 12:50:00,8.0,5.0,8.0,3.0,5.0,IMG_20250915_124551.jpg
2025-09-15 13:00:00,0.0,3.0,9.0,0.0,5.0,IMG_20250915_125603.jpg
2025-09-15 13:10:00,1.0,2.0,7.0,0.0,5.0,IMG_20250915_130614.jpg
2025-09-15 13:20:00,0.0,1.0,8.0,0.0,5.0,IMG_20250915_131625.jpg
2025-09-15 13:30:00,0.0,1.0,9.0,0.0,6.0,IMG_20250915_132636.jpg
2025-09-15 13:40:00,0.0,1.0,8.0,0.0,5.0,IMG_20250915_133647.jpg
2025-09-15 13:50:00,0.0,1.0,8.0,0.0,5.0,IMG_20250915_134658.jpg
2025-09-15 14:00:00,0.0,1.0,8.0,0.0,5.0,IMG_20250915_135709.jpg
2025-09-15 14:10:00,0.0,1.0,9.0,0.0,5.0,IMG_20250915_140720.jpg
2025-09-15 14:20:00,1.0,0.0,8.0,0.0,5.0,IMG_20250915_141731.jpg
2025-09-15 14:30:00,2.0,2.0,8.0,0.0,5.0,IMG_20250915_142741.jpg
2025-09-15 14:40:00,5.0,3.0,7.0,1.0,8.0,IMG_20250915_143754.jpg
2025-09-15 14:50:00,5.0,5.0,8.0,0.0,8.0,IMG_20250915_144805.jpg
2025-09-15 15:00:00,15.0,7.0,8.0,5.0,7.0,IMG_20250915_145816.jpg
2025-09-15 15:10:00,14.0,9.0,9.0,5.0,7.0,IMG_20250915_150826.jpg
2025-09-15 15:20:00,6.0,10.0,10.0,0.0,9.0,IMG_20250915_151836.jpg
2025-09-15 15:30:00,7.0,11.0,11.0,0.0,7.0,IMG_20250915_152847.jpg
2025-09-15 15:40:00,6.0,8.0,8.0,0.0,7.0,IMG_20250915_153857.jpg
2025-09-15 15:50:00,8.0,8.0,8.0,2.0,7.0,IMG_20250915_154907.jpg
2025-09-15 16:00:00,9.0,9.0,9.0,2.0,8.0,IMG_20250915_155917.jpg
2025-09-15 16:10:00,12.0,9.0,9.0,5.0,11.0,IMG_20250915_160933.jpg
2025-09-15 16:20:00,9.0,8.0,8.0,4.0,13.0,IMG_20250915_161944.jpg
2025-09-15 16:30:00,7.0,8.0,8.0,1.0,12.0,IMG_20250915_162954.jpg
2025-09-15 16:40:00,7.0,8.0,8.0,1.0,12.0,IMG_20250915_162954.jpg
2025-09-15 16:50:00,9.0,9.0,9.0,5.0,12.0,IMG_20250915_164004.jpg
2025-09-15 17:00:00,9.0,8.0,9.0,5.0,11.0,IMG_20250915_165015.jpg
2025-09-15 17:10:00,9.0,8.0,8.0,2.0,8.0,IMG_20250915_170025.jpg
2025-09-15 17:20:00,5.0,7.0,8.0,1.0,10.0,IMG_20250915_171036.jpg
2025-09-15 17:30:00,3.0,8.0,10.0,1.0,8.0,IMG_20250915_172048.jpg
2025-09-15 17:40:00,5.0,7.0,9.0,1.0,9.0,IMG_20250915_173058.jpg
2025-09-15 17:50:00,6.0,7.0,9.0,2.0,9.0,IMG_20250915_174108.jpg
2025-09-15 18:00:00,4.0,7.0,10.0,1.0,9.0,IMG_20250915_175119.jpg
2025-09-15 18:10:00,4.0,7.0,9.0,3.0,9.0,IMG_20250915_180131.jpg
2025-09-15 18:20:00,4.0,8.0,9.0,1.0,9.0,IMG_20250915_181141.jpg
2025-09-15 18:30:00,5.0,7.0,8.0,2.0,8.0,IMG_20250915_182151.jpg
2025-09-15 18:40:00,3.0,7.0,8.0,0.0,7.0,IMG_20250915_183202.jpg
2025-09-15 18:50:00,4.0,7.0,8.0,0.0,8.0,IMG_20250915_184212.jpg
2025-09-15 19:00:00,4.0,7.0,8.0,0.0,7.0,IMG_20250915_185221.jpg
2025-09-15 19:10:00,5.0,8.0,9.0,1.0,7.0,IMG_20250915_190231.jpg
2025-09-15 19:20:00,5.0,7.0,8.0,3.0,7.0,IMG_20250915_191241.jpg
2025-09-15 19:30:00,6.0,9.0,10.0,2.0,7.0,IMG_20250915_192252.jpg
2025-09-15 19:40:00,6.0,7.0,8.0,2.0,8.0,IMG_20250915_193304.jpg
2025-09-15 19:50:00,6.0,7.0,8.0,2.0,7.0,IMG_20250915_194314.jpg
2025-09-15 20:00:00,5.0,8.0,9.0,0.0,10.0,IMG_20250915_195326.jpg
2025-09-15 20:10:00,5.0,7.0,8.0,2.0,7.0,IMG_20250915_200337.jpg
2025-09-15 20:20:00,8.0,6.0,7.0,3.0,10.0,IMG_20250915_201348.jpg
2025-09-15 20:30:00,6.0,8.0,9.0,2.0,7.0,IMG_20250915_202400.jpg
2025-09-15 20:40:00,7.0,7.0,8.0,2.0,9.0,IMG_20250915_203413.jpg
2025-09-15 20:50:00,3.0,7.0,8.0,2.0,8.0,IMG_20250915_204423.jpg
2025-09-15 21:00:00,4.0,7.0,8.0,2.0,8.0,IMG_20250915_205435.jpg
2025-09-15 21:10:00,6.0,7.0,8.0,3.0,9.0,IMG_20250915_210446.jpg
2025-09-15 21:20:00,2.0,7.0,8.0,3.0,8.0,IMG_20250915_211457.jpg
2025-09-15 21:30:00,3.0,7.0,8.0,2.0,7.0,IMG_20250915_212508.jpg
2025-09-15 21:40:00,1.0,7.0,8.0,1.0,5.0,IMG_20250915_213518.jpg
2025-09-15 21:50:00,1.0,7.0,8.0,0.0,8.0,IMG_20250915_214530.jpg
2025-09-15 22:00:00,0.0,7.0,8.0,0.0,8.0,IMG_20250915_215540.jpg
2025-09-15 22:10:00,2.0,7.0,8.0,1.0,7.0,IMG_20250915_220551.jpg
2025-09-15 22:20:00,6.0,8.0,8.0,3.0,6.0,IMG_20250915_221600.jpg
2025-09-15 22:30:00,5.0,9.0,9.0,0.0,10.0,IMG_20250915_222611.jpg
2025-09-15 22:40:00,5.0,9.0,9.0,2.0,6.0,IMG_20250915_223620.jpg
2025-09-15 22:50:00,4.0,9.0,9.0,1.0,7.0,IMG_20250915_224630.jpg
2025-09-15 23:00:00,6.0,8.0,9.0,2.0,8.0,IMG_20250915_225640.jpg
2025-09-15 23:10:00,6.0,8.0,9.0,2.0,8.0,IMG_20250915_225640.jpg
2025-09-15 23:20:00,6.0,8.0,9.0,2.0,8.0,IMG_20250915_225640.jpg
2025-09-15 23:30:00,6.0,8.0,9.0,2.0,8.0,IMG_20250915_225640.jpg
2025-09-15 23:40:00,6.0,8.0,9.0,2.0,8.0,IMG_20250915_225640.jpg
2025-09-15 23:50:00,6.0,8.0,9.0,2.0,8.0,IMG_20250915_225640.jpg
2025-09-16 00:00:00,6.0,8.0,9.0,2.0,8.0,IMG_20250915_225640.jpg
2025-09-16 00:10:00,6.0,8.0,9.0,2.0,8.0,IMG_20250915_225640.jpg
2025-09-16 00:20:00,6.0,8.0,9.0,2.0,8.0,IMG_20250915_225640.jpg
2025-09-16 00:30:00,6.0,8.0,9.0,2.0,8.0,IMG_20250915_225640.jpg
2025-09-16 00:40:00,6.0,8.0,9.0,2.0,8.0,IMG_20250915_225640.jpg
2025-09-16 00:50:00,6.0,8.0,9.0,2.0,8.0,IMG_20250915_225640.jpg
2025-09-16 01:00:00,6.0,8.0,9.0,2.0,8.0,IMG_20250915_225640.jpg
2025-09-16 01:10:00,6.0,8.0,9.0,2.0,8.0,IMG_20250915_225640.jpg
2025-09-16 01:20:00,6.0,8.0,9.0,2.0,8.0,IMG_20250915_225640.jpg
2025-09-16 01:30:00,6.0,8.0,9.0,2.0,8.0,IMG_20250915_225640.jpg
2025-09-16 01:40:00,6.0,8.0,9.0,2.0,8.0,IMG_20250915_225640.jpg
2025-09-16 01:50:00,6.0,8.0,9.0,2.0,8.0,IMG_20250915_225640.jpg
2025-09-16 02:00:00,6.0,8.0,9.0,2.0,8.0,IMG_20250915_225640.jpg
2025-09-16 02:10:00,6.0,8.0,9.0,2.0,8.0,IMG_20250915_225640.jpg
2025-09-16 02:20:00,6.0,8.0,9.0,2.0,8.0,IMG_20250915_225640.jpg
2025-09-16 02:30:00,6.0,8.0,9.0,2.0,8.0,IMG_20250915_225640.jpg
2025-09-16 02:40:00,6.0,8.0,9.0,2.0,8.0,IMG_20250915_225640.jpg
2025-09-16 02:50:00,6.0,8.0,9.0,2.0,8.0,IMG_20250915_225640.jpg
2025-09-16 03:00:00,6.0,8.0,9.0,2.0,8.0,IMG_20250915_225640.jpg
2025-09-16 03:10:00,6.0,8.0,9.0,2.0,8.0,IMG_20250915_225640.jpg
2025-09-16 03:20:00,6.0,8.0,9.0,2.0,8.0,IMG_20250915_225640.jpg
2025-09-16 03:30:00,6.0,8.0,9.0,2.0,8.0,IMG_20250915_225640.jpg
2025-09-16 03:40:00,6.0,8.0,9.0,2.0,8.0,IMG_20250915_225640.jpg
2025-09-16 03:50:00,6.0,8.0,9.0,2.0,8.0,IMG_20250915_225640.jpg
2025-09-16 04:00:00,6.0,8.0,9.0,2.0,8.0,IMG_20250915_225640.jpg
2025-09-16 04:10:00,6.0,8.0,9.0,2.0,8.0,IMG_20250915_225640.jpg
2025-09-16 04:20:00,6.0,8.0,9.0,2.0,8.0,IMG_20250915_225640.jpg
2025-09-16 04:30:00,6.0,8.0,9.0,2.0,8.0,IMG_20250915_225640.jpg
2025-09-16 04:40:00,6.0,8.0,9.0,2.0,8.0,IMG_20250915_225640.jpg
2025-09-16 04:50:00,6.0,8.0,9.0,2.0,8.0,IMG_20250915_225640.jpg
2025-09-16 05:00:00,6.0,8.0,9.0,2.0,8.0,IMG_20250915_225640.jpg
2025-09-16 05:10:00,6.0,8.0,9.0,2.0,8.0,IMG_20250915_225640.jpg
2025-09-16 05:20:00,6.0,8.0,9.0,2.0,8.0,IMG_20250915_225640.jpg
2025-09-16 05:30:00,6.0,8.0,9.0,2.0,8.0,IMG_20250915_225640.jpg
2025-09-16 05:40:00,6.0,8.0,9.0,2.0,8.0,IMG_20250915_225640.jpg
2025-09-16 05:50:00,6.0,8.0,9.0,2.0,8.0,IMG_20250915_225640.jpg
2025-09-16 06:00:00,6.0,8.0,9.0,2.0,8.0,IMG_20250915_225640.jpg
2025-09-16 06:10:00,6.0,8.0,9.0,2.0,8.0,IMG_20250915_225640.jpg
2025-09-16 06:20:00,6.0,8.0,9.0,2.0,8.0,IMG_20250915_225640.jpg
2025-09-16 06:30:00,6.0,8.0,9.0,2.0,8.0,IMG_20250915_225640.jpg
2025-09-16 06:40:00,6.0,8.0,9.0,2.0,8.0,IMG_20250915_225640.jpg
2025-09-16 06:50:00,6.0,8.0,9.0,2.0,8.0,IMG_20250915_225640.jpg
2025-09-16 07:00:00,6.0,8.0,9.0,2.0,8.0,IMG_20250915_225640.jpg
2025-09-16 07:10:00,6.0,8.0,9.0,2.0,8.0,IMG_20250915_225640.jpg
2025-09-16 07:20:00,6.0,8.0,9.0,2.0,8.0,IMG_20250915_225640.jpg
2025-09-16 07:30:00,6.0,8.0,9.0,2.0,8.0,IMG_20250915_225640.jpg
2025-09-16 07:40:00,6.0,8.0,9.0,2.0,8.0,IMG_20250915_225640.jpg
2025-09-16 07:50:00,6.0,8.0,9.0,2.0,8.0,IMG_20250915_225640.jpg
2025-09-16 08:00:00,6.0,8.0,9.0,2.0,8.0,IMG_20250915_225640.jpg
2025-09-16 08:10:00,6.0,8.0,9.0,2.0,8.0,IMG_20250915_225640.jpg
2025-09-16 08:20:00,6.0,8.0,9.0,2.0,8.0,IMG_20250915_225640.jpg
2025-09-16 08:30:00,6.0,8.0,9.0,2.0,8.0,IMG_20250915_225640.jpg
2025-09-16 08:40:00,6.0,8.0,9.0,2.0,8.0,IMG_20250915_225640.jpg
2025-09-16 08:50:00,6.0,8.0,9.0,2.0,8.0,IMG_20250915_225640.jpg
2025-09-16 09:00:00,6.0,8.0,9.0,2.0,8.0,IMG_20250915_225640.jpg
2025-09-16 09:10:00,6.0,8.0,9.0,2.0,8.0,IMG_20250915_225640.jpg
2025-09-16 09:20:00,6.0,8.0,9.0,2.0,8.0,IMG_20250915_225640.jpg
2025-09-16 09:30:00,6.0,8.0,9.0,2.0,8.0,IMG_20250915_225640.jpg
2025-09-16 09:40:00,6.0,8.0,9.0,2.0,8.0,IMG_20250915_225640.jpg
2025-09-16 09:50:00,6.0,8.0,9.0,2.0,8.0,IMG_20250915_225640.jpg
2025-09-16 10:00:00,6.0,8.0,9.0,2.0,8.0,IMG_20250915_225640.jpg
2025-09-16 10:10:00,6.0,8.0,9.0,2.0,8.0,IMG_20250915_225640.jpg
2025-09-16 10:20:00,6.0,8.0,9.0,2.0,8.0,IMG_20250915_225640.jpg
2025-09-16 10:30:00,6.0,8.0,9.0,2.0,8.0,IMG_20250915_225640.jpg
2025-09-16 10:40:00,6.0,8.0,9.0,2.0,8.0,IMG_20250915_225640.jpg
2025-09-16 10:50:00,6.0,8.0,9.0,2.0,8.0,IMG_20250915_225640.jpg
2025-09-16 11:00:00,6.0,8.0,9.0,2.0,8.0,IMG_20250915_225640.jpg
2025-09-16 11:10:00,6.0,8.0,9.0,2.0,8.0,IMG_20250915_225640.jpg
2025-09-16 11:20:00,6.0,8.0,9.0,2.0,8.0,IMG_20250915_225640.jpg
2025-09-16 11:30:00,6.0,8.0,9.0,2.0,8.0,IMG_20250915_225640.jpg
2025-09-16 11:40:00,6.0,8.0,9.0,2.0,8.0,IMG_20250915_225640.jpg
2025-09-16 11:50:00,6.0,8.0,9.0,2.0,8.0,IMG_20250915_225640.jpg
2025-09-16 12:00:00,6.0,8.0,9.0,2.0,8.0,IMG_20250915_225640.jpg
2025-09-16 12:10:00,6.0,8.0,9.0,2.0,8.0,IMG_20250915_225640.jpg
2025-09-16 12:20:00,6.0,8.0,9.0,2.0,8.0,IMG_20250915_225640.jpg
2025-09-16 12:30:00,1.0,1.0,1.0,0.0,2.0,IMG_20250916_122205.jpg
2025-09-16 12:40:00,14.0,8.0,8.0,1.0,4.0,IMG_20250916_123219.jpg
2025-09-16 12:50:00,14.0,9.0,10.0,2.0,7.0,IMG_20250916_124229.jpg
2025-09-16 13:00:00,11.0,10.0,11.0,1.0,6.0,IMG_20250916_125239.jpg
2025-09-16 13:10:00,12.0,6.0,8.0,3.0,6.0,IMG_20250916_130250.jpg
2025-09-16 13:20:00,12.0,8.0,10.0,2.0,5.0,IMG_20250916_131300.jpg
2025-09-16 13:30:00,13.0,7.0,9.0,2.0,6.0,IMG_20250916_132311.jpg
2025-09-16 13:40:00,12.0,7.0,9.0,1.0,7.0,IMG_20250916_133324.jpg
2025-09-16 13:50:00,12.0,8.0,9.0,0.0,8.0,IMG_20250916_134334.jpg
2025-09-16 14:00:00,12.0,7.0,8.0,2.0,9.0,IMG_20250916_135345.jpg
2025-09-16 14:10:00,9.0,8.0,9.0,1.0,8.0,IMG_20250916_140355.jpg
2025-09-16 14:20:00,12.0,8.0,10.0,0.0,8.0,IMG_20250916_141406.jpg
2025-09-16 14:30:00,9.0,10.0,13.0,1.0,7.0,IMG_20250916_142416.jpg
2025-09-16 14:40:00,8.0,8.0,9.0,1.0,10.0,IMG_20250916_143439.jpg
2025-09-16 14:50:00,9.0,8.0,11.0,2.0,9.0,IMG_20250916_144450.jpg
2025-09-16 15:00:00,9.0,9.0,9.0,3.0,10.0,IMG_20250916_145500.jpg
2025-09-16 15:10:00,9.0,10.0,10.0,6.0,14.0,IMG_20250916_150511.jpg
2025-09-16 15:20:00,8.0,8.0,8.0,5.0,10.0,IMG_20250916_151522.jpg
2025-09-16 15:30:00,10.0,8.0,9.0,3.0,7.0,IMG_20250916_152533.jpg
2025-09-16 15:40:00,10.0,11.0,12.0,2.0,7.0,IMG_20250916_153546.jpg
2025-09-16 15:50:00,10.0,10.0,10.0,4.0,10.0,IMG_20250916_154558.jpg
2025-09-16 16:00:00,4.0,4.0,8.0,2.0,11.0,IMG_20250916_155612.jpg
2025-09-16 16:10:00,4.0,4.0,8.0,2.0,9.0,IMG_20250916_160622.jpg
2025-09-16 16:20:00,2.0,4.0,8.0,1.0,8.0,IMG_20250916_161633.jpg
2025-09-16 16:30:00,4.0,4.0,8.0,2.0,8.0,IMG_20250916_162642.jpg
2025-09-16 16:40:00,4.0,6.0,10.0,3.0,9.0,IMG_20250916_163653.jpg
2025-09-16 16:50:00,3.0,6.0,9.0,2.0,9.0,IMG_20250916_164703.jpg
2025-09-16 17:00:00,4.0,5.0,7.0,1.0,8.0,IMG_20250916_165713.jpg
2025-09-16 17:10:00,1.0,5.0,8.0,1.0,7.0,IMG_20250916_170723.jpg
2025-09-16 17:20:00,1.0,5.0,8.0,1.0,8.0,IMG_20250916_171733.jpg
2025-09-16 17:30:00,4.0,9.0,10.0,2.0,9.0,IMG_20250916_172743.jpg
2025-09-16 17:40:00,9.0,8.0,9.0,2.0,6.0,IMG_20250916_173755.jpg
2025-09-16 17:50:00,9.0,7.0,8.0,1.0,8.0,IMG_20250916_174807.jpg
2025-09-16 18:00:00,2.0,5.0,8.0,0.0,8.0,IMG_20250916_175817.jpg
2025-09-16 18:10:00,1.0,8.0,11.0,0.0,9.0,IMG_20250916_180828.jpg
2025-09-16 18:20:00,1.0,7.0,10.0,0.0,10.0,IMG_20250916_181838.jpg
2025-09-16 18:30:00,1.0,6.0,10.0,0.0,10.0,IMG_20250916_182849.jpg
2025-09-16 18:40:00,1.0,7.0,11.0,0.0,10.0,IMG_20250916_183901.jpg
2025-09-16 18:50:00,1.0,7.0,11.0,0.0,10.0,IMG_20250916_184912.jpg
2025-09-16 19:00:00,1.0,4.0,8.0,0.0,10.0,IMG_20250916_185923.jpg
2025-09-16 19:10:00,1.0,6.0,10.0,0.0,10.0,IMG_20250916_190933.jpg
2025-09-16 19:20:00,1.0,5.0,9.0,0.0,11.0,IMG_20250916_191943.jpg
2025-09-16 19:30:00,5.0,5.0,7.0,0.0,9.0,IMG_20250916_192953.jpg
2025-09-16 19:40:00,5.0,5.0,7.0,0.0,9.0,IMG_20250916_192953.jpg
2025-09-16 19:50:00,2.0,7.0,9.0,0.0,9.0,IMG_20250916_194005.jpg
2025-09-16 20:00:00,5.0,5.0,6.0,0.0,9.0,IMG_20250916_195015.jpg
2025-09-16 20:10:00,6.0,9.0,10.0,0.0,7.0,IMG_20250916_200024.jpg
2025-09-16 20:20:00,5.0,7.0,8.0,1.0,7.0,IMG_20250916_201035.jpg
2025-09-16 20:30:00,4.0,7.0,8.0,0.0,6.0,IMG_20250916_202044.jpg
2025-09-16 20:40:00,5.0,7.0,8.0,1.0,7.0,IMG_20250916_203054.jpg
2025-09-16 20:50:00,5.0,8.0,9.0,0.0,12.0,IMG_20250916_204105.jpg
2025-09-16 21:00:00,5.0,9.0,9.0,2.0,8.0,IMG_20250916_205115.jpg
2025-09-16 21:10:00,5.0,13.0,13.0,0.0,8.0,IMG_20250916_210126.jpg
2025-09-16 21:20:00,7.0,10.0,11.0,2.0,9.0,IMG_20250916_211136.jpg
2025-09-16 21:30:00,7.0,12.0,13.0,3.0,9.0,IMG_20250916_212146.jpg
2025-09-16 21:40:00,6.0,8.0,8.0,0.0,6.0,IMG_20250916_213156.jpg
2025-09-16 21:50:00,6.0,8.0,8.0,0.0,7.0,IMG_20250916_214207.jpg
2025-09-16 22:00:00,3.0,9.0,9.0,1.0,7.0,IMG_20250916_215219.jpg
2025-09-16 22:10:00,5.0,8.0,9.0,0.0,7.0,IMG_20250916_220228.jpg
2025-09-16 22:20:00,6.0,9.0,10.0,0.0,8.0,IMG_20250916_221238.jpg
2025-09-16 22:30:00,6.0,10.0,11.0,2.0,9.0,IMG_20250916_222248.jpg
2025-09-16 22:40:00,5.0,11.0,12.0,0.0,8.0,IMG_20250916_223258.jpg
2025-09-16 22:50:00,6.0,10.0,11.0,2.0,8.0,IMG_20250916_224309.jpg
2025-09-16 23:00:00,5.0,10.0,11.0,1.0,9.0,IMG_20250916_225318.jpg
2025-09-16 23:10:00,5.0,10.0,11.0,1.0,9.0,IMG_20250916_225318.jpg
2025-09-16 23:20:00,5.0,10.0,11.0,1.0,9.0,IMG_20250916_225318.jpg
2025-09-16 23:30:00,5.0,10.0,11.0,1.0,9.0,IMG_20250916_225318.jpg
2025-09-16 23:40:00,5.0,10.0,11.0,1.0,9.0,IMG_20250916_225318.jpg
2025-09-16 23:50:00,5.0,10.0,11.0,1.0,9.0,IMG_20250916_225318.jpg
2025-09-17 00:00:00,5.0,10.0,11.0,1.0,9.0,IMG_20250916_225318.jpg
2025-09-17 00:10:00,5.0,10.0,11.0,1.0,9.0,IMG_20250916_225318.jpg
2025-09-17 00:20:00,5.0,10.0,11.0,1.0,9.0,IMG_20250916_225318.jpg
2025-09-17 00:30:00,5.0,10.0,11.0,1.0,9.0,IMG_20250916_225318.jpg
2025-09-17 00:40:00,5.0,10.0,11.0,1.0,9.0,IMG_20250916_225318.jpg
2025-09-17 00:50:00,5.0,10.0,11.0,1.0,9.0,IMG_20250916_225318.jpg
2025-09-17 01:00:00,5.0,10.0,11.0,1.0,9.0,IMG_20250916_225318.jpg
2025-09-17 01:10:00,5.0,10.0,11.0,1.0,9.0,IMG_20250916_225318.jpg
2025-09-17 01:20:00,5.0,10.0,11.0,1.0,9.0,IMG_20250916_225318.jpg
2025-09-17 01:30:00,5.0,10.0,11.0,1.0,9.0,IMG_20250916_225318.jpg
2025-09-17 01:40:00,5.0,10.0,11.0,1.0,9.0,IMG_20250916_225318.jpg
2025-09-17 01:50:00,5.0,10.0,11.0,1.0,9.0,IMG_20250916_225318.jpg
2025-09-17 02:00:00,5.0,10.0,11.0,1.0,9.0,IMG_20250916_225318.jpg
2025-09-17 02:10:00,5.0,10.0,11.0,1.0,9.0,IMG_20250916_225318.jpg
2025-09-17 02:20:00,5.0,10.0,11.0,1.0,9.0,IMG_20250916_225318.jpg
2025-09-17 02:30:00,5.0,10.0,11.0,1.0,9.0,IMG_20250916_225318.jpg
2025-09-17 02:40:00,5.0,10.0,11.0,1.0,9.0,IMG_20250916_225318.jpg
2025-09-17 02:50:00,5.0,10.0,11.0,1.0,9.0,IMG_20250916_225318.jpg
2025-09-17 03:00:00,5.0,10.0,11.0,1.0,9.0,IMG_20250916_225318.jpg
2025-09-17 03:10:00,5.0,10.0,11.0,1.0,9.0,IMG_20250916_225318.jpg
2025-09-17 03:20:00,5.0,10.0,11.0,1.0,9.0,IMG_20250916_225318.jpg
2025-09-17 03:30:00,5.0,10.0,11.0,1.0,9.0,IMG_20250916_225318.jpg
2025-09-17 03:40:00,5.0,10.0,11.0,1.0,9.0,IMG_20250916_225318.jpg
2025-09-17 03:50:00,5.0,10.0,11.0,1.0,9.0,IMG_20250916_225318.jpg
2025-09-17 04:00:00,5.0,10.0,11.0,1.0,9.0,IMG_20250916_225318.jpg
2025-09-17 04:10:00,5.0,10.0,11.0,1.0,9.0,IMG_20250916_225318.jpg
2025-09-17 04:20:00,5.0,10.0,11.0,1.0,9.0,IMG_20250916_225318.jpg
2025-09-17 04:30:00,5.0,10.0,11.0,1.0,9.0,IMG_20250916_225318.jpg
2025-09-17 04:40:00,5.0,10.0,11.0,1.0,9.0,IMG_20250916_225318.jpg
2025-09-17 04:50:00,5.0,10.0,11.0,1.0,9.0,IMG_20250916_225318.jpg
2025-09-17 05:00:00,5.0,10.0,11.0,1.0,9.0,IMG_20250916_225318.jpg
2025-09-17 05:10:00,5.0,10.0,11.0,1.0,9.0,IMG_20250916_225318.jpg
2025-09-17 05:20:00,5.0,10.0,11.0,1.0,9.0,IMG_20250916_225318.jpg
2025-09-17 05:30:00,5.0,10.0,11.0,1.0,9.0,IMG_20250916_225318.jpg
2025-09-17 05:40:00,5.0,10.0,11.0,1.0,9.0,IMG_20250916_225318.jpg
2025-09-17 05:50:00,5.0,10.0,11.0,1.0,9.0,IMG_20250916_225318.jpg
2025-09-17 06:00:00,5.0,10.0,11.0,1.0,9.0,IMG_20250916_225318.jpg
2025-09-17 06:10:00,5.0,10.0,11.0,1.0,9.0,IMG_20250916_225318.jpg
2025-09-17 06:20:00,5.0,10.0,11.0,1.0,9.0,IMG_20250916_225318.jpg
2025-09-17 06:30:00,5.0,10.0,11.0,1.0,9.0,IMG_20250916_225318.jpg
2025-09-17 06:40:00,5.0,10.0,11.0,1.0,9.0,IMG_20250916_225318.jpg
2025-09-17 06:50:00,5.0,10.0,11.0,1.0,9.0,IMG_20250916_225318.jpg
2025-09-17 07:00:00,5.0,10.0,11.0,1.0,9.0,IMG_20250916_225318.jpg
2025-09-17 07:10:00,5.0,10.0,11.0,1.0,9.0,IMG_20250916_225318.jpg
2025-09-17 07:20:00,3.0,5.0,8.0,0.0,0.0,IMG_20251001_071003.jpg
2025-09-17 07:30:00,1.0,4.0,7.0,0.0,1.0,IMG_20251001_072016.jpg
2025-09-17 07:40:00,2.0,4.0,7.0,0.0,1.0,IMG_20251001_073027.jpg
2025-09-17 07:50:00,3.0,5.0,8.0,0.0,1.0,IMG_20251001_074037.jpg
2025-09-17 08:00:00,4.0,4.0,7.0,0.0,1.0,IMG_20251001_075049.jpg
2025-09-17 08:10:00,4.0,5.0,8.0,0.0,1.0,IMG_20251001_080059.jpg
2025-09-17 08:20:00,3.0,4.0,7.0,0.0,1.0,IMG_20251001_081109.jpg
2025-09-17 08:30:00,0.0,3.0,7.0,0.0,4.0,IMG_20251001_082121.jpg
2025-09-17 08:40:00,0.0,3.0,7.0,0.0,3.0,IMG_20251001_083133.jpg
2025-09-17 08:50:00,0.0,3.0,7.0,0.0,3.0,IMG_20251001_084147.jpg
2025-09-17 09:00:00,0.0,3.0,7.0,0.0,1.0,IMG_20251001_085159.jpg
2025-09-17 09:10:00,0.0,3.0,7.0,0.0,2.0,IMG_20251001_090211.jpg
2025-09-17 09:20:00,0.0,3.0,7.0,0.0,2.0,IMG_20251001_091223.jpg
2025-09-17 09:30:00,0.0,3.0,7.0,0.0,2.0,IMG_20251001_092235.jpg
2025-09-17 09:40:00,0.0,3.0,7.0,0.0,3.0,IMG_20251001_093246.jpg
2025-09-17 09:50:00,0.0,4.0,8.0,0.0,2.0,IMG_20251001_094256.jpg
2025-09-17 10:00:00,1.0,2.0,7.0,0.0,4.0,IMG_20251001_095309.jpg
2025-09-17 10:10:00,1.0,2.0,7.0,0.0,3.0,IMG_20251001_100322.jpg
2025-09-17 10:20:00,1.0,2.0,7.0,0.0,3.0,IMG_20251001_101333.jpg
2025-09-17 10:30:00,1.0,2.0,7.0,0.0,3.0,IMG_20251001_102345.jpg
2025-09-17 10:40:00,1.0,2.0,7.0,0.0,3.0,IMG_20251001_103357.jpg
2025-09-17 10:50:00,1.0,2.0,7.0,0.0,3.0,IMG_20251001_104408.jpg
2025-09-17 11:00:00,1.0,2.0,7.0,0.0,1.0,IMG_20251001_105421.jpg
2025-09-17 11:10:00,6.0,5.0,7.0,1.0,3.0,IMG_20251001_110438.jpg
2025-09-17 11:20:00,5.0,4.0,7.0,2.0,3.0,IMG_20251001_111448.jpg
2025-09-17 11:30:00,6.0,6.0,9.0,1.0,4.0,IMG_20251001_112500.jpg
2025-09-17 11:40:00,3.0,5.0,8.0,0.0,3.0,IMG_20251001_113512.jpg
2025-09-17 11:50:00,4.0,6.0,9.0,0.0,3.0,IMG_20251001_114523.jpg
2025-09-17 12:00:00,3.0,5.0,8.0,1.0,6.0,IMG_20251001_115534.jpg
2025-09-17 12:10:00,0.0,5.0,8.0,0.0,4.0,IMG_20251001_120544.jpg
2025-09-17 12:20:00,0.0,5.0,8.0,0.0,4.0,IMG_20251001_121555.jpg
2025-09-17 12:30:00,5.0,5.0,8.0,1.0,4.0,IMG_20251001_122606.jpg
2025-09-17 12:40:00,5.0,5.0,8.0,3.0,4.0,IMG_20251001_123617.jpg
2025-09-17 12:50:00,10.0,8.0,8.0,2.0,6.0,IMG_20251001_124628.jpg
2025-09-17 13:00:00,9.0,8.0,8.0,1.0,7.0,IMG_20251001_125640.jpg
2025-09-17 13:10:00,11.0,6.0,8.0,3.0,8.0,IMG_20251001_130651.jpg
2025-09-17 13:20:00,7.0,6.0,8.0,1.0,9.0,IMG_20251001_131704.jpg
2025-09-17 13:30:00,8.0,5.0,7.0,2.0,8.0,IMG_20251001_132714.jpg
2025-09-17 13:40:00,8.0,6.0,7.0,1.0,5.0,IMG_20251001_133727.jpg
2025-09-17 13:50:00,7.0,8.0,8.0,3.0,9.0,IMG_20251001_134737.jpg
2025-09-17 14:00:00,9.0,8.0,8.0,0.0,6.0,IMG_20251001_135750.jpg
2025-09-17 14:10:00,12.0,8.0,8.0,1.0,7.0,IMG_20251001_140801.jpg
2025-09-17 14:20:00,7.0,11.0,10.0,2.0,9.0,IMG_20251001_141812.jpg
2025-09-17 14:30:00,7.0,8.0,7.0,3.0,6.0,IMG_20251001_142822.jpg
2025-09-17 14:40:00,8.0,9.0,8.0,1.0,4.0,IMG_20251001_143834.jpg
2025-09-17 14:50:00,8.0,9.0,8.0,2.0,5.0,IMG_20251001_144845.jpg
2025-09-17 15:00:00,8.0,10.0,9.0,1.0,5.0,IMG_20251001_145858.jpg
2025-09-17 15:10:00,9.0,8.0,7.0,1.0,6.0,IMG_20251001_150909.jpg
2025-09-17 15:20:00,9.0,9.0,8.0,2.0,7.0,IMG_20251001_151920.jpg
2025-09-17 15:30:00,7.0,8.0,8.0,1.0,5.0,IMG_20251001_152932.jpg
2025-09-17 15:40:00,9.0,8.0,8.0,5.0,8.0,IMG_20251001_153944.jpg
2025-09-17 15:50:00,10.0,9.0,8.0,4.0,9.0,IMG_20251001_154955.jpg
2025-09-17 16:00:00,10.0,9.0,8.0,4.0,9.0,IMG_20251001_154955.jpg
2025-09-17 16:10:00,5.0,8.0,8.0,2.0,7.0,IMG_20251001_160007.jpg
2025-09-17 16:20:00,5.0,6.0,7.0,3.0,4.0,IMG_20251001_161018.jpg
2025-09-17 16:30:00,8.0,9.0,8.0,2.0,8.0,IMG_20251001_162029.jpg
2025-09-17 16:40:00,10.0,8.0,7.0,6.0,8.0,IMG_20251001_163039.jpg
2025-09-17 16:50:00,5.0,6.0,7.0,1.0,7.0,IMG_20251001_164051.jpg
2025-09-17 17:00:00,5.0,8.0,8.0,0.0,5.0,IMG_20251001_165101.jpg
2025-09-17 17:10:00,5.0,6.0,7.0,0.0,5.0,IMG_20251001_170112.jpg
2025-09-17 17:20:00,5.0,6.0,7.0,0.0,5.0,IMG_20251001_171124.jpg
2025-09-17 17:30:00,5.0,6.0,7.0,1.0,5.0,IMG_20251001_172136.jpg
2025-09-17 17:40:00,4.0,9.0,9.0,0.0,7.0,IMG_20251001_173147.jpg
2025-09-17 17:50:00,4.0,8.0,8.0,0.0,5.0,IMG_20251001_174158.jpg
2025-09-17 18:00:00,2.0,6.0,7.0,0.0,5.0,IMG_20251001_175210.jpg
2025-09-17 18:10:00,0.0,5.0,7.0,0.0,6.0,IMG_20251001_180223.jpg
2025-09-17 18:20:00,0.0,5.0,7.0,0.0,6.0,IMG_20251001_181234.jpg
2025-09-17 18:30:00,1.0,5.0,7.0,0.0,6.0,IMG_20251001_182245.jpg
2025-09-17 18:40:00,0.0,5.0,7.0,0.0,7.0,IMG_20251001_183256.jpg
2025-09-17 18:50:00,0.0,3.0,7.0,0.0,6.0,IMG_20251001_184306.jpg
2025-09-17 19:00:00,0.0,3.0,7.0,0.0,7.0,IMG_20251001_185317.jpg
2025-09-17 19:10:00,0.0,3.0,7.0,0.0,6.0,IMG_20251001_190328.jpg
2025-09-17 19:20:00,0.0,3.0,7.0,0.0,7.0,IMG_20251001_191339.jpg
2025-09-17 19:30:00,0.0,3.0,7.0,0.0,6.0,IMG_20251001_192351.jpg
2025-09-17 19:40:00,0.0,3.0,7.0,0.0,7.0,IMG_20251001_193402.jpg
2025-09-17 19:50:00,5.0,4.0,7.0,1.0,4.0,IMG_20251001_194413.jpg
2025-09-17 20:00:00,5.0,4.0,7.0,1.0,5.0,IMG_20251001_195424.jpg
2025-09-17 20:10:00,4.0,4.0,7.0,0.0,4.0,IMG_20251001_200436.jpg
2025-09-17 20:20:00,4.0,5.0,8.0,0.0,6.0,IMG_20251001_201447.jpg
2025-09-17 20:30:00,5.0,3.0,7.0,1.0,4.0,IMG_20251001_202458.jpg
2025-09-17 20:40:00,5.0,3.0,7.0,0.0,4.0,IMG_20251001_203509.jpg
2025-09-17 20:50:00,5.0,3.0,7.0,4.0,7.0,IMG_20251001_204521.jpg
2025-09-17 21:00:00,3.0,3.0,7.0,1.0,6.0,IMG_20251001_205531.jpg
2025-09-17 21:10:00,4.0,3.0,7.0,1.0,3.0,IMG_20251001_210546.jpg
2025-09-17 21:20:00,5.0,4.0,7.0,3.0,5.0,IMG_20251001_211557.jpg
2025-09-17 21:30:00,5.0,3.0,7.0,1.0,5.0,IMG_20251001_212609.jpg
2025-09-17 21:40:00,4.0,4.0,8.0,0.0,5.0,IMG_20251001_213620.jpg
2025-09-17 21:50:00,4.0,3.0,8.0,0.0,3.0,IMG_20251001_214631.jpg
2025-09-17 22:00:00,5.0,3.0,7.0,1.0,5.0,IMG_20251001_215641.jpg
2025-09-17 22:10:00,5.0,3.0,7.0,1.0,5.0,IMG_20251001_220653.jpg
2025-09-17 22:20:00,5.0,5.0,9.0,0.0,4.0,IMG_20251001_221704.jpg
2025-09-17 22:30:00,5.0,4.0,8.0,2.0,4.0,IMG_20251001_222715.jpg
2025-09-17 22:40:00,5.0,3.0,7.0,3.0,7.0,IMG_20251001_223725.jpg
2025-09-17 22:50:00,5.0,3.0,8.0,2.0,5.0,IMG_20251001_224735.jpg
2025-09-17 23:00:00,3.0,4.0,8.0,0.0,6.0,IMG_20251001_225747.jpg
2025-09-17 23:10:00,3.0,4.0,8.0,0.0,6.0,IMG_20251001_225747.jpg
2025-09-17 23:20:00,3.0,4.0,8.0,0.0,6.0,IMG_20251001_225747.jpg
2025-09-17 23:30:00,3.0,4.0,8.0,0.0,6.0,IMG_20251001_225747.jpg
2025-09-17 23:40:00,3.0,4.0,8.0,0.0,6.0,IMG_20251001_225747.jpg
2025-09-17 23:50:00,3.0,4.0,8.0,0.0,6.0,IMG_20251001_225747.jpg
2025-09-18 00:00:00,3.0,4.0,8.0,0.0,6.0,IMG_20251001_225747.jpg
2025-09-18 00:10:00,3.0,4.0,8.0,0.0,6.0,IMG_20251001_225747.jpg
2025-09-18 00:20:00,3.0,4.0,8.0,0.0,6.0,IMG_20251001_225747.jpg
2025-09-18 00:30:00,3.0,4.0,8.0,0.0,6.0,IMG_20251001_225747.jpg
2025-09-18 00:40:00,3.0,4.0,8.0,0.0,6.0,IMG_20251001_225747.jpg
2025-09-18 00:50:00,3.0,4.0,8.0,0.0,6.0,IMG_20251001_225747.jpg
2025-09-18 01:00:00,3.0,4.0,8.0,0.0,6.0,IMG_20251001_225747.jpg
2025-09-18 01:10:00,3.0,4.0,8.0,0.0,6.0,IMG_20251001_225747.jpg
2025-09-18 01:20:00,3.0,4.0,8.0,0.0,6.0,IMG_20251001_225747.jpg
2025-09-18 01:30:00,3.0,4.0,8.0,0.0,6.0,IMG_20251001_225747.jpg
2025-09-18 01:40:00,3.0,4.0,8.0,0.0,6.0,IMG_20251001_225747.jpg
2025-09-18 01:50:00,3.0,4.0,8.0,0.0,6.0,IMG_20251001_225747.jpg
2025-09-18 02:00:00,3.0,4.0,8.0,0.0,6.0,IMG_20251001_225747.jpg
2025-09-18 02:10:00,3.0,4.0,8.0,0.0,6.0,IMG_20251001_225747.jpg
2025-09-18 02:20:00,3.0,4.0,8.0,0.0,6.0,IMG_20251001_225747.jpg
2025-09-18 02:30:00,3.0,4.0,8.0,0.0,6.0,IMG_20251001_225747.jpg
2025-09-18 02:40:00,3.0,4.0,8.0,0.0,6.0,IMG_20251001_225747.jpg
2025-09-18 02:50:00,3.0,4.0,8.0,0.0,6.0,IMG_20251001_225747.jpg
2025-09-18 03:00:00,3.0,4.0,8.0,0.0,6.0,IMG_20251001_225747.jpg
2025-09-18 03:10:00,3.0,4.0,8.0,0.0,6.0,IMG_20251001_225747.jpg
2025-09-18 03:20:00,3.0,4.0,8.0,0.0,6.0,IMG_20251001_225747.jpg
2025-09-18 03:30:00,3.0,4.0,8.0,0.0,6.0,IMG_20251001_225747.jpg
2025-09-18 03:40:00,3.0,4.0,8.0,0.0,6.0,IMG_20251001_225747.jpg
2025-09-18 03:50:00,3.0,4.0,8.0,0.0,6.0,IMG_20251001_225747.jpg
2025-09-18 04:00:00,3.0,4.0,8.0,0.0,6.0,IMG_20251001_225747.jpg
2025-09-18 04:10:00,3.0,4.0,8.0,0.0,6.0,IMG_20251001_225747.jpg
2025-09-18 04:20:00,3.0,4.0,8.0,0.0,6.0,IMG_20251001_225747.jpg
2025-09-18 04:30:00,3.0,4.0,8.0,0.0,6.0,IMG_20251001_225747.jpg
2025-09-18 04:40:00,3.0,4.0,8.0,0.0,6.0,IMG_20251001_225747.jpg
2025-09-18 04:50:00,3.0,4.0,8.0,0.0,6.0,IMG_20251001_225747.jpg
2025-09-18 05:00:00,3.0,4.0,8.0,0.0,6.0,IMG_20251001_225747.jpg
2025-09-18 05:10:00,3.0,4.0,8.0,0.0,6.0,IMG_20251001_225747.jpg
2025-09-18 05:20:00,3.0,4.0,8.0,0.0,6.0,IMG_20251001_225747.jpg
2025-09-18 05:30:00,3.0,4.0,8.0,0.0,6.0,IMG_20251001_225747.jpg
2025-09-18 05:40:00,3.0,4.0,8.0,0.0,6.0,IMG_20251001_225747.jpg
2025-09-18 05:50:00,3.0,4.0,8.0,0.0,6.0,IMG_20251001_225747.jpg
2025-09-18 06:00:00,3.0,4.0,8.0,0.0,6.0,IMG_20251001_225747.jpg
2025-09-18 06:10:00,3.0,4.0,8.0,0.0,6.0,IMG_20251001_225747.jpg
2025-09-18 06:20:00,3.0,4.0,8.0,0.0,6.0,IMG_20251001_225747.jpg
2025-09-18 06:30:00,3.0,4.0,8.0,0.0,6.0,IMG_20251001_225747.jpg
2025-09-18 06:40:00,3.0,4.0,8.0,0.0,6.0,IMG_20251001_225747.jpg
2025-09-18 06:50:00,3.0,4.0,8.0,0.0,6.0,IMG_20251001_225747.jpg
2025-09-18 07:00:00,3.0,4.0,8.0,0.0,6.0,IMG_20251001_225747.jpg
2025-09-18 07:10:00,3.0,4.0,8.0,0.0,6.0,IMG_20251001_225747.jpg
2025-09-18 07:20:00,3.0,4.0,8.0,0.0,6.0,IMG_20251001_225747.jpg
2025-09-18 07:30:00,3.0,4.0,8.0,0.0,6.0,IMG_20251001_225747.jpg
2025-09-18 07:40:00,3.0,4.0,8.0,0.0,6.0,IMG_20251001_225747.jpg
2025-09-18 07:50:00,3.0,4.0,8.0,0.0,6.0,IMG_20251001_225747.jpg
2025-09-18 08:00:00,3.0,4.0,8.0,0.0,6.0,IMG_20251001_225747.jpg
2025-09-18 08:10:00,3.0,4.0,8.0,0.0,6.0,IMG_20251001_225747.jpg
2025-09-18 08:20:00,3.0,4.0,8.0,0.0,6.0,IMG_20251001_225747.jpg
2025-09-18 08:30:00,3.0,4.0,8.0,0.0,6.0,IMG_20251001_225747.jpg
2025-09-18 08:40:00,3.0,4.0,8.0,0.0,6.0,IMG_20251001_225747.jpg
2025-09-18 08:50:00,3.0,4.0,8.0,0.0,6.0,IMG_20251001_225747.jpg
2025-09-18 09:00:00,3.0,4.0,8.0,0.0,6.0,IMG_20251001_225747.jpg
2025-09-18 09:10:00,3.0,4.0,8.0,0.0,6.0,IMG_20251001_225747.jpg
2025-09-18 09:20:00,3.0,4.0,8.0,0.0,6.0,IMG_20251001_225747.jpg
2025-09-18 09:30:00,3.0,4.0,8.0,0.0,6.0,IMG_20251001_225747.jpg
2025-09-18 09:40:00,3.0,4.0,8.0,0.0,6.0,IMG_20251001_225747.jpg
2025-09-18 09:50:00,3.0,4.0,8.0,0.0,6.0,IMG_20251001_225747.jpg
2025-09-18 10:00:00,1.0,0.0,0.0,0.0,0.0,IMG_20250918_095513.jpg
2025-09-18 10:10:00,2.0,0.0,0.0,0.0,9.0,IMG_20250918_100524.jpg
2025-09-18 10:20:00,0.0,0.0,0.0,0.0,0.0,IMG_20250918_101535.jpg
2025-09-18 10:30:00,3.0,4.0,8.0,2.0,8.0,IMG_20250918_102545.jpg
2025-09-18 10:40:00,3.0,4.0,8.0,2.0,7.0,IMG_20250918_103557.jpg
2025-09-18 10:50:00,4.0,3.0,6.0,3.0,8.0,IMG_20250918_104608.jpg
2025-09-18 11:00:00,3.0,3.0,5.0,0.0,5.0,IMG_20250918_105619.jpg
2025-09-18 11:10:00,1.0,4.0,6.0,0.0,5.0,IMG_20250918_110631.jpg
2025-09-18 11:20:00,1.0,4.0,6.0,0.0,4.0,IMG_20250918_111641.jpg
2025-09-18 11:30:00,2.0,4.0,7.0,0.0,6.0,IMG_20250918_112651.jpg
2025-09-18 11:40:00,4.0,4.0,8.0,1.0,6.0,IMG_20250918_113703.jpg
2025-09-18 11:50:00,5.0,6.0,9.0,2.0,8.0,IMG_20250918_114715.jpg
2025-09-18 12:00:00,5.0,5.0,7.0,3.0,6.0,IMG_20250918_115727.jpg
2025-09-18 12:10:00,1.0,5.0,7.0,0.0,6.0,IMG_20250918_120738.jpg
2025-09-18 12:20:00,1.0,7.0,9.0,0.0,4.0,IMG_20250918_121750.jpg
2025-09-18 12:30:00,1.0,5.0,7.0,0.0,4.0,IMG_20250918_122801.jpg
2025-09-18 12:40:00,1.0,5.0,7.0,0.0,4.0,IMG_20250918_123811.jpg
2025-09-18 12:50:00,1.0,5.0,6.0,0.0,4.0,IMG_20250918_124822.jpg
2025-09-18 13:00:00,1.0,5.0,6.0,0.0,4.0,IMG_20250918_125834.jpg
2025-09-18 13:10:00,2.0,5.0,5.0,2.0,6.0,IMG_20250918_130845.jpg
2025-09-18 13:20:00,2.0,5.0,5.0,0.0,3.0,IMG_20250918_131855.jpg
2025-09-18 13:30:00,7.0,7.0,7.0,0.0,3.0,IMG_20250918_132907.jpg
2025-09-18 13:40:00,10.0,6.0,6.0,0.0,3.0,IMG_20250918_133918.jpg
2025-09-18 13:50:00,10.0,7.0,7.0,0.0,3.0,IMG_20250918_134928.jpg
2025-09-18 14:00:00,6.0,6.0,6.0,2.0,4.0,IMG_20250918_135939.jpg
2025-09-18 14:10:00,4.0,5.0,5.0,1.0,5.0,IMG_20250918_140949.jpg
2025-09-18 14:20:00,3.0,5.0,5.0,0.0,2.0,IMG_20250918_141959.jpg
2025-09-18 14:30:00,3.0,5.0,5.0,0.0,2.0,IMG_20250918_141959.jpg
2025-09-18 14:40:00,3.0,5.0,5.0,0.0,2.0,IMG_20250918_143011.jpg
2025-09-18 14:50:00,4.0,5.0,5.0,1.0,3.0,IMG_20250918_144021.jpg
2025-09-18 15:00:00,4.0,5.0,5.0,1.0,4.0,IMG_20250918_145034.jpg
2025-09-18 15:10:00,5.0,5.0,5.0,2.0,9.0,IMG_20250918_150044.jpg
2025-09-18 15:20:00,3.0,5.0,5.0,1.0,6.0,IMG_20250918_151055.jpg
2025-09-18 15:30:00,7.0,5.0,5.0,2.0,8.0,IMG_20250918_152105.jpg
2025-09-18 15:40:00,5.0,5.0,5.0,2.0,7.0,IMG_20250918_153115.jpg
2025-09-18 15:50:00,8.0,5.0,5.0,3.0,9.0,IMG_20250918_154125.jpg
2025-09-18 16:00:00,7.0,5.0,5.0,3.0,7.0,IMG_20250918_155135.jpg
2025-09-18 16:10:00,4.0,5.0,5.0,2.0,8.0,IMG_20250918_160145.jpg
2025-09-18 16:20:00,6.0,5.0,5.0,3.0,9.0,IMG_20250918_161157.jpg
2025-09-18 16:30:00,5.0,5.0,5.0,3.0,9.0,IMG_20250918_162208.jpg
2025-09-18 16:40:00,5.0,5.0,5.0,3.0,6.0,IMG_20250918_163221.jpg
2025-09-18 16:50:00,5.0,5.0,5.0,2.0,10.0,IMG_20250918_164239.jpg
2025-09-18 17:00:00,5.0,6.0,6.0,2.0,8.0,IMG_20250918_165255.jpg
2025-09-18 17:10:00,3.0,5.0,5.0,1.0,8.0,IMG_20250918_170306.jpg
2025-09-18 17:20:00,3.0,4.0,6.0,0.0,9.0,IMG_20250918_171317.jpg
2025-09-18 17:30:00,3.0,6.0,8.0,0.0,8.0,IMG_20250918_172328.jpg
2025-09-18 17:40:00,5.0,3.0,5.0,0.0,8.0,IMG_20250918_173337.jpg
2025-09-18 17:50:00,4.0,3.0,5.0,0.0,9.0,IMG_20250918_174347.jpg
2025-09-18 18:00:00,5.0,3.0,5.0,0.0,9.0,IMG_20250918_175358.jpg
2025-09-18 18:10:00,2.0,4.0,6.0,0.0,8.0,IMG_20250918_180407.jpg
2025-09-18 18:20:00,3.0,5.0,7.0,0.0,8.0,IMG_20250918_181419.jpg
2025-09-18 18:30:00,4.0,4.0,6.0,0.0,8.0,IMG_20250918_182430.jpg
2025-09-18 18:40:00,4.0,4.0,6.0,0.0,10.0,IMG_20250918_183440.jpg
2025-09-18 18:50:00,3.0,2.0,4.0,0.0,7.0,IMG_20250918_184450.jpg
2025-09-18 19:00:00,5.0,3.0,5.0,0.0,5.0,IMG_20250918_185459.jpg
2025-09-18 19:10:00,1.0,5.0,6.0,0.0,6.0,IMG_20250918_190509.jpg
2025-09-18 19:20:00,2.0,5.0,6.0,1.0,6.0,IMG_20250918_191520.jpg
2025-09-18 19:30:00,1.0,8.0,9.0,0.0,6.0,IMG_20250918_192530.jpg
2025-09-18 19:40:00,3.0,5.0,6.0,1.0,6.0,IMG_20250918_193540.jpg
2025-09-18 19:50:00,2.0,4.0,6.0,1.0,7.0,IMG_20250918_194550.jpg
2025-09-18 20:00:00,2.0,4.0,6.0,1.0,7.0,IMG_20250918_195603.jpg
2025-09-18 20:10:00,2.0,4.0,6.0,1.0,6.0,IMG_20250918_200615.jpg
2025-09-18 20:20:00,1.0,4.0,6.0,0.0,5.0,IMG_20250918_201625.jpg
2025-09-18 20:30:00,4.0,6.0,7.0,1.0,8.0,IMG_20250918_202635.jpg
2025-09-18 20:40:00,5.0,6.0,7.0,0.0,5.0,IMG_20250918_203644.jpg
2025-09-18 20:50:00,5.0,6.0,7.0,1.0,6.0,IMG_20250918_204654.jpg
2025-09-18 21:00:00,7.0,6.0,7.0,0.0,4.0,IMG_20250918_205704.jpg
2025-09-18 21:10:00,4.0,9.0,10.0,0.0,4.0,IMG_20250918_210717.jpg
2025-09-18 21:20:00,3.0,6.0,7.0,1.0,7.0,IMG_20250918_211727.jpg
2025-09-18 21:30:00,6.0,7.0,8.0,1.0,5.0,IMG_20250918_212737.jpg
2025-09-18 21:40:00,7.0,6.0,7.0,0.0,5.0,IMG_20250918_213747.jpg
2025-09-18 21:50:00,7.0,6.0,7.0,0.0,6.0,IMG_20250918_214758.jpg
2025-09-18 22:00:00,5.0,7.0,7.0,0.0,7.0,IMG_20250918_215813.jpg
2025-09-18 22:10:00,5.0,8.0,8.0,0.0,7.0,IMG_20250918_220822.jpg
2025-09-18 22:20:00,4.0,6.0,7.0,1.0,7.0,IMG_20250918_221833.jpg
2025-09-18 22:30:00,6.0,7.0,7.0,0.0,7.0,IMG_20250918_222843.jpg
2025-09-18 22:40:00,4.0,6.0,8.0,0.0,6.0,IMG_20250918_223854.jpg
2025-09-18 22:50:00,4.0,7.0,9.0,0.0,7.0,IMG_20250918_224906.jpg
2025-09-18 23:00:00,3.0,4.0,7.0,0.0,7.0,IMG_20250918_225918.jpg
2025-09-18 23:10:00,3.0,4.0,7.0,0.0,7.0,IMG_20250918_225918.jpg
2025-09-18 23:20:00,3.0,4.0,7.0,0.0,7.0,IMG_20250918_225918.jpg
2025-09-18 23:30:00,3.0,4.0,7.0,0.0,7.0,IMG_20250918_225918.jpg
2025-09-18 23:40:00,3.0,4.0,7.0,0.0,7.0,IMG_20250918_225918.jpg
2025-09-18 23:50:00,3.0,4.0,7.0,0.0,7.0,IMG_20250918_225918.jpg
2025-09-19 00:00:00,3.0,4.0,7.0,0.0,7.0,IMG_20250918_225918.jpg
2025-09-19 00:10:00,3.0,4.0,7.0,0.0,7.0,IMG_20250918_225918.jpg
2025-09-19 00:20:00,3.0,4.0,7.0,0.0,7.0,IMG_20250918_225918.jpg
2025-09-19 00:30:00,3.0,4.0,7.0,0.0,7.0,IMG_20250918_225918.jpg
2025-09-19 00:40:00,3.0,4.0,7.0,0.0,7.0,IMG_20250918_225918.jpg
2025-09-19 00:50:00,3.0,4.0,7.0,0.0,7.0,IMG_20250918_225918.jpg
2025-09-19 01:00:00,3.0,4.0,7.0,0.0,7.0,IMG_20250918_225918.jpg
2025-09-19 01:10:00,3.0,4.0,7.0,0.0,7.0,IMG_20250918_225918.jpg
2025-09-19 01:20:00,3.0,4.0,7.0,0.0,7.0,IMG_20250918_225918.jpg
2025-09-19 01:30:00,3.0,4.0,7.0,0.0,7.0,IMG_20250918_225918.jpg
2025-09-19 01:40:00,3.0,4.0,7.0,0.0,7.0,IMG_20250918_225918.jpg
2025-09-19 01:50:00,3.0,4.0,7.0,0.0,7.0,IMG_20250918_225918.jpg
2025-09-19 02:00:00,3.0,4.0,7.0,0.0,7.0,IMG_20250918_225918.jpg
2025-09-19 02:10:00,3.0,4.0,7.0,0.0,7.0,IMG_20250918_225918.jpg
2025-09-19 02:20:00,3.0,4.0,7.0,0.0,7.0,IMG_20250918_225918.jpg
2025-09-19 02:30:00,3.0,4.0,7.0,0.0,7.0,IMG_20250918_225918.jpg
2025-09-19 02:40:00,3.0,4.0,7.0,0.0,7.0,IMG_20250918_225918.jpg
2025-09-19 02:50:00,3.0,4.0,7.0,0.0,7.0,IMG_20250918_225918.jpg
2025-09-19 03:00:00,3.0,4.0,7.0,0.0,7.0,IMG_20250918_225918.jpg
2025-09-19 03:10:00,3.0,4.0,7.0,0.0,7.0,IMG_20250918_225918.jpg
2025-09-19 03:20:00,3.0,4.0,7.0,0.0,7.0,IMG_20250918_225918.jpg
2025-09-19 03:30:00,3.0,4.0,7.0,0.0,7.0,IMG_20250918_225918.jpg
2025-09-19 03:40:00,3.0,4.0,7.0,0.0,7.0,IMG_20250918_225918.jpg
2025-09-19 03:50:00,3.0,4.0,7.0,0.0,7.0,IMG_20250918_225918.jpg
2025-09-19 04:00:00,3.0,4.0,7.0,0.0,7.0,IMG_20250918_225918.jpg
2025-09-19 04:10:00,3.0,4.0,7.0,0.0,7.0,IMG_20250918_225918.jpg
2025-09-19 04:20:00,3.0,4.0,7.0,0.0,7.0,IMG_20250918_225918.jpg
2025-09-19 04:30:00,3.0,4.0,7.0,0.0,7.0,IMG_20250918_225918.jpg
2025-09-19 04:40:00,3.0,4.0,7.0,0.0,7.0,IMG_20250918_225918.jpg
2025-09-19 04:50:00,3.0,4.0,7.0,0.0,7.0,IMG_20250918_225918.jpg
2025-09-19 05:00:00,3.0,4.0,7.0,0.0,7.0,IMG_20250918_225918.jpg
2025-09-19 05:10:00,3.0,4.0,7.0,0.0,7.0,IMG_20250918_225918.jpg
2025-09-19 05:20:00,3.0,4.0,7.0,0.0,7.0,IMG_20250918_225918.jpg
2025-09-19 05:30:00,3.0,4.0,7.0,0.0,7.0,IMG_20250918_225918.jpg
2025-09-19 05:40:00,3.0,4.0,7.0,0.0,7.0,IMG_20250918_225918.jpg
2025-09-19 05:50:00,3.0,4.0,7.0,0.0,7.0,IMG_20250918_225918.jpg
2025-09-19 06:00:00,3.0,4.0,7.0,0.0,7.0,IMG_20250918_225918.jpg
2025-09-19 06:10:00,3.0,4.0,7.0,0.0,7.0,IMG_20250918_225918.jpg
2025-09-19 06:20:00,3.0,4.0,7.0,0.0,7.0,IMG_20250918_225918.jpg
2025-09-19 06:30:00,3.0,4.0,7.0,0.0,7.0,IMG_20250918_225918.jpg
2025-09-19 06:40:00,3.0,4.0,7.0,0.0,7.0,IMG_20250918_225918.jpg
2025-09-19 06:50:00,3.0,4.0,7.0,0.0,7.0,IMG_20250918_225918.jpg
2025-09-19 07:00:00,3.0,4.0,7.0,0.0,7.0,IMG_20250918_225918.jpg
2025-09-19 07:10:00,3.0,4.0,7.0,0.0,7.0,IMG_20250918_225918.jpg
2025-09-19 07:20:00,3.0,4.0,7.0,0.0,7.0,IMG_20250918_225918.jpg
2025-09-19 07:30:00,3.0,4.0,7.0,0.0,7.0,IMG_20250918_225918.jpg
2025-09-19 07:40:00,3.0,4.0,7.0,0.0,7.0,IMG_20250918_225918.jpg
2025-09-19 07:50:00,3.0,4.0,7.0,0.0,7.0,IMG_20250918_225918.jpg
2025-09-19 08:00:00,3.0,4.0,7.0,0.0,7.0,IMG_20250918_225918.jpg
2025-09-19 08:10:00,3.0,4.0,7.0,0.0,7.0,IMG_20250918_225918.jpg
2025-09-19 08:20:00,3.0,4.0,7.0,0.0,7.0,IMG_20250918_225918.jpg
2025-09-19 08:30:00,3.0,4.0,7.0,0.0,7.0,IMG_20250918_225918.jpg
2025-09-19 08:40:00,3.0,4.0,7.0,0.0,7.0,IMG_20250918_225918.jpg
2025-09-19 08:50:00,3.0,4.0,7.0,0.0,7.0,IMG_20250918_225918.jpg
2025-09-19 09:00:00,3.0,4.0,7.0,0.0,7.0,IMG_20250918_225918.jpg
2025-09-19 09:10:00,3.0,4.0,7.0,0.0,7.0,IMG_20250918_225918.jpg
2025-09-19 09:20:00,3.0,4.0,7.0,0.0,7.0,IMG_20250918_225918.jpg
2025-09-19 09:30:00,3.0,4.0,7.0,0.0,7.0,IMG_20250918_225918.jpg
2025-09-19 09:40:00,3.0,4.0,7.0,0.0,7.0,IMG_20250918_225918.jpg
2025-09-19 09:50:00,3.0,4.0,7.0,0.0,7.0,IMG_20250918_225918.jpg
2025-09-19 10:00:00,3.0,4.0,7.0,0.0,7.0,IMG_20250918_225918.jpg
2025-09-19 10:10:00,1.0,0.0,0.0,0.0,0.0,IMG_20250926_100349.jpg
2025-09-19 10:20:00,4.0,5.0,8.0,1.0,3.0,IMG_20250926_101400.jpg
2025-09-19 10:30:00,2.0,4.0,8.0,0.0,6.0,IMG_20250926_102411.jpg
2025-09-19 10:40:00,4.0,4.0,8.0,0.0,6.0,IMG_20250926_103422.jpg
2025-09-19 10:50:00,2.0,5.0,8.0,0.0,9.0,IMG_20250926_104433.jpg
2025-09-19 11:00:00,2.0,5.0,8.0,0.0,7.0,IMG_20250926_105444.jpg
2025-09-19 11:10:00,3.0,5.0,8.0,0.0,8.0,IMG_20250926_110455.jpg
2025-09-19 11:20:00,0.0,2.0,8.0,0.0,4.0,IMG_20250926_111506.jpg
2025-09-19 11:30:00,1.0,2.0,7.0,0.0,6.0,IMG_20250926_112516.jpg
2025-09-19 11:40:00,1.0,3.0,8.0,0.0,5.0,IMG_20250926_113532.jpg
2025-09-19 11:50:00,1.0,4.0,8.0,0.0,7.0,IMG_20250926_114543.jpg
2025-09-19 12:00:00,3.0,6.0,10.0,0.0,6.0,IMG_20250926_115554.jpg
2025-09-19 12:10:00,5.0,5.0,8.0,0.0,6.0,IMG_20250926_120605.jpg
2025-09-19 12:20:00,5.0,5.0,8.0,0.0,6.0,IMG_20250926_121618.jpg
2025-09-19 12:30:00,7.0,5.0,8.0,0.0,5.0,IMG_20250926_122628.jpg
2025-09-19 12:40:00,8.0,5.0,7.0,0.0,6.0,IMG_20250926_123638.jpg
2025-09-19 12:50:00,3.0,5.0,8.0,0.0,6.0,IMG_20250926_124649.jpg
2025-09-19 13:00:00,3.0,3.0,8.0,0.0,4.0,IMG_20250926_125701.jpg
2025-09-19 13:10:00,3.0,3.0,8.0,1.0,9.0,IMG_20250926_130712.jpg
2025-09-19 13:20:00,0.0,2.0,8.0,0.0,9.0,IMG_20250926_131724.jpg
2025-09-19 13:30:00,0.0,2.0,8.0,0.0,7.0,IMG_20250926_132738.jpg
2025-09-19 13:40:00,0.0,2.0,8.0,0.0,9.0,IMG_20250926_133750.jpg
2025-09-19 13:50:00,0.0,2.0,8.0,0.0,8.0,IMG_20250926_134801.jpg
2025-09-19 14:00:00,0.0,2.0,8.0,0.0,7.0,IMG_20250926_135813.jpg
2025-09-19 14:10:00,0.0,2.0,8.0,0.0,8.0,IMG_20250926_140826.jpg
2025-09-19 14:20:00,0.0,2.0,8.0,0.0,9.0,IMG_20250926_141839.jpg
2025-09-19 14:30:00,0.0,2.0,8.0,0.0,7.0,IMG_20250926_142852.jpg
2025-09-19 14:40:00,0.0,2.0,9.0,0.0,6.0,IMG_20250926_143903.jpg
2025-09-19 14:50:00,0.0,2.0,8.0,0.0,8.0,IMG_20250926_144913.jpg
2025-09-19 15:00:00,0.0,2.0,8.0,0.0,8.0,IMG_20250926_145924.jpg
2025-09-19 15:10:00,0.0,2.0,9.0,0.0,6.0,IMG_20250926_150934.jpg
2025-09-19 15:20:00,0.0,2.0,9.0,0.0,5.0,IMG_20250926_151945.jpg
2025-09-19 15:30:00,0.0,2.0,9.0,0.0,6.0,IMG_20250926_152957.jpg
2025-09-19 15:40:00,0.0,2.0,9.0,0.0,6.0,IMG_20250926_152957.jpg
2025-09-19 15:50:00,0.0,2.0,9.0,0.0,6.0,IMG_20250926_154008.jpg
2025-09-19 16:00:00,4.0,2.0,8.0,0.0,4.0,IMG_20250926_155021.jpg
2025-09-19 16:10:00,3.0,2.0,8.0,0.0,6.0,IMG_20250926_160031.jpg
2025-09-19 16:20:00,7.0,5.0,9.0,1.0,7.0,IMG_20250926_161042.jpg
2025-09-19 16:30:00,8.0,5.0,8.0,3.0,6.0,IMG_20250926_162055.jpg
2025-09-19 16:40:00,7.0,5.0,8.0,0.0,7.0,IMG_20250926_163106.jpg
2025-09-19 16:50:00,6.0,5.0,8.0,0.0,5.0,IMG_20250926_164116.jpg
2025-09-19 17:00:00,6.0,5.0,8.0,0.0,5.0,IMG_20250926_165126.jpg
2025-09-19 17:10:00,8.0,5.0,8.0,0.0,6.0,IMG_20250926_170137.jpg
2025-09-19 17:20:00,6.0,5.0,8.0,1.0,7.0,IMG_20250926_171147.jpg
2025-09-19 17:30:00,6.0,5.0,8.0,1.0,8.0,IMG_20250926_172157.jpg
2025-09-19 17:40:00,6.0,5.0,8.0,2.0,7.0,IMG_20250926_173208.jpg
2025-09-19 17:50:00,5.0,5.0,8.0,1.0,6.0,IMG_20250926_174218.jpg
2025-09-19 18:00:00,4.0,5.0,8.0,0.0,7.0,IMG_20250926_175228.jpg
2025-09-19 18:10:00,4.0,5.0,8.0,0.0,6.0,IMG_20250926_180240.jpg
2025-09-19 18:20:00,4.0,5.0,8.0,0.0,6.0,IMG_20250926_181250.jpg
2025-09-19 18:30:00,5.0,5.0,7.0,0.0,6.0,IMG_20250926_182301.jpg
2025-09-19 18:40:00,5.0,8.0,9.0,0.0,6.0,IMG_20250926_183312.jpg
2025-09-19 18:50:00,5.0,4.0,7.0,2.0,8.0,IMG_20250926_184323.jpg
2025-09-19 19:00:00,1.0,5.0,7.0,0.0,5.0,IMG_20250926_185334.jpg
2025-09-19 19:10:00,3.0,5.0,7.0,0.0,5.0,IMG_20250926_190345.jpg
2025-09-19 19:20:00,2.0,5.0,7.0,0.0,6.0,IMG_20250926_191357.jpg
2025-09-19 19:30:00,4.0,5.0,6.0,0.0,6.0,IMG_20250926_192409.jpg
2025-09-19 19:40:00,3.0,5.0,7.0,0.0,6.0,IMG_20250926_193420.jpg
2025-09-19 19:50:00,6.0,5.0,7.0,0.0,7.0,IMG_20250926_194436.jpg
2025-09-19 20:00:00,3.0,5.0,9.0,0.0,7.0,IMG_20250926_195447.jpg
2025-09-19 20:10:00,4.0,5.0,7.0,0.0,6.0,IMG_20250926_200457.jpg
2025-09-19 20:20:00,2.0,5.0,7.0,0.0,8.0,IMG_20250926_201509.jpg
2025-09-19 20:30:00,2.0,5.0,7.0,0.0,7.0,IMG_20250926_202520.jpg
2025-09-19 20:40:00,1.0,7.0,10.0,0.0,6.0,IMG_20250926_203541.jpg
2025-09-19 20:50:00,2.0,5.0,7.0,0.0,7.0,IMG_20250926_204556.jpg
2025-09-19 21:00:00,1.0,5.0,7.0,0.0,6.0,IMG_20250926_205609.jpg
2025-09-19 21:10:00,3.0,5.0,7.0,0.0,6.0,IMG_20250926_210620.jpg
2025-09-19 21:20:00,2.0,5.0,7.0,0.0,8.0,IMG_20250926_211632.jpg
2025-09-19 21:30:00,2.0,5.0,7.0,0.0,7.0,IMG_20250926_212643.jpg
2025-09-19 21:40:00,0.0,5.0,7.0,0.0,7.0,IMG_20250926_213653.jpg
2025-09-19 21:50:00,2.0,5.0,7.0,0.0,7.0,IMG_20250926_214703.jpg
2025-09-19 22:00:00,1.0,5.0,7.0,0.0,6.0,IMG_20250926_215714.jpg
2025-09-19 22:10:00,1.0,5.0,7.0,0.0,4.0,IMG_20250926_220725.jpg
2025-09-19 22:20:00,1.0,6.0,8.0,0.0,1.0,IMG_20250926_221737.jpg
2025-09-19 22:30:00,2.0,5.0,7.0,0.0,5.0,IMG_20250926_222748.jpg
2025-09-19 22:40:00,2.0,7.0,10.0,0.0,3.0,IMG_20250926_223800.jpg
2025-09-19 22:50:00,2.0,5.0,7.0,0.0,2.0,IMG_20250926_224810.jpg
2025-09-19 23:00:00,2.0,6.0,9.0,0.0,3.0,IMG_20250926_225824.jpg
2025-09-19 23:10:00,2.0,6.0,9.0,0.0,3.0,IMG_20250926_225824.jpg
2025-09-19 23:20:00,2.0,6.0,9.0,0.0,3.0,IMG_20250926_225824.jpg
2025-09-19 23:30:00,2.0,6.0,9.0,0.0,3.0,IMG_20250926_225824.jpg
2025-09-19 23:40:00,2.0,6.0,9.0,0.0,3.0,IMG_20250926_225824.jpg
2025-09-19 23:50:00,2.0,6.0,9.0,0.0,3.0,IMG_20250926_225824.jpg
2025-09-20 00:00:00,2.0,6.0,9.0,0.0,3.0,IMG_20250926_225824.jpg
2025-09-20 00:10:00,2.0,6.0,9.0,0.0,3.0,IMG_20250926_225824.jpg
2025-09-20 00:20:00,2.0,6.0,9.0,0.0,3.0,IMG_20250926_225824.jpg
2025-09-20 00:30:00,2.0,6.0,9.0,0.0,3.0,IMG_20250926_225824.jpg
2025-09-20 00:40:00,2.0,6.0,9.0,0.0,3.0,IMG_20250926_225824.jpg
2025-09-20 00:50:00,2.0,6.0,9.0,0.0,3.0,IMG_20250926_225824.jpg
2025-09-20 01:00:00,2.0,6.0,9.0,0.0,3.0,IMG_20250926_225824.jpg
2025-09-20 01:10:00,2.0,6.0,9.0,0.0,3.0,IMG_20250926_225824.jpg
2025-09-20 01:20:00,2.0,6.0,9.0,0.0,3.0,IMG_20250926_225824.jpg
2025-09-20 01:30:00,2.0,6.0,9.0,0.0,3.0,IMG_20250926_225824.jpg
2025-09-20 01:40:00,2.0,6.0,9.0,0.0,3.0,IMG_20250926_225824.jpg
2025-09-20 01:50:00,2.0,6.0,9.0,0.0,3.0,IMG_20250926_225824.jpg
2025-09-20 02:00:00,2.0,6.0,9.0,0.0,3.0,IMG_20250926_225824.jpg
2025-09-20 02:10:00,2.0,6.0,9.0,0.0,3.0,IMG_20250926_225824.jpg
2025-09-20 02:20:00,2.0,6.0,9.0,0.0,3.0,IMG_20250926_225824.jpg
2025-09-20 02:30:00,2.0,6.0,9.0,0.0,3.0,IMG_20250926_225824.jpg
2025-09-20 02:40:00,2.0,6.0,9.0,0.0,3.0,IMG_20250926_225824.jpg
2025-09-20 02:50:00,2.0,6.0,9.0,0.0,3.0,IMG_20250926_225824.jpg
2025-09-20 03:00:00,2.0,6.0,9.0,0.0,3.0,IMG_20250926_225824.jpg
2025-09-20 03:10:00,2.0,6.0,9.0,0.0,3.0,IMG_20250926_225824.jpg
2025-09-20 03:20:00,2.0,6.0,9.0,0.0,3.0,IMG_20250926_225824.jpg
2025-09-20 03:30:00,2.0,6.0,9.0,0.0,3.0,IMG_20250926_225824.jpg
2025-09-20 03:40:00,2.0,6.0,9.0,0.0,3.0,IMG_20250926_225824.jpg
2025-09-20 03:50:00,2.0,6.0,9.0,0.0,3.0,IMG_20250926_225824.jpg
2025-09-20 04:00:00,2.0,6.0,9.0,0.0,3.0,IMG_20250926_225824.jpg
2025-09-20 04:10:00,2.0,6.0,9.0,0.0,3.0,IMG_20250926_225824.jpg
2025-09-20 04:20:00,2.0,6.0,9.0,0.0,3.0,IMG_20250926_225824.jpg
2025-09-20 04:30:00,2.0,6.0,9.0,0.0,3.0,IMG_20250926_225824.jpg
2025-09-20 04:40:00,2.0,6.0,9.0,0.0,3.0,IMG_20250926_225824.jpg
2025-09-20 04:50:00,2.0,6.0,9.0,0.0,3.0,IMG_20250926_225824.jpg
2025-09-20 05:00:00,2.0,6.0,9.0,0.0,3.0,IMG_20250926_225824.jpg
2025-09-20 05:10:00,2.0,6.0,9.0,0.0,3.0,IMG_20250926_225824.jpg
2025-09-20 05:20:00,2.0,6.0,9.0,0.0,3.0,IMG_20250926_225824.jpg
2025-09-20 05:30:00,2.0,6.0,9.0,0.0,3.0,IMG_20250926_225824.jpg
2025-09-20 05:40:00,2.0,6.0,9.0,0.0,3.0,IMG_20250926_225824.jpg
2025-09-20 05:50:00,2.0,6.0,9.0,0.0,3.0,IMG_20250926_225824.jpg
2025-09-20 06:00:00,2.0,6.0,9.0,0.0,3.0,IMG_20250926_225824.jpg
2025-09-20 06:10:00,2.0,6.0,9.0,0.0,3.0,IMG_20250926_225824.jpg
2025-09-20 06:20:00,2.0,6.0,9.0,0.0,3.0,IMG_20250926_225824.jpg
2025-09-20 06:30:00,2.0,6.0,9.0,0.0,3.0,IMG_20250926_225824.jpg
2025-09-20 06:40:00,2.0,6.0,9.0,0.0,3.0,IMG_20250926_225824.jpg
2025-09-20 06:50:00,2.0,6.0,9.0,0.0,3.0,IMG_20250926_225824.jpg
2025-09-20 07:00:00,2.0,6.0,9.0,0.0,3.0,IMG_20250926_225824.jpg
2025-09-20 07:10:00,0.0,2.0,7.0,0.0,8.0,IMG_20250927_070815.jpg
2025-09-20 07:20:00,0.0,2.0,7.0,0.0,7.0,IMG_20250927_071829.jpg
2025-09-20 07:30:00,0.0,2.0,7.0,0.0,6.0,IMG_20250927_072840.jpg
2025-09-20 07:40:00,0.0,2.0,7.0,0.0,7.0,IMG_20250927_073852.jpg
2025-09-20 07:50:00,0.0,2.0,7.0,0.0,7.0,IMG_20250927_074904.jpg
2025-09-20 08:00:00,0.0,2.0,7.0,0.0,8.0,IMG_20250927_075918.jpg
2025-09-20 08:10:00,0.0,2.0,7.0,0.0,8.0,IMG_20250927_080929.jpg
2025-09-20 08:20:00,0.0,1.0,7.0,0.0,7.0,IMG_20250927_081942.jpg
2025-09-20 08:30:00,0.0,2.0,7.0,0.0,6.0,IMG_20250927_082954.jpg
2025-09-20 08:40:00,0.0,2.0,7.0,0.0,6.0,IMG_20250927_082954.jpg
2025-09-20 08:50:00,0.0,2.0,7.0,0.0,8.0,IMG_20250927_084006.jpg
2025-09-20 09:00:00,0.0,2.0,7.0,0.0,7.0,IMG_20250927_085018.jpg
2025-09-20 09:10:00,0.0,2.0,7.0,0.0,9.0,IMG_20250927_090029.jpg
2025-09-20 09:20:00,0.0,2.0,7.0,0.0,7.0,IMG_20250927_091041.jpg
2025-09-20 09:30:00,0.0,2.0,7.0,0.0,6.0,IMG_20250927_092053.jpg
2025-09-20 09:40:00,0.0,2.0,7.0,0.0,6.0,IMG_20250927_093103.jpg
2025-09-20 09:50:00,0.0,2.0,7.0,0.0,8.0,IMG_20250927_094115.jpg
2025-09-20 10:00:00,0.0,2.0,7.0,0.0,7.0,IMG_20250927_095127.jpg
2025-09-20 10:10:00,0.0,2.0,7.0,0.0,6.0,IMG_20250927_100138.jpg
2025-09-20 10:20:00,0.0,2.0,7.0,0.0,9.0,IMG_20250927_101149.jpg
2025-09-20 10:30:00,0.0,2.0,7.0,0.0,8.0,IMG_20250927_102203.jpg
2025-09-20 10:40:00,0.0,2.0,7.0,0.0,6.0,IMG_20250927_103214.jpg
2025-09-20 10:50:00,0.0,2.0,7.0,0.0,8.0,IMG_20250927_104226.jpg
2025-09-20 11:00:00,0.0,2.0,7.0,0.0,9.0,IMG_20250927_105238.jpg
2025-09-20 11:10:00,0.0,2.0,7.0,0.0,6.0,IMG_20250927_110251.jpg
2025-09-20 11:20:00,0.0,2.0,7.0,0.0,5.0,IMG_20250927_111302.jpg
2025-09-20 11:30:00,0.0,2.0,7.0,0.0,7.0,IMG_20250927_112313.jpg
2025-09-20 11:40:00,0.0,2.0,7.0,0.0,7.0,IMG_20250927_113324.jpg
2025-09-20 11:50:00,0.0,2.0,7.0,0.0,6.0,IMG_20250927_114336.jpg
2025-09-20 12:00:00,0.0,2.0,7.0,0.0,7.0,IMG_20250927_115347.jpg
2025-09-20 12:10:00,0.0,2.0,7.0,0.0,7.0,IMG_20250927_120357.jpg
2025-09-20 12:20:00,0.0,2.0,7.0,0.0,6.0,IMG_20250927_121407.jpg
2025-09-20 12:30:00,0.0,2.0,7.0,0.0,6.0,IMG_20250927_122418.jpg
2025-09-20 12:40:00,0.0,2.0,7.0,0.0,5.0,IMG_20250927_123429.jpg
2025-09-20 12:50:00,0.0,2.0,7.0,0.0,7.0,IMG_20250927_124444.jpg
2025-09-20 13:00:00,0.0,2.0,7.0,0.0,6.0,IMG_20250927_125456.jpg
2025-09-20 13:10:00,0.0,2.0,7.0,0.0,6.0,IMG_20250927_130509.jpg
2025-09-20 13:20:00,0.0,2.0,7.0,0.0,5.0,IMG_20250927_131519.jpg
2025-09-20 13:30:00,0.0,2.0,7.0,0.0,8.0,IMG_20250927_132530.jpg
2025-09-20 13:40:00,0.0,2.0,7.0,0.0,5.0,IMG_20250927_133541.jpg
2025-09-20 13:50:00,0.0,2.0,7.0,0.0,6.0,IMG_20250927_134552.jpg
2025-09-20 14:00:00,0.0,2.0,7.0,0.0,5.0,IMG_20250927_135602.jpg
2025-09-20 14:10:00,0.0,2.0,7.0,0.0,6.0,IMG_20250927_140614.jpg
2025-09-20 14:20:00,0.0,2.0,7.0,0.0,6.0,IMG_20250927_141624.jpg
2025-09-20 14:30:00,0.0,2.0,7.0,0.0,5.0,IMG_20250927_142634.jpg
2025-09-20 14:40:00,0.0,2.0,7.0,0.0,6.0,IMG_20250927_143646.jpg
2025-09-20 14:50:00,0.0,2.0,7.0,0.0,5.0,IMG_20250927_144658.jpg
2025-09-20 15:00:00,0.0,1.0,7.0,0.0,8.0,IMG_20250927_145708.jpg
2025-09-20 15:10:00,0.0,2.0,7.0,0.0,6.0,IMG_20250927_150725.jpg
2025-09-20 15:20:00,0.0,2.0,7.0,0.0,5.0,IMG_20250927_151737.jpg
2025-09-20 15:30:00,0.0,2.0,7.0,0.0,6.0,IMG_20250927_152748.jpg
2025-09-20 15:40:00,0.0,2.0,7.0,0.0,5.0,IMG_20250927_153800.jpg
2025-09-20 15:50:00,0.0,1.0,7.0,0.0,5.0,IMG_20250927_154812.jpg
2025-09-20 16:00:00,0.0,1.0,7.0,0.0,5.0,IMG_20250927_155823.jpg
2025-09-20 16:10:00,0.0,1.0,7.0,0.0,5.0,IMG_20250927_160834.jpg
2025-09-20 16:20:00,0.0,2.0,7.0,0.0,4.0,IMG_20250927_161847.jpg
2025-09-20 16:30:00,0.0,1.0,7.0,0.0,5.0,IMG_20250927_162857.jpg
2025-09-20 16:40:00,0.0,1.0,7.0,0.0,5.0,IMG_20250927_163909.jpg
2025-09-20 16:50:00,0.0,1.0,7.0,0.0,5.0,IMG_20250927_164924.jpg
2025-09-20 17:00:00,0.0,1.0,7.0,0.0,5.0,IMG_20250927_165935.jpg
2025-09-20 17:10:00,0.0,1.0,7.0,0.0,5.0,IMG_20250927_170947.jpg
2025-09-20 17:20:00,0.0,3.0,7.0,0.0,5.0,IMG_20250927_172000.jpg
2025-09-20 17:30:00,0.0,3.0,7.0,0.0,5.0,IMG_20250927_172000.jpg
2025-09-20 17:40:00,0.0,3.0,7.0,0.0,5.0,IMG_20250927_173011.jpg
2025-09-20 17:50:00,0.0,3.0,7.0,0.0,5.0,IMG_20250927_174023.jpg
2025-09-20 18:00:00,1.0,5.0,7.0,0.0,4.0,IMG_20250927_175034.jpg
2025-09-20 18:10:00,1.0,5.0,7.0,0.0,4.0,IMG_20250927_180045.jpg
2025-09-20 18:20:00,1.0,5.0,7.0,0.0,4.0,IMG_20250927_181056.jpg
2025-09-20 18:30:00,4.0,7.0,8.0,0.0,3.0,IMG_20250927_182113.jpg
2025-09-20 18:40:00,7.0,8.0,8.0,0.0,2.0,IMG_20250927_183123.jpg
2025-09-20 18:50:00,5.0,8.0,8.0,0.0,3.0,IMG_20250927_184133.jpg
2025-09-20 19:00:00,6.0,8.0,8.0,1.0,3.0,IMG_20250927_185147.jpg
2025-09-20 19:10:00,5.0,8.0,8.0,0.0,2.0,IMG_20250927_190158.jpg
2025-09-20 19:20:00,11.0,8.0,8.0,1.0,5.0,IMG_20250927_191209.jpg
2025-09-20 19:30:00,9.0,8.0,8.0,2.0,4.0,IMG_20250927_192220.jpg
2025-09-20 19:40:00,9.0,8.0,8.0,1.0,4.0,IMG_20250927_193231.jpg
2025-09-20 19:50:00,10.0,8.0,8.0,1.0,4.0,IMG_20250927_194242.jpg
2025-09-20 20:00:00,11.0,8.0,8.0,1.0,3.0,IMG_20250927_195253.jpg
2025-09-20 20:10:00,9.0,8.0,8.0,0.0,4.0,IMG_20250927_200305.jpg
2025-09-20 20:20:00,9.0,8.0,8.0,0.0,4.0,IMG_20250927_201317.jpg
2025-09-20 20:30:00,7.0,8.0,8.0,1.0,4.0,IMG_20250927_202328.jpg
2025-09-20 20:40:00,10.0,8.0,8.0,2.0,6.0,IMG_20250927_203337.jpg
2025-09-20 20:50:00,7.0,8.0,8.0,2.0,5.0,IMG_20250927_204347.jpg
2025-09-20 21:00:00,7.0,8.0,8.0,4.0,6.0,IMG_20250927_205358.jpg
2025-09-20 21:10:00,6.0,8.0,8.0,3.0,5.0,IMG_20250927_210410.jpg
2025-09-20 21:20:00,6.0,8.0,8.0,2.0,6.0,IMG_20250927_211423.jpg
2025-09-20 21:30:00,9.0,8.0,8.0,5.0,7.0,IMG_20250927_212433.jpg
2025-09-20 21:40:00,12.0,9.0,9.0,6.0,6.0,IMG_20250927_213443.jpg
2025-09-20 21:50:00,10.0,8.0,8.0,4.0,11.0,IMG_20250927_214454.jpg
2025-09-20 22:00:00,7.0,7.0,9.0,0.0,7.0,IMG_20250927_215504.jpg
2025-09-20 22:10:00,6.0,4.0,8.0,1.0,5.0,IMG_20250927_220516.jpg
2025-09-20 22:20:00,7.0,5.0,9.0,2.0,8.0,IMG_20250927_221527.jpg
2025-09-20 22:30:00,6.0,7.0,9.0,0.0,5.0,IMG_20250927_222536.jpg
2025-09-20 22:40:00,6.0,7.0,10.0,1.0,6.0,IMG_20250927_223548.jpg
2025-09-20 22:50:00,5.0,7.0,9.0,0.0,6.0,IMG_20250927_224559.jpg
2025-09-20 23:00:00,7.0,8.0,9.0,0.0,6.0,IMG_20250927_225609.jpg
2025-09-20 23:10:00,7.0,8.0,9.0,0.0,6.0,IMG_20250927_225609.jpg
2025-09-20 23:20:00,7.0,8.0,9.0,0.0,6.0,IMG_20250927_225609.jpg
2025-09-20 23:30:00,7.0,8.0,9.0,0.0,6.0,IMG_20250927_225609.jpg
2025-09-20 23:40:00,7.0,8.0,9.0,0.0,6.0,IMG_20250927_225609.jpg
2025-09-20 23:50:00,7.0,8.0,9.0,0.0,6.0,IMG_20250927_225609.jpg
2025-09-21 00:00:00,7.0,8.0,9.0,0.0,6.0,IMG_20250927_225609.jpg
2025-09-21 00:10:00,7.0,8.0,9.0,0.0,6.0,IMG_20250927_225609.jpg
2025-09-21 00:20:00,7.0,8.0,9.0,0.0,6.0,IMG_20250927_225609.jpg
2025-09-21 00:30:00,7.0,8.0,9.0,0.0,6.0,IMG_20250927_225609.jpg
2025-09-21 00:40:00,7.0,8.0,9.0,0.0,6.0,IMG_20250927_225609.jpg
2025-09-21 00:50:00,7.0,8.0,9.0,0.0,6.0,IMG_20250927_225609.jpg
2025-09-21 01:00:00,7.0,8.0,9.0,0.0,6.0,IMG_20250927_225609.jpg
2025-09-21 01:10:00,7.0,8.0,9.0,0.0,6.0,IMG_20250927_225609.jpg
2025-09-21 01:20:00,7.0,8.0,9.0,0.0,6.0,IMG_20250927_225609.jpg
2025-09-21 01:30:00,7.0,8.0,9.0,0.0,6.0,IMG_20250927_225609.jpg
2025-09-21 01:40:00,7.0,8.0,9.0,0.0,6.0,IMG_20250927_225609.jpg
2025-09-21 01:50:00,7.0,8.0,9.0,0.0,6.0,IMG_20250927_225609.jpg
2025-09-21 02:00:00,7.0,8.0,9.0,0.0,6.0,IMG_20250927_225609.jpg
2025-09-21 02:10:00,7.0,8.0,9.0,0.0,6.0,IMG_20250927_225609.jpg
2025-09-21 02:20:00,7.0,8.0,9.0,0.0,6.0,IMG_20250927_225609.jpg
2025-09-21 02:30:00,7.0,8.0,9.0,0.0,6.0,IMG_20250927_225609.jpg
2025-09-21 02:40:00,7.0,8.0,9.0,0.0,6.0,IMG_20250927_225609.jpg
2025-09-21 02:50:00,7.0,8.0,9.0,0.0,6.0,IMG_20250927_225609.jpg
2025-09-21 03:00:00,7.0,8.0,9.0,0.0,6.0,IMG_20250927_225609.jpg
2025-09-21 03:10:00,7.0,8.0,9.0,0.0,6.0,IMG_20250927_225609.jpg
2025-09-21 03:20:00,7.0,8.0,9.0,0.0,6.0,IMG_20250927_225609.jpg
2025-09-21 03:30:00,7.0,8.0,9.0,0.0,6.0,IMG_20250927_225609.jpg
2025-09-21 03:40:00,7.0,8.0,9.0,0.0,6.0,IMG_20250927_225609.jpg
2025-09-21 03:50:00,7.0,8.0,9.0,0.0,6.0,IMG_20250927_225609.jpg
2025-09-21 04:00:00,7.0,8.0,9.0,0.0,6.0,IMG_20250927_225609.jpg
2025-09-21 04:10:00,7.0,8.0,9.0,0.0,6.0,IMG_20250927_225609.jpg
2025-09-21 04:20:00,7.0,8.0,9.0,0.0,6.0,IMG_20250927_225609.jpg
2025-09-21 04:30:00,7.0,8.0,9.0,0.0,6.0,IMG_20250927_225609.jpg
2025-09-21 04:40:00,7.0,8.0,9.0,0.0,6.0,IMG_20250927_225609.jpg
2025-09-21 04:50:00,7.0,8.0,9.0,0.0,6.0,IMG_20250927_225609.jpg
2025-09-21 05:00:00,7.0,8.0,9.0,0.0,6.0,IMG_20250927_225609.jpg
2025-09-21 05:10:00,7.0,8.0,9.0,0.0,6.0,IMG_20250927_225609.jpg
2025-09-21 05:20:00,7.0,8.0,9.0,0.0,6.0,IMG_20250927_225609.jpg
2025-09-21 05:30:00,7.0,8.0,9.0,0.0,6.0,IMG_20250927_225609.jpg
2025-09-21 05:40:00,7.0,8.0,9.0,0.0,6.0,IMG_20250927_225609.jpg
2025-09-21 05:50:00,7.0,8.0,9.0,0.0,6.0,IMG_20250927_225609.jpg
2025-09-21 06:00:00,7.0,8.0,9.0,0.0,6.0,IMG_20250927_225609.jpg
2025-09-21 06:10:00,7.0,8.0,9.0,0.0,6.0,IMG_20250927_225609.jpg
2025-09-21 06:20:00,7.0,8.0,9.0,0.0,6.0,IMG_20250927_225609.jpg
2025-09-21 06:30:00,7.0,8.0,9.0,0.0,6.0,IMG_20250927_225609.jpg
2025-09-21 06:40:00,7.0,8.0,9.0,0.0,6.0,IMG_20250927_225609.jpg
2025-09-21 06:50:00,7.0,8.0,9.0,0.0,6.0,IMG_20250927_225609.jpg
2025-09-21 07:00:00,7.0,8.0,9.0,0.0,6.0,IMG_20250927_225609.jpg
2025-09-21 07:10:00,0.0,3.0,8.0,0.0,6.0,IMG_20250928_070509.jpg
2025-09-21 07:20:00,0.0,3.0,8.0,0.0,6.0,IMG_20250928_071520.jpg
2025-09-21 07:30:00,0.0,3.0,8.0,0.0,6.0,IMG_20250928_072530.jpg
2025-09-21 07:40:00,0.0,3.0,8.0,0.0,7.0,IMG_20250928_073541.jpg
2025-09-21 07:50:00,0.0,3.0,8.0,0.0,7.0,IMG_20250928_074552.jpg
2025-09-21 08:00:00,0.0,3.0,8.0,0.0,6.0,IMG_20250928_075602.jpg
2025-09-21 08:10:00,0.0,3.0,8.0,0.0,6.0,IMG_20250928_080615.jpg
2025-09-21 08:20:00,0.0,3.0,8.0,0.0,6.0,IMG_20250928_081627.jpg
2025-09-21 08:30:00,0.0,3.0,8.0,0.0,8.0,IMG_20250928_082639.jpg
2025-09-21 08:40:00,0.0,3.0,8.0,0.0,6.0,IMG_20250928_083652.jpg
2025-09-21 08:50:00,0.0,3.0,8.0,0.0,5.0,IMG_20250928_084703.jpg
2025-09-21 09:00:00,0.0,3.0,8.0,0.0,5.0,IMG_20250928_084703.jpg
2025-09-21 09:10:00,0.0,3.0,8.0,0.0,5.0,IMG_20250928_084703.jpg
2025-09-21 09:20:00,0.0,3.0,8.0,0.0,5.0,IMG_20250928_084703.jpg
2025-09-21 09:30:00,0.0,3.0,8.0,0.0,5.0,IMG_20250928_084703.jpg
2025-09-21 09:40:00,0.0,3.0,8.0,0.0,5.0,IMG_20250928_084703.jpg
2025-09-21 09:50:00,0.0,3.0,8.0,0.0,5.0,IMG_20250928_084703.jpg
2025-09-21 10:00:00,0.0,3.0,8.0,0.0,5.0,IMG_20250928_084703.jpg
2025-09-21 10:10:00,0.0,3.0,8.0,0.0,5.0,IMG_20250928_084703.jpg
2025-09-21 10:20:00,0.0,3.0,8.0,0.0,5.0,IMG_20250928_084703.jpg
2025-09-21 10:30:00,0.0,3.0,8.0,0.0,5.0,IMG_20250928_084703.jpg
2025-09-21 10:40:00,0.0,3.0,8.0,0.0,5.0,IMG_20250928_084703.jpg
2025-09-21 10:50:00,0.0,3.0,8.0,0.0,5.0,IMG_20250928_084703.jpg
2025-09-21 11:00:00,0.0,3.0,8.0,0.0,5.0,IMG_20250928_084703.jpg
2025-09-21 11:10:00,0.0,3.0,8.0,0.0,5.0,IMG_20250928_084703.jpg
2025-09-21 11:20:00,0.0,3.0,8.0,0.0,5.0,IMG_20250928_084703.jpg
2025-09-21 11:30:00,0.0,3.0,8.0,0.0,5.0,IMG_20250928_084703.jpg
2025-09-21 11:40:00,0.0,3.0,8.0,0.0,5.0,IMG_20250928_084703.jpg
2025-09-21 11:50:00,0.0,3.0,8.0,0.0,5.0,IMG_20250928_084703.jpg
2025-09-21 12:00:00,0.0,3.0,8.0,0.0,5.0,IMG_20250928_084703.jpg
2025-09-21 12:10:00,0.0,3.0,8.0,0.0,5.0,IMG_20250928_084703.jpg
2025-09-21 12:20:00,0.0,3.0,8.0,0.0,5.0,IMG_20250928_084703.jpg
2025-09-21 12:30:00,0.0,3.0,8.0,0.0,5.0,IMG_20250928_084703.jpg
2025-09-21 12:40:00,0.0,3.0,8.0,0.0,5.0,IMG_20250928_084703.jpg
2025-09-21 12:50:00,0.0,3.0,8.0,0.0,5.0,IMG_20250928_084703.jpg
2025-09-21 13:00:00,0.0,3.0,8.0,0.0,5.0,IMG_20250928_084703.jpg
2025-09-21 13:10:00,0.0,3.0,8.0,0.0,5.0,IMG_20250928_084703.jpg
2025-09-21 13:20:00,0.0,3.0,8.0,0.0,5.0,IMG_20250928_084703.jpg
2025-09-21 13:30:00,0.0,3.0,8.0,0.0,5.0,IMG_20250928_084703.jpg
2025-09-21 13:40:00,0.0,3.0,8.0,0.0,5.0,IMG_20250928_084703.jpg
2025-09-21 13:50:00,0.0,3.0,8.0,0.0,5.0,IMG_20250928_084703.jpg
2025-09-21 14:00:00,0.0,3.0,8.0,0.0,5.0,IMG_20250928_084703.jpg
2025-09-21 14:10:00,0.0,3.0,8.0,0.0,5.0,IMG_20250928_084703.jpg
2025-09-21 14:20:00,0.0,3.0,8.0,0.0,5.0,IMG_20250928_084703.jpg
2025-09-21 14:30:00,0.0,3.0,8.0,0.0,5.0,IMG_20250928_084703.jpg
2025-09-21 14:40:00,0.0,3.0,8.0,0.0,5.0,IMG_20250928_084703.jpg
2025-09-21 14:50:00,0.0,3.0,8.0,0.0,5.0,IMG_20250928_084703.jpg
2025-09-21 15:00:00,0.0,3.0,8.0,0.0,5.0,IMG_20250928_084703.jpg
2025-09-21 15:10:00,0.0,3.0,8.0,0.0,5.0,IMG_20250928_084703.jpg
2025-09-21 15:20:00,0.0,3.0,8.0,0.0,5.0,IMG_20250928_084703.jpg
2025-09-21 15:30:00,0.0,3.0,8.0,0.0,5.0,IMG_20250928_084703.jpg
2025-09-21 15:40:00,0.0,3.0,8.0,0.0,5.0,IMG_20250928_084703.jpg
2025-09-21 15:50:00,0.0,3.0,8.0,0.0,5.0,IMG_20250928_084703.jpg
2025-09-21 16:00:00,0.0,3.0,8.0,0.0,5.0,IMG_20250928_084703.jpg
2025-09-21 16:10:00,0.0,3.0,8.0,0.0,5.0,IMG_20250928_084703.jpg
2025-09-21 16:20:00,0.0,3.0,8.0,0.0,5.0,IMG_20250928_084703.jpg
2025-09-21 16:30:00,0.0,3.0,8.0,0.0,5.0,IMG_20250928_084703.jpg
2025-09-21 16:40:00,0.0,3.0,8.0,0.0,5.0,IMG_20250928_084703.jpg
2025-09-21 16:50:00,0.0,3.0,8.0,0.0,5.0,IMG_20250928_084703.jpg
2025-09-21 17:00:00,0.0,3.0,8.0,0.0,5.0,IMG_20250928_084703.jpg
2025-09-21 17:10:00,0.0,3.0,8.0,0.0,5.0,IMG_20250928_084703.jpg
2025-09-21 17:20:00,0.0,3.0,8.0,0.0,5.0,IMG_20250928_084703.jpg
2025-09-21 17:30:00,0.0,3.0,8.0,0.0,5.0,IMG_20250928_084703.jpg
2025-09-21 17:40:00,0.0,3.0,8.0,0.0,5.0,IMG_20250928_084703.jpg
2025-09-21 17:50:00,0.0,3.0,8.0,0.0,5.0,IMG_20250928_084703.jpg
2025-09-21 18:00:00,0.0,3.0,8.0,0.0,5.0,IMG_20250928_084703.jpg
2025-09-21 18:10:00,0.0,3.0,8.0,0.0,5.0,IMG_20250928_084703.jpg
2025-09-21 18:20:00,0.0,3.0,8.0,0.0,5.0,IMG_20250928_084703.jpg
2025-09-21 18:30:00,0.0,3.0,8.0,0.0,5.0,IMG_20250928_084703.jpg
2025-09-21 18:40:00,0.0,3.0,8.0,0.0,5.0,IMG_20250928_084703.jpg
2025-09-21 18:50:00,0.0,3.0,8.0,0.0,5.0,IMG_20250928_084703.jpg
2025-09-21 19:00:00,0.0,3.0,8.0,0.0,5.0,IMG_20250928_084703.jpg
2025-09-21 19:10:00,0.0,3.0,8.0,0.0,5.0,IMG_20250928_084703.jpg
2025-09-21 19:20:00,0.0,3.0,8.0,0.0,5.0,IMG_20250928_084703.jpg
2025-09-21 19:30:00,0.0,3.0,8.0,0.0,5.0,IMG_20250928_084703.jpg
2025-09-21 19:40:00,0.0,3.0,8.0,0.0,5.0,IMG_20250928_084703.jpg
2025-09-21 19:50:00,0.0,3.0,8.0,0.0,5.0,IMG_20250928_084703.jpg
2025-09-21 20:00:00,0.0,3.0,8.0,0.0,5.0,IMG_20250928_084703.jpg
2025-09-21 20:10:00,0.0,3.0,8.0,0.0,5.0,IMG_20250928_084703.jpg
2025-09-21 20:20:00,0.0,3.0,8.0,0.0,5.0,IMG_20250928_084703.jpg
2025-09-21 20:30:00,0.0,3.0,8.0,0.0,5.0,IMG_20250928_084703.jpg
2025-09-21 20:40:00,0.0,3.0,8.0,0.0,5.0,IMG_20250928_084703.jpg
2025-09-21 20:50:00,0.0,3.0,8.0,0.0,5.0,IMG_20250928_084703.jpg
2025-09-21 21:00:00,0.0,3.0,8.0,0.0,5.0,IMG_20250928_084703.jpg
2025-09-21 21:10:00,0.0,3.0,8.0,0.0,5.0,IMG_20250928_084703.jpg
2025-09-21 21:20:00,0.0,3.0,8.0,0.0,5.0,IMG_20250928_084703.jpg
2025-09-21 21:30:00,0.0,3.0,8.0,0.0,5.0,IMG_20250928_084703.jpg
2025-09-21 21:40:00,0.0,3.0,8.0,0.0,5.0,IMG_20250928_084703.jpg
2025-09-21 21:50:00,0.0,3.0,8.0,0.0,5.0,IMG_20250928_084703.jpg
2025-09-21 22:00:00,0.0,3.0,8.0,0.0,5.0,IMG_20250928_084703.jpg
2025-09-21 22:10:00,0.0,3.0,8.0,0.0,5.0,IMG_20250928_084703.jpg
2025-09-21 22:20:00,0.0,3.0,8.0,0.0,5.0,IMG_20250928_084703.jpg
2025-09-21 22:30:00,0.0,3.0,8.0,0.0,5.0,IMG_20250928_084703.jpg
2025-09-21 22:40:00,0.0,3.0,8.0,0.0,5.0,IMG_20250928_084703.jpg
2025-09-21 22:50:00,0.0,3.0,8.0,0.0,5.0,IMG_20250928_084703.jpg
2025-09-21 23:00:00,0.0,3.0,8.0,0.0,5.0,IMG_20250928_084703.jpg
2025-09-21 23:10:00,0.0,3.0,8.0,0.0,5.0,IMG_20250928_084703.jpg
2025-09-21 23:20:00,0.0,3.0,8.0,0.0,5.0,IMG_20250928_084703.jpg
2025-09-21 23:30:00,0.0,3.0,8.0,0.0,5.0,IMG_20250928_084703.jpg
2025-09-21 23:40:00,0.0,3.0,8.0,0.0,5.0,IMG_20250928_084703.jpg
2025-09-21 23:50:00,0.0,3.0,8.0,0.0,5.0,IMG_20250928_084703.jpg
2025-09-22 00:00:00,0.0,3.0,8.0,0.0,5.0,IMG_20250928_084703.jpg
2025-09-22 00:10:00,0.0,3.0,8.0,0.0,5.0,IMG_20250928_084703.jpg
2025-09-22 00:20:00,0.0,3.0,8.0,0.0,5.0,IMG_20250928_084703.jpg
2025-09-22 00:30:00,0.0,3.0,8.0,0.0,5.0,IMG_20250928_084703.jpg
2025-09-22 00:40:00,0.0,3.0,8.0,0.0,5.0,IMG_20250928_084703.jpg
2025-09-22 00:50:00,0.0,3.0,8.0,0.0,5.0,IMG_20250928_084703.jpg
2025-09-22 01:00:00,0.0,3.0,8.0,0.0,5.0,IMG_20250928_084703.jpg
2025-09-22 01:10:00,0.0,3.0,8.0,0.0,5.0,IMG_20250928_084703.jpg
2025-09-22 01:20:00,0.0,3.0,8.0,0.0,5.0,IMG_20250928_084703.jpg
2025-09-22 01:30:00,0.0,3.0,8.0,0.0,5.0,IMG_20250928_084703.jpg
2025-09-22 01:40:00,0.0,3.0,8.0,0.0,5.0,IMG_20250928_084703.jpg
2025-09-22 01:50:00,0.0,3.0,8.0,0.0,5.0,IMG_20250928_084703.jpg
2025-09-22 02:00:00,0.0,3.0,8.0,0.0,5.0,IMG_20250928_084703.jpg
2025-09-22 02:10:00,0.0,3.0,8.0,0.0,5.0,IMG_20250928_084703.jpg
2025-09-22 02:20:00,0.0,3.0,8.0,0.0,5.0,IMG_20250928_084703.jpg
2025-09-22 02:30:00,0.0,3.0,8.0,0.0,5.0,IMG_20250928_084703.jpg
2025-09-22 02:40:00,0.0,3.0,8.0,0.0,5.0,IMG_20250928_084703.jpg
2025-09-22 02:50:00,0.0,3.0,8.0,0.0,5.0,IMG_20250928_084703.jpg
2025-09-22 03:00:00,0.0,3.0,8.0,0.0,5.0,IMG_20250928_084703.jpg
2025-09-22 03:10:00,0.0,3.0,8.0,0.0,5.0,IMG_20250928_084703.jpg
2025-09-22 03:20:00,0.0,3.0,8.0,0.0,5.0,IMG_20250928_084703.jpg
2025-09-22 03:30:00,0.0,3.0,8.0,0.0,5.0,IMG_20250928_084703.jpg
2025-09-22 03:40:00,0.0,3.0,8.0,0.0,5.0,IMG_20250928_084703.jpg
2025-09-22 03:50:00,0.0,3.0,8.0,0.0,5.0,IMG_20250928_084703.jpg
2025-09-22 04:00:00,0.0,3.0,8.0,0.0,5.0,IMG_20250928_084703.jpg
2025-09-22 04:10:00,0.0,3.0,8.0,0.0,5.0,IMG_20250928_084703.jpg
2025-09-22 04:20:00,0.0,3.0,8.0,0.0,5.0,IMG_20250928_084703.jpg
2025-09-22 04:30:00,0.0,3.0,8.0,0.0,5.0,IMG_20250928_084703.jpg
2025-09-22 04:40:00,0.0,3.0,8.0,0.0,5.0,IMG_20250928_084703.jpg
2025-09-22 04:50:00,0.0,3.0,8.0,0.0,5.0,IMG_20250928_084703.jpg
2025-09-22 05:00:00,0.0,3.0,8.0,0.0,5.0,IMG_20250928_084703.jpg
2025-09-22 05:10:00,0.0,3.0,8.0,0.0,5.0,IMG_20250928_084703.jpg
2025-09-22 05:20:00,0.0,3.0,8.0,0.0,5.0,IMG_20250928_084703.jpg
2025-09-22 05:30:00,0.0,3.0,8.0,0.0,5.0,IMG_20250928_084703.jpg
2025-09-22 05:40:00,0.0,3.0,8.0,0.0,5.0,IMG_20250928_084703.jpg
2025-09-22 05:50:00,0.0,3.0,8.0,0.0,5.0,IMG_20250928_084703.jpg
2025-09-22 06:00:00,0.0,3.0,8.0,0.0,5.0,IMG_20250928_084703.jpg
2025-09-22 06:10:00,0.0,3.0,8.0,0.0,5.0,IMG_20250928_084703.jpg
2025-09-22 06:20:00,0.0,3.0,8.0,0.0,5.0,IMG_20250928_084703.jpg
2025-09-22 06:30:00,0.0,3.0,8.0,0.0,5.0,IMG_20250928_084703.jpg
2025-09-22 06:40:00,0.0,3.0,8.0,0.0,5.0,IMG_20250928_084703.jpg
2025-09-22 06:50:00,0.0,3.0,8.0,0.0,5.0,IMG_20250928_084703.jpg
2025-09-22 07:00:00,0.0,3.0,8.0,0.0,5.0,IMG_20250928_084703.jpg
2025-09-22 07:10:00,0.0,3.0,8.0,0.0,5.0,IMG_20250928_084703.jpg
2025-09-22 07:20:00,0.0,3.0,8.0,0.0,5.0,IMG_20250928_084703.jpg
2025-09-22 07:30:00,0.0,3.0,8.0,0.0,5.0,IMG_20250928_084703.jpg
2025-09-22 07:40:00,0.0,3.0,8.0,0.0,5.0,IMG_20250928_084703.jpg
2025-09-22 07:50:00,0.0,3.0,8.0,0.0,5.0,IMG_20250928_084703.jpg
2025-09-22 08:00:00,0.0,3.0,8.0,0.0,5.0,IMG_20250928_084703.jpg
2025-09-22 08:10:00,0.0,3.0,8.0,0.0,5.0,IMG_20250928_084703.jpg
2025-09-22 08:20:00,0.0,3.0,8.0,0.0,5.0,IMG_20250928_084703.jpg
2025-09-22 08:30:00,0.0,3.0,8.0,0.0,5.0,IMG_20250928_084703.jpg
2025-09-22 08:40:00,0.0,3.0,8.0,0.0,5.0,IMG_20250928_084703.jpg
2025-09-22 08:50:00,0.0,3.0,8.0,0.0,5.0,IMG_20250928_084703.jpg
2025-09-22 09:00:00,0.0,3.0,8.0,0.0,5.0,IMG_20250928_084703.jpg
2025-09-22 09:10:00,0.0,3.0,8.0,0.0,5.0,IMG_20250928_084703.jpg
2025-09-22 09:20:00,0.0,3.0,8.0,0.0,5.0,IMG_20250928_084703.jpg
2025-09-22 09:30:00,0.0,3.0,8.0,0.0,5.0,IMG_20250928_084703.jpg
2025-09-22 09:40:00,0.0,3.0,8.0,0.0,5.0,IMG_20250928_084703.jpg
2025-09-22 09:50:00,0.0,3.0,8.0,0.0,5.0,IMG_20250928_084703.jpg
2025-09-22 10:00:00,0.0,3.0,8.0,0.0,5.0,IMG_20250928_084703.jpg
2025-09-22 10:10:00,4.0,7.0,7.0,0.0,3.0,IMG_20250915_100253.jpg
2025-09-22 10:20:00,2.0,7.0,8.0,0.0,3.0,IMG_20250915_101303.jpg
2025-09-22 10:30:00,4.0,7.0,8.0,1.0,5.0,IMG_20250915_102313.jpg
2025-09-22 10:40:00,3.0,5.0,8.0,1.0,7.0,IMG_20250915_103325.jpg
2025-09-22 10:50:00,4.0,5.0,8.0,2.0,5.0,IMG_20250915_104335.jpg
2025-09-22 11:00:00,7.0,8.0,8.0,2.0,6.0,IMG_20250915_105345.jpg
2025-09-22 11:10:00,9.0,8.0,8.0,1.0,3.0,IMG_20250915_110356.jpg
2025-09-22 11:20:00,16.0,7.0,8.0,3.0,3.0,IMG_20250915_111414.jpg
2025-09-22 11:30:00,12.0,7.0,8.0,3.0,4.0,IMG_20250915_112424.jpg
2025-09-22 11:40:00,14.0,7.0,8.0,1.0,5.0,IMG_20250915_113435.jpg
2025-09-22 11:50:00,13.0,7.0,8.0,1.0,7.0,IMG_20250915_114446.jpg
2025-09-22 12:00:00,16.0,7.0,9.0,2.0,4.0,IMG_20250915_115457.jpg
2025-09-22 12:10:00,13.0,7.0,8.0,3.0,6.0,IMG_20250915_120508.jpg
2025-09-22 12:20:00,12.0,7.0,9.0,3.0,5.0,IMG_20250915_121518.jpg
2025-09-22 12:30:00,12.0,7.0,9.0,3.0,5.0,IMG_20250915_122529.jpg
2025-09-22 12:40:00,9.0,5.0,8.0,2.0,4.0,IMG_20250915_123540.jpg
2025-09-22 12:50:00,8.0,5.0,8.0,3.0,5.0,IMG_20250915_124551.jpg
2025-09-22 13:00:00,0.0,3.0,9.0,0.0,5.0,IMG_20250915_125603.jpg
2025-09-22 13:10:00,1.0,2.0,7.0,0.0,5.0,IMG_20250915_130614.jpg
2025-09-22 13:20:00,0.0,1.0,8.0,0.0,5.0,IMG_20250915_131625.jpg
2025-09-22 13:30:00,0.0,1.0,9.0,0.0,6.0,IMG_20250915_132636.jpg
2025-09-22 13:40:00,0.0,1.0,8.0,0.0,5.0,IMG_20250915_133647.jpg
2025-09-22 13:50:00,0.0,1.0,8.0,0.0,5.0,IMG_20250915_134658.jpg
2025-09-22 14:00:00,0.0,1.0,8.0,0.0,5.0,IMG_20250915_135709.jpg
2025-09-22 14:10:00,0.0,1.0,9.0,0.0,5.0,IMG_20250915_140720.jpg
2025-09-22 14:20:00,1.0,0.0,8.0,0.0,5.0,IMG_20250915_141731.jpg
2025-09-22 14:30:00,2.0,2.0,8.0,0.0,5.0,IMG_20250915_142741.jpg
2025-09-22 14:40:00,5.0,3.0,7.0,1.0,8.0,IMG_20250915_143754.jpg
2025-09-22 14:50:00,5.0,5.0,8.0,0.0,8.0,IMG_20250915_144805.jpg
2025-09-22 15:00:00,14.0,7.0,8.0,5.0,7.0,IMG_20250915_145816.jpg
2025-09-22 15:10:00,13.0,9.0,9.0,5.0,7.0,IMG_20250915_150826.jpg
2025-09-22 15:20:00,6.0,10.0,10.0,0.0,9.0,IMG_20250915_151836.jpg
2025-09-22 15:30:00,7.0,11.0,11.0,0.0,7.0,IMG_20250915_152847.jpg
2025-09-22 15:40:00,6.0,8.0,8.0,0.0,7.0,IMG_20250915_153857.jpg
2025-09-22 15:50:00,8.0,8.0,8.0,2.0,7.0,IMG_20250915_154907.jpg
2025-09-22 16:00:00,9.0,9.0,9.0,2.0,8.0,IMG_20250915_155917.jpg
2025-09-22 16:10:00,11.0,9.0,9.0,5.0,11.0,IMG_20250915_160933.jpg
2025-09-22 16:20:00,9.0,8.0,8.0,4.0,13.0,IMG_20250915_161944.jpg
2025-09-22 16:30:00,7.0,8.0,8.0,1.0,12.0,IMG_20250915_162954.jpg
2025-09-22 16:40:00,7.0,8.0,8.0,1.0,12.0,IMG_20250915_162954.jpg
2025-09-22 16:50:00,9.0,9.0,9.0,5.0,12.0,IMG_20250915_164004.jpg
2025-09-22 17:00:00,9.0,8.0,9.0,5.0,11.0,IMG_20250915_165015.jpg
2025-09-22 17:10:00,9.0,8.0,8.0,2.0,8.0,IMG_20250915_170025.jpg
2025-09-22 17:20:00,5.0,7.0,8.0,1.0,10.0,IMG_20250915_171036.jpg
2025-09-22 17:30:00,3.0,8.0,10.0,1.0,8.0,IMG_20250915_172048.jpg
2025-09-22 17:40:00,5.0,7.0,9.0,1.0,9.0,IMG_20250915_173058.jpg
2025-09-22 17:50:00,6.0,7.0,9.0,2.0,9.0,IMG_20250915_174108.jpg
2025-09-22 18:00:00,4.0,7.0,10.0,1.0,9.0,IMG_20250915_175119.jpg
2025-09-22 18:10:00,4.0,7.0,9.0,3.0,9.0,IMG_20250915_180131.jpg
2025-09-22 18:20:00,4.0,8.0,9.0,1.0,9.0,IMG_20250915_181141.jpg
2025-09-22 18:30:00,5.0,7.0,8.0,2.0,8.0,IMG_20250915_182151.jpg
2025-09-22 18:40:00,3.0,7.0,8.0,0.0,7.0,IMG_20250915_183202.jpg
2025-09-22 18:50:00,4.0,7.0,8.0,0.0,8.0,IMG_20250915_184212.jpg
2025-09-22 19:00:00,4.0,7.0,8.0,0.0,7.0,IMG_20250915_185221.jpg
2025-09-22 19:10:00,5.0,8.0,9.0,1.0,7.0,IMG_20250915_190231.jpg
2025-09-22 19:20:00,5.0,7.0,8.0,3.0,7.0,IMG_20250915_191241.jpg
2025-09-22 19:30:00,6.0,9.0,10.0,2.0,7.0,IMG_20250915_192252.jpg
2025-09-22 19:40:00,6.0,7.0,8.0,2.0,8.0,IMG_20250915_193304.jpg
2025-09-22 19:50:00,6.0,7.0,8.0,2.0,7.0,IMG_20250915_194314.jpg
2025-09-22 20:00:00,5.0,8.0,9.0,0.0,10.0,IMG_20250915_195326.jpg
2025-09-22 20:10:00,5.0,7.0,8.0,2.0,7.0,IMG_20250915_200337.jpg
2025-09-22 20:20:00,8.0,6.0,7.0,3.0,10.0,IMG_20250915_201348.jpg
2025-09-22 20:30:00,6.0,8.0,9.0,2.0,7.0,IMG_20250915_202400.jpg
2025-09-22 20:40:00,7.0,7.0,8.0,2.0,9.0,IMG_20250915_203413.jpg
2025-09-22 20:50:00,3.0,7.0,8.0,2.0,8.0,IMG_20250915_204423.jpg
2025-09-22 21:00:00,4.0,7.0,8.0,2.0,8.0,IMG_20250915_205435.jpg
2025-09-22 21:10:00,6.0,7.0,8.0,3.0,9.0,IMG_20250915_210446.jpg
2025-09-22 21:20:00,2.0,7.0,8.0,3.0,8.0,IMG_20250915_211457.jpg
2025-09-22 21:30:00,3.0,7.0,8.0,2.0,7.0,IMG_20250915_212508.jpg
2025-09-22 21:40:00,1.0,7.0,8.0,1.0,5.0,IMG_20250915_213518.jpg
2025-09-22 21:50:00,1.0,7.0,8.0,0.0,8.0,IMG_20250915_214530.jpg
2025-09-22 22:00:00,0.0,7.0,8.0,0.0,8.0,IMG_20250915_215540.jpg
2025-09-22 22:10:00,2.0,7.0,8.0,1.0,7.0,IMG_20250915_220551.jpg
2025-09-22 22:20:00,6.0,8.0,8.0,3.0,6.0,IMG_20250915_221600.jpg
2025-09-22 22:30:00,5.0,9.0,9.0,0.0,10.0,IMG_20250915_222611.jpg
2025-09-22 22:40:00,5.0,9.0,9.0,2.0,6.0,IMG_20250915_223620.jpg
2025-09-22 22:50:00,4.0,9.0,9.0,1.0,7.0,IMG_20250915_224630.jpg
2025-09-22 23:00:00,6.0,8.0,9.0,2.0,8.0,IMG_20250915_225640.jpg
2025-09-22 23:10:00,6.0,8.0,9.0,2.0,8.0,IMG_20250915_225640.jpg
2025-09-22 23:20:00,6.0,8.0,9.0,2.0,8.0,IMG_20250915_225640.jpg
2025-09-22 23:30:00,6.0,8.0,9.0,2.0,8.0,IMG_20250915_225640.jpg
2025-09-22 23:40:00,6.0,8.0,9.0,2.0,8.0,IMG_20250915_225640.jpg
2025-09-22 23:50:00,6.0,8.0,9.0,2.0,8.0,IMG_20250915_225640.jpg
2025-09-23 00:00:00,6.0,8.0,9.0,2.0,8.0,IMG_20250915_225640.jpg
2025-09-23 00:10:00,6.0,8.0,9.0,2.0,8.0,IMG_20250915_225640.jpg
2025-09-23 00:20:00,6.0,8.0,9.0,2.0,8.0,IMG_20250915_225640.jpg
2025-09-23 00:30:00,6.0,8.0,9.0,2.0,8.0,IMG_20250915_225640.jpg
2025-09-23 00:40:00,6.0,8.0,9.0,2.0,8.0,IMG_20250915_225640.jpg
2025-09-23 00:50:00,6.0,8.0,9.0,2.0,8.0,IMG_20250915_225640.jpg
2025-09-23 01:00:00,6.0,8.0,9.0,2.0,8.0,IMG_20250915_225640.jpg
2025-09-23 01:10:00,6.0,8.0,9.0,2.0,8.0,IMG_20250915_225640.jpg
2025-09-23 01:20:00,6.0,8.0,9.0,2.0,8.0,IMG_20250915_225640.jpg
2025-09-23 01:30:00,6.0,8.0,9.0,2.0,8.0,IMG_20250915_225640.jpg
2025-09-23 01:40:00,6.0,8.0,9.0,2.0,8.0,IMG_20250915_225640.jpg
2025-09-23 01:50:00,6.0,8.0,9.0,2.0,8.0,IMG_20250915_225640.jpg
2025-09-23 02:00:00,6.0,8.0,9.0,2.0,8.0,IMG_20250915_225640.jpg
2025-09-23 02:10:00,6.0,8.0,9.0,2.0,8.0,IMG_20250915_225640.jpg
2025-09-23 02:20:00,6.0,8.0,9.0,2.0,8.0,IMG_20250915_225640.jpg
2025-09-23 02:30:00,6.0,8.0,9.0,2.0,8.0,IMG_20250915_225640.jpg
2025-09-23 02:40:00,6.0,8.0,9.0,2.0,8.0,IMG_20250915_225640.jpg
2025-09-23 02:50:00,6.0,8.0,9.0,2.0,8.0,IMG_20250915_225640.jpg
2025-09-23 03:00:00,6.0,8.0,9.0,2.0,8.0,IMG_20250915_225640.jpg
2025-09-23 03:10:00,6.0,8.0,9.0,2.0,8.0,IMG_20250915_225640.jpg
2025-09-23 03:20:00,6.0,8.0,9.0,2.0,8.0,IMG_20250915_225640.jpg
2025-09-23 03:30:00,6.0,8.0,9.0,2.0,8.0,IMG_20250915_225640.jpg
2025-09-23 03:40:00,6.0,8.0,9.0,2.0,8.0,IMG_20250915_225640.jpg
2025-09-23 03:50:00,6.0,8.0,9.0,2.0,8.0,IMG_20250915_225640.jpg
2025-09-23 04:00:00,6.0,8.0,9.0,2.0,8.0,IMG_20250915_225640.jpg
2025-09-23 04:10:00,6.0,8.0,9.0,2.0,8.0,IMG_20250915_225640.jpg
2025-09-23 04:20:00,6.0,8.0,9.0,2.0,8.0,IMG_20250915_225640.jpg
2025-09-23 04:30:00,6.0,8.0,9.0,2.0,8.0,IMG_20250915_225640.jpg
2025-09-23 04:40:00,6.0,8.0,9.0,2.0,8.0,IMG_20250915_225640.jpg
2025-09-23 04:50:00,6.0,8.0,9.0,2.0,8.0,IMG_20250915_225640.jpg
2025-09-23 05:00:00,6.0,8.0,9.0,2.0,8.0,IMG_20250915_225640.jpg
2025-09-23 05:10:00,6.0,8.0,9.0,2.0,8.0,IMG_20250915_225640.jpg
2025-09-23 05:20:00,6.0,8.0,9.0,2.0,8.0,IMG_20250915_225640.jpg
2025-09-23 05:30:00,6.0,8.0,9.0,2.0,8.0,IMG_20250915_225640.jpg
2025-09-23 05:40:00,6.0,8.0,9.0,2.0,8.0,IMG_20250915_225640.jpg
2025-09-23 05:50:00,6.0,8.0,9.0,2.0,8.0,IMG_20250915_225640.jpg
2025-09-23 06:00:00,6.0,8.0,9.0,2.0,8.0,IMG_20250915_225640.jpg
2025-09-23 06:10:00,6.0,8.0,9.0,2.0,8.0,IMG_20250915_225640.jpg
2025-09-23 06:20:00,6.0,8.0,9.0,2.0,8.0,IMG_20250915_225640.jpg
2025-09-23 06:30:00,6.0,8.0,9.0,2.0,8.0,IMG_20250915_225640.jpg
2025-09-23 06:40:00,6.0,8.0,9.0,2.0,8.0,IMG_20250915_225640.jpg
2025-09-23 06:50:00,6.0,8.0,9.0,2.0,8.0,IMG_20250915_225640.jpg
2025-09-23 07:00:00,6.0,8.0,9.0,2.0,8.0,IMG_20250915_225640.jpg
2025-09-23 07:10:00,6.0,8.0,9.0,2.0,8.0,IMG_20250915_225640.jpg
2025-09-23 07:20:00,6.0,8.0,9.0,2.0,8.0,IMG_20250915_225640.jpg
2025-09-23 07:30:00,6.0,8.0,9.0,2.0,8.0,IMG_20250915_225640.jpg
2025-09-23 07:40:00,6.0,8.0,9.0,2.0,8.0,IMG_20250915_225640.jpg
2025-09-23 07:50:00,6.0,8.0,9.0,2.0,8.0,IMG_20250915_225640.jpg
2025-09-23 08:00:00,6.0,8.0,9.0,2.0,8.0,IMG_20250915_225640.jpg
2025-09-23 08:10:00,6.0,8.0,9.0,2.0,8.0,IMG_20250915_225640.jpg
2025-09-23 08:20:00,6.0,8.0,9.0,2.0,8.0,IMG_20250915_225640.jpg
2025-09-23 08:30:00,6.0,8.0,9.0,2.0,8.0,IMG_20250915_225640.jpg
2025-09-23 08:40:00,6.0,8.0,9.0,2.0,8.0,IMG_20250915_225640.jpg
2025-09-23 08:50:00,6.0,8.0,9.0,2.0,8.0,IMG_20250915_225640.jpg
2025-09-23 09:00:00,6.0,8.0,9.0,2.0,8.0,IMG_20250915_225640.jpg
2025-09-23 09:10:00,6.0,8.0,9.0,2.0,8.0,IMG_20250915_225640.jpg
2025-09-23 09:20:00,6.0,8.0,9.0,2.0,8.0,IMG_20250915_225640.jpg
2025-09-23 09:30:00,6.0,8.0,9.0,2.0,8.0,IMG_20250915_225640.jpg
2025-09-23 09:40:00,6.0,8.0,9.0,2.0,8.0,IMG_20250915_225640.jpg
2025-09-23 09:50:00,6.0,8.0,9.0,2.0,8.0,IMG_20250915_225640.jpg
2025-09-23 10:00:00,6.0,8.0,9.0,2.0,8.0,IMG_20250915_225640.jpg
2025-09-23 10:10:00,6.0,8.0,9.0,2.0,8.0,IMG_20250915_225640.jpg
2025-09-23 10:20:00,6.0,8.0,9.0,2.0,8.0,IMG_20250915_225640.jpg
2025-09-23 10:30:00,6.0,8.0,9.0,2.0,8.0,IMG_20250915_225640.jpg
2025-09-23 10:40:00,6.0,8.0,9.0,2.0,8.0,IMG_20250915_225640.jpg
2025-09-23 10:50:00,6.0,8.0,9.0,2.0,8.0,IMG_20250915_225640.jpg
2025-09-23 11:00:00,6.0,8.0,9.0,2.0,8.0,IMG_20250915_225640.jpg
2025-09-23 11:10:00,6.0,8.0,9.0,2.0,8.0,IMG_20250915_225640.jpg
2025-09-23 11:20:00,6.0,8.0,9.0,2.0,8.0,IMG_20250915_225640.jpg
2025-09-23 11:30:00,6.0,8.0,9.0,2.0,8.0,IMG_20250915_225640.jpg
2025-09-23 11:40:00,6.0,8.0,9.0,2.0,8.0,IMG_20250915_225640.jpg
2025-09-23 11:50:00,6.0,8.0,9.0,2.0,8.0,IMG_20250915_225640.jpg
2025-09-23 12:00:00,6.0,8.0,9.0,2.0,8.0,IMG_20250915_225640.jpg
2025-09-23 12:10:00,6.0,8.0,9.0,2.0,8.0,IMG_20250915_225640.jpg
2025-09-23 12:20:00,6.0,8.0,9.0,2.0,8.0,IMG_20250915_225640.jpg
2025-09-23 12:30:00,1.0,1.0,1.0,0.0,2.0,IMG_20250916_122205.jpg
2025-09-23 12:40:00,15.0,8.0,8.0,1.0,4.0,IMG_20250916_123219.jpg
2025-09-23 12:50:00,15.0,9.0,10.0,2.0,7.0,IMG_20250916_124229.jpg
2025-09-23 13:00:00,12.0,10.0,11.0,1.0,6.0,IMG_20250916_125239.jpg
2025-09-23 13:10:00,13.0,6.0,8.0,3.0,6.0,IMG_20250916_130250.jpg
2025-09-23 13:20:00,13.0,8.0,10.0,2.0,5.0,IMG_20250916_131300.jpg
2025-09-23 13:30:00,14.0,7.0,9.0,2.0,6.0,IMG_20250916_132311.jpg
2025-09-23 13:40:00,13.0,7.0,9.0,1.0,7.0,IMG_20250916_133324.jpg
2025-09-23 13:50:00,13.0,8.0,9.0,0.0,8.0,IMG_20250916_134334.jpg
2025-09-23 14:00:00,13.0,7.0,8.0,2.0,9.0,IMG_20250916_135345.jpg
2025-09-23 14:10:00,10.0,8.0,9.0,1.0,8.0,IMG_20250916_140355.jpg
2025-09-23 14:20:00,13.0,8.0,10.0,0.0,8.0,IMG_20250916_141406.jpg
2025-09-23 14:30:00,10.0,10.0,13.0,1.0,7.0,IMG_20250916_142416.jpg
2025-09-23 14:40:00,9.0,8.0,9.0,1.0,10.0,IMG_20250916_143439.jpg
2025-09-23 14:50:00,10.0,8.0,11.0,2.0,9.0,IMG_20250916_144450.jpg
2025-09-23 15:00:00,10.0,9.0,9.0,3.0,10.0,IMG_20250916_145500.jpg
2025-09-23 15:10:00,10.0,10.0,10.0,6.0,14.0,IMG_20250916_150511.jpg
2025-09-23 15:20:00,9.0,8.0,8.0,5.0,10.0,IMG_20250916_151522.jpg
2025-09-23 15:30:00,11.0,8.0,9.0,3.0,7.0,IMG_20250916_152533.jpg
2025-09-23 15:40:00,11.0,11.0,12.0,2.0,7.0,IMG_20250916_153546.jpg
2025-09-23 15:50:00,11.0,10.0,10.0,4.0,10.0,IMG_20250916_154558.jpg
2025-09-23 16:00:00,4.0,4.0,8.0,2.0,11.0,IMG_20250916_155612.jpg
2025-09-23 16:10:00,4.0,4.0,8.0,2.0,9.0,IMG_20250916_160622.jpg
2025-09-23 16:20:00,2.0,4.0,8.0,1.0,8.0,IMG_20250916_161633.jpg
2025-09-23 16:30:00,4.0,4.0,8.0,2.0,8.0,IMG_20250916_162642.jpg
2025-09-23 16:40:00,4.0,6.0,10.0,3.0,9.0,IMG_20250916_163653.jpg
2025-09-23 16:50:00,3.0,6.0,9.0,2.0,9.0,IMG_20250916_164703.jpg
2025-09-23 17:00:00,4.0,5.0,7.0,1.0,8.0,IMG_20250916_165713.jpg
2025-09-23 17:10:00,1.0,5.0,8.0,1.0,7.0,IMG_20250916_170723.jpg
2025-09-23 17:20:00,1.0,5.0,8.0,1.0,8.0,IMG_20250916_171733.jpg
2025-09-23 17:30:00,4.0,9.0,10.0,2.0,9.0,IMG_20250916_172743.jpg
2025-09-23 17:40:00,10.0,8.0,9.0,2.0,6.0,IMG_20250916_173755.jpg
2025-09-23 17:50:00,10.0,7.0,8.0,1.0,8.0,IMG_20250916_174807.jpg
2025-09-23 18:00:00,2.0,5.0,8.0,0.0,8.0,IMG_20250916_175817.jpg
2025-09-23 18:10:00,1.0,8.0,11.0,0.0,9.0,IMG_20250916_180828.jpg
2025-09-23 18:20:00,1.0,7.0,10.0,0.0,10.0,IMG_20250916_181838.jpg
2025-09-23 18:30:00,1.0,6.0,10.0,0.0,10.0,IMG_20250916_182849.jpg
2025-09-23 18:40:00,1.0,7.0,11.0,0.0,10.0,IMG_20250916_183901.jpg
2025-09-23 18:50:00,1.0,7.0,11.0,0.0,10.0,IMG_20250916_184912.jpg
2025-09-23 19:00:00,1.0,4.0,8.0,0.0,10.0,IMG_20250916_185923.jpg
2025-09-23 19:10:00,1.0,6.0,10.0,0.0,10.0,IMG_20250916_190933.jpg
2025-09-23 19:20:00,1.0,5.0,9.0,0.0,11.0,IMG_20250916_191943.jpg
2025-09-23 19:30:00,5.0,5.0,7.0,0.0,9.0,IMG_20250916_192953.jpg
2025-09-23 19:40:00,5.0,5.0,7.0,0.0,9.0,IMG_20250916_192953.jpg
2025-09-23 19:50:00,2.0,7.0,9.0,0.0,9.0,IMG_20250916_194005.jpg
2025-09-23 20:00:00,5.0,5.0,6.0,0.0,9.0,IMG_20250916_195015.jpg
2025-09-23 20:10:00,7.0,9.0,10.0,0.0,7.0,IMG_20250916_200024.jpg
2025-09-23 20:20:00,5.0,7.0,8.0,1.0,7.0,IMG_20250916_201035.jpg
2025-09-23 20:30:00,4.0,7.0,8.0,0.0,6.0,IMG_20250916_202044.jpg
2025-09-23 20:40:00,5.0,7.0,8.0,1.0,7.0,IMG_20250916_203054.jpg
2025-09-23 20:50:00,5.0,8.0,9.0,0.0,12.0,IMG_20250916_204105.jpg
2025-09-23 21:00:00,5.0,9.0,9.0,2.0,8.0,IMG_20250916_205115.jpg
2025-09-23 21:10:00,5.0,13.0,13.0,0.0,8.0,IMG_20250916_210126.jpg
2025-09-23 21:20:00,8.0,10.0,11.0,2.0,9.0,IMG_20250916_211136.jpg
2025-09-23 21:30:00,8.0,12.0,13.0,3.0,9.0,IMG_20250916_212146.jpg
2025-09-23 21:40:00,7.0,8.0,8.0,0.0,6.0,IMG_20250916_213156.jpg
2025-09-23 21:50:00,7.0,8.0,8.0,0.0,7.0,IMG_20250916_214207.jpg
2025-09-23 22:00:00,3.0,9.0,9.0,1.0,7.0,IMG_20250916_215219.jpg
2025-09-23 22:10:00,5.0,8.0,9.0,0.0,7.0,IMG_20250916_220228.jpg
2025-09-23 22:20:00,7.0,9.0,10.0,0.0,8.0,IMG_20250916_221238.jpg
2025-09-23 22:30:00,7.0,10.0,11.0,2.0,9.0,IMG_20250916_222248.jpg
2025-09-23 22:40:00,5.0,11.0,12.0,0.0,8.0,IMG_20250916_223258.jpg
2025-09-23 22:50:00,7.0,10.0,11.0,2.0,8.0,IMG_20250916_224309.jpg
2025-09-23 23:00:00,5.0,10.0,11.0,1.0,9.0,IMG_20250916_225318.jpg
2025-09-23 23:10:00,5.0,10.0,11.0,1.0,9.0,IMG_20250916_225318.jpg
2025-09-23 23:20:00,5.0,10.0,11.0,1.0,9.0,IMG_20250916_225318.jpg
2025-09-23 23:30:00,5.0,10.0,11.0,1.0,9.0,IMG_20250916_225318.jpg
2025-09-23 23:40:00,5.0,10.0,11.0,1.0,9.0,IMG_20250916_225318.jpg
2025-09-23 23:50:00,5.0,10.0,11.0,1.0,9.0,IMG_20250916_225318.jpg
2025-09-24 00:00:00,5.0,10.0,11.0,1.0,9.0,IMG_20250916_225318.jpg
2025-09-24 00:10:00,5.0,10.0,11.0,1.0,9.0,IMG_20250916_225318.jpg
2025-09-24 00:20:00,5.0,10.0,11.0,1.0,9.0,IMG_20250916_225318.jpg
2025-09-24 00:30:00,5.0,10.0,11.0,1.0,9.0,IMG_20250916_225318.jpg
2025-09-24 00:40:00,5.0,10.0,11.0,1.0,9.0,IMG_20250916_225318.jpg
2025-09-24 00:50:00,5.0,10.0,11.0,1.0,9.0,IMG_20250916_225318.jpg
2025-09-24 01:00:00,5.0,10.0,11.0,1.0,9.0,IMG_20250916_225318.jpg
2025-09-24 01:10:00,5.0,10.0,11.0,1.0,9.0,IMG_20250916_225318.jpg
2025-09-24 01:20:00,5.0,10.0,11.0,1.0,9.0,IMG_20250916_225318.jpg
2025-09-24 01:30:00,5.0,10.0,11.0,1.0,9.0,IMG_20250916_225318.jpg
2025-09-24 01:40:00,5.0,10.0,11.0,1.0,9.0,IMG_20250916_225318.jpg
2025-09-24 01:50:00,5.0,10.0,11.0,1.0,9.0,IMG_20250916_225318.jpg
2025-09-24 02:00:00,5.0,10.0,11.0,1.0,9.0,IMG_20250916_225318.jpg
2025-09-24 02:10:00,5.0,10.0,11.0,1.0,9.0,IMG_20250916_225318.jpg
2025-09-24 02:20:00,5.0,10.0,11.0,1.0,9.0,IMG_20250916_225318.jpg
2025-09-24 02:30:00,5.0,10.0,11.0,1.0,9.0,IMG_20250916_225318.jpg
2025-09-24 02:40:00,5.0,10.0,11.0,1.0,9.0,IMG_20250916_225318.jpg
2025-09-24 02:50:00,5.0,10.0,11.0,1.0,9.0,IMG_20250916_225318.jpg
2025-09-24 03:00:00,5.0,10.0,11.0,1.0,9.0,IMG_20250916_225318.jpg
2025-09-24 03:10:00,5.0,10.0,11.0,1.0,9.0,IMG_20250916_225318.jpg
2025-09-24 03:20:00,5.0,10.0,11.0,1.0,9.0,IMG_20250916_225318.jpg
2025-09-24 03:30:00,5.0,10.0,11.0,1.0,9.0,IMG_20250916_225318.jpg
2025-09-24 03:40:00,5.0,10.0,11.0,1.0,9.0,IMG_20250916_225318.jpg
2025-09-24 03:50:00,5.0,10.0,11.0,1.0,9.0,IMG_20250916_225318.jpg
2025-09-24 04:00:00,5.0,10.0,11.0,1.0,9.0,IMG_20250916_225318.jpg
2025-09-24 04:10:00,5.0,10.0,11.0,1.0,9.0,IMG_20250916_225318.jpg
2025-09-24 04:20:00,5.0,10.0,11.0,1.0,9.0,IMG_20250916_225318.jpg
2025-09-24 04:30:00,5.0,10.0,11.0,1.0,9.0,IMG_20250916_225318.jpg
2025-09-24 04:40:00,5.0,10.0,11.0,1.0,9.0,IMG_20250916_225318.jpg
2025-09-24 04:50:00,5.0,10.0,11.0,1.0,9.0,IMG_20250916_225318.jpg
2025-09-24 05:00:00,5.0,10.0,11.0,1.0,9.0,IMG_20250916_225318.jpg
2025-09-24 05:10:00,5.0,10.0,11.0,1.0,9.0,IMG_20250916_225318.jpg
2025-09-24 05:20:00,5.0,10.0,11.0,1.0,9.0,IMG_20250916_225318.jpg
2025-09-24 05:30:00,5.0,10.0,11.0,1.0,9.0,IMG_20250916_225318.jpg
2025-09-24 05:40:00,5.0,10.0,11.0,1.0,9.0,IMG_20250916_225318.jpg
2025-09-24 05:50:00,5.0,10.0,11.0,1.0,9.0,IMG_20250916_225318.jpg
2025-09-24 06:00:00,5.0,10.0,11.0,1.0,9.0,IMG_20250916_225318.jpg
2025-09-24 06:10:00,5.0,10.0,11.0,1.0,9.0,IMG_20250916_225318.jpg
2025-09-24 06:20:00,5.0,10.0,11.0,1.0,9.0,IMG_20250916_225318.jpg
2025-09-24 06:30:00,5.0,10.0,11.0,1.0,9.0,IMG_20250916_225318.jpg
2025-09-24 06:40:00,5.0,10.0,11.0,1.0,9.0,IMG_20250916_225318.jpg
2025-09-24 06:50:00,5.0,10.0,11.0,1.0,9.0,IMG_20250916_225318.jpg
2025-09-24 07:00:00,5.0,10.0,11.0,1.0,9.0,IMG_20250916_225318.jpg
2025-09-24 07:10:00,5.0,10.0,11.0,1.0,9.0,IMG_20250916_225318.jpg
2025-09-24 07:20:00,3.0,5.0,8.0,0.0,0.0,IMG_20251001_071003.jpg
2025-09-24 07:30:00,1.0,4.0,7.0,0.0,1.0,IMG_20251001_072016.jpg
2025-09-24 07:40:00,2.0,4.0,7.0,0.0,1.0,IMG_20251001_073027.jpg
2025-09-24 07:50:00,3.0,5.0,8.0,0.0,1.0,IMG_20251001_074037.jpg
2025-09-24 08:00:00,4.0,4.0,7.0,0.0,1.0,IMG_20251001_075049.jpg
2025-09-24 08:10:00,4.0,5.0,8.0,0.0,1.0,IMG_20251001_080059.jpg
2025-09-24 08:20:00,3.0,4.0,7.0,0.0,1.0,IMG_20251001_081109.jpg
2025-09-24 08:30:00,0.0,3.0,7.0,0.0,4.0,IMG_20251001_082121.jpg
2025-09-24 08:40:00,0.0,3.0,7.0,0.0,3.0,IMG_20251001_083133.jpg
2025-09-24 08:50:00,0.0,3.0,7.0,0.0,3.0,IMG_20251001_084147.jpg
2025-09-24 09:00:00,0.0,3.0,7.0,0.0,1.0,IMG_20251001_085159.jpg
2025-09-24 09:10:00,0.0,3.0,7.0,0.0,2.0,IMG_20251001_090211.jpg
2025-09-24 09:20:00,0.0,3.0,7.0,0.0,2.0,IMG_20251001_091223.jpg
2025-09-24 09:30:00,0.0,3.0,7.0,0.0,2.0,IMG_20251001_092235.jpg
2025-09-24 09:40:00,0.0,3.0,7.0,0.0,3.0,IMG_20251001_093246.jpg
2025-09-24 09:50:00,0.0,4.0,8.0,0.0,2.0,IMG_20251001_094256.jpg
2025-09-24 10:00:00,1.0,2.0,7.0,0.0,4.0,IMG_20251001_095309.jpg
2025-09-24 10:10:00,1.0,2.0,7.0,0.0,3.0,IMG_20251001_100322.jpg
2025-09-24 10:20:00,1.0,2.0,7.0,0.0,3.0,IMG_20251001_101333.jpg
2025-09-24 10:30:00,1.0,2.0,7.0,0.0,3.0,IMG_20251001_102345.jpg
2025-09-24 10:40:00,1.0,2.0,7.0,0.0,3.0,IMG_20251001_103357.jpg
2025-09-24 10:50:00,1.0,2.0,7.0,0.0,3.0,IMG_20251001_104408.jpg
2025-09-24 11:00:00,1.0,2.0,7.0,0.0,1.0,IMG_20251001_105421.jpg
2025-09-24 11:10:00,8.0,5.0,7.0,1.0,3.0,IMG_20251001_110438.jpg
2025-09-24 11:20:00,6.0,4.0,7.0,2.0,3.0,IMG_20251001_111448.jpg
2025-09-24 11:30:00,8.0,6.0,9.0,1.0,4.0,IMG_20251001_112500.jpg
2025-09-24 11:40:00,3.0,5.0,8.0,0.0,3.0,IMG_20251001_113512.jpg
2025-09-24 11:50:00,4.0,6.0,9.0,0.0,3.0,IMG_20251001_114523.jpg
2025-09-24 12:00:00,3.0,5.0,8.0,1.0,6.0,IMG_20251001_115534.jpg
2025-09-24 12:10:00,0.0,5.0,8.0,0.0,4.0,IMG_20251001_120544.jpg
2025-09-24 12:20:00,0.0,5.0,8.0,0.0,4.0,IMG_20251001_121555.jpg
2025-09-24 12:30:00,5.0,5.0,8.0,1.0,4.0,IMG_20251001_122606.jpg
2025-09-24 12:40:00,6.0,5.0,8.0,3.0,4.0,IMG_20251001_123617.jpg
2025-09-24 12:50:00,12.0,7.0,8.0,2.0,6.0,IMG_20251001_124628.jpg
2025-09-24 13:00:00,11.0,7.0,8.0,1.0,7.0,IMG_20251001_125640.jpg
2025-09-24 13:10:00,13.0,6.0,8.0,3.0,8.0,IMG_20251001_130651.jpg
2025-09-24 13:20:00,9.0,6.0,8.0,1.0,9.0,IMG_20251001_131704.jpg
2025-09-24 13:30:00,10.0,5.0,7.0,2.0,8.0,IMG_20251001_132714.jpg
2025-09-24 13:40:00,10.0,6.0,7.0,1.0,5.0,IMG_20251001_133727.jpg
2025-09-24 13:50:00,9.0,7.0,8.0,3.0,9.0,IMG_20251001_134737.jpg
2025-09-24 14:00:00,11.0,7.0,8.0,0.0,6.0,IMG_20251001_135750.jpg
2025-09-24 14:10:00,14.0,7.0,8.0,1.0,7.0,IMG_20251001_140801.jpg
2025-09-24 14:20:00,9.0,9.0,10.0,2.0,9.0,IMG_20251001_141812.jpg
2025-09-24 14:30:00,9.0,7.0,7.0,3.0,6.0,IMG_20251001_142822.jpg
2025-09-24 14:40:00,10.0,7.0,8.0,1.0,4.0,IMG_20251001_143834.jpg
2025-09-24 14:50:00,10.0,7.0,8.0,2.0,5.0,IMG_20251001_144845.jpg
2025-09-24 15:00:00,10.0,8.0,9.0,1.0,5.0,IMG_20251001_145858.jpg
2025-09-24 15:10:00,11.0,7.0,7.0,1.0,6.0,IMG_20251001_150909.jpg
2025-09-24 15:20:00,11.0,7.0,8.0,2.0,7.0,IMG_20251001_151920.jpg
2025-09-24 15:30:00,9.0,7.0,8.0,1.0,5.0,IMG_20251001_152932.jpg
2025-09-24 15:40:00,11.0,7.0,8.0,5.0,8.0,IMG_20251001_153944.jpg
2025-09-24 15:50:00,12.0,7.0,8.0,4.0,9.0,IMG_20251001_154955.jpg
2025-09-24 16:00:00,12.0,7.0,8.0,4.0,9.0,IMG_20251001_154955.jpg
2025-09-24 16:10:00,6.0,7.0,8.0,2.0,7.0,IMG_20251001_160007.jpg
2025-09-24 16:20:00,5.0,6.0,7.0,3.0,4.0,IMG_20251001_161018.jpg
2025-09-24 16:30:00,10.0,7.0,8.0,2.0,8.0,IMG_20251001_162029.jpg
2025-09-24 16:40:00,12.0,7.0,7.0,6.0,8.0,IMG_20251001_163039.jpg
2025-09-24 16:50:00,6.0,6.0,7.0,1.0,7.0,IMG_20251001_164051.jpg
2025-09-24 17:00:00,5.0,7.0,8.0,0.0,5.0,IMG_20251001_165101.jpg
2025-09-24 17:10:00,6.0,6.0,7.0,0.0,5.0,IMG_20251001_170112.jpg
2025-09-24 17:20:00,6.0,6.0,7.0,0.0,5.0,IMG_20251001_171124.jpg
2025-09-24 17:30:00,5.0,6.0,7.0,1.0,5.0,IMG_20251001_172136.jpg
2025-09-24 17:40:00,4.0,7.0,9.0,0.0,7.0,IMG_20251001_173147.jpg
2025-09-24 17:50:00,4.0,7.0,8.0,0.0,5.0,IMG_20251001_174158.jpg
2025-09-24 18:00:00,2.0,6.0,7.0,0.0,5.0,IMG_20251001_175210.jpg
2025-09-24 18:10:00,0.0,5.0,7.0,0.0,6.0,IMG_20251001_180223.jpg
2025-09-24 18:20:00,0.0,5.0,7.0,0.0,6.0,IMG_20251001_181234.jpg
2025-09-24 18:30:00,1.0,5.0,7.0,0.0,6.0,IMG_20251001_182245.jpg
2025-09-24 18:40:00,0.0,5.0,7.0,0.0,7.0,IMG_20251001_183256.jpg
2025-09-24 18:50:00,0.0,3.0,7.0,0.0,6.0,IMG_20251001_184306.jpg
2025-09-24 19:00:00,0.0,3.0,7.0,0.0,7.0,IMG_20251001_185317.jpg
2025-09-24 19:10:00,0.0,3.0,7.0,0.0,6.0,IMG_20251001_190328.jpg
2025-09-24 19:20:00,0.0,3.0,7.0,0.0,7.0,IMG_20251001_191339.jpg
2025-09-24 19:30:00,0.0,3.0,7.0,0.0,6.0,IMG_20251001_192351.jpg
2025-09-24 19:40:00,0.0,3.0,7.0,0.0,7.0,IMG_20251001_193402.jpg
2025-09-24 19:50:00,5.0,4.0,7.0,1.0,4.0,IMG_20251001_194413.jpg
2025-09-24 20:00:00,5.0,4.0,7.0,1.0,5.0,IMG_20251001_195424.jpg
2025-09-24 20:10:00,4.0,4.0,7.0,0.0,4.0,IMG_20251001_200436.jpg
2025-09-24 20:20:00,4.0,5.0,8.0,0.0,6.0,IMG_20251001_201447.jpg
2025-09-24 20:30:00,5.0,3.0,7.0,1.0,4.0,IMG_20251001_202458.jpg
2025-09-24 20:40:00,5.0,3.0,7.0,0.0,4.0,IMG_20251001_203509.jpg
2025-09-24 20:50:00,5.0,3.0,7.0,4.0,7.0,IMG_20251001_204521.jpg
2025-09-24 21:00:00,3.0,3.0,7.0,1.0,6.0,IMG_20251001_205531.jpg
2025-09-24 21:10:00,4.0,3.0,7.0,1.0,3.0,IMG_20251001_210546.jpg
2025-09-24 21:20:00,6.0,4.0,7.0,3.0,5.0,IMG_20251001_211557.jpg
2025-09-24 21:30:00,6.0,3.0,7.0,1.0,5.0,IMG_20251001_212609.jpg
2025-09-24 21:40:00,4.0,4.0,8.0,0.0,5.0,IMG_20251001_213620.jpg
2025-09-24 21:50:00,4.0,3.0,8.0,0.0,3.0,IMG_20251001_214631.jpg
2025-09-24 22:00:00,5.0,3.0,7.0,1.0,5.0,IMG_20251001_215641.jpg
2025-09-24 22:10:00,6.0,3.0,7.0,1.0,5.0,IMG_20251001_220653.jpg
2025-09-24 22:20:00,5.0,5.0,9.0,0.0,4.0,IMG_20251001_221704.jpg
2025-09-24 22:30:00,6.0,4.0,8.0,2.0,4.0,IMG_20251001_222715.jpg
2025-09-24 22:40:00,5.0,3.0,7.0,3.0,7.0,IMG_20251001_223725.jpg
2025-09-24 22:50:00,5.0,3.0,8.0,2.0,5.0,IMG_20251001_224735.jpg
2025-09-24 23:00:00,3.0,4.0,8.0,0.0,6.0,IMG_20251001_225747.jpg
2025-09-24 23:10:00,3.0,4.0,8.0,0.0,6.0,IMG_20251001_225747.jpg
2025-09-24 23:20:00,3.0,4.0,8.0,0.0,6.0,IMG_20251001_225747.jpg
2025-09-24 23:30:00,3.0,4.0,8.0,0.0,6.0,IMG_20251001_225747.jpg
2025-09-24 23:40:00,3.0,4.0,8.0,0.0,6.0,IMG_20251001_225747.jpg
2025-09-24 23:50:00,3.0,4.0,8.0,0.0,6.0,IMG_20251001_225747.jpg
2025-09-25 00:00:00,3.0,4.0,8.0,0.0,6.0,IMG_20251001_225747.jpg
2025-09-25 00:10:00,3.0,4.0,8.0,0.0,6.0,IMG_20251001_225747.jpg
2025-09-25 00:20:00,3.0,4.0,8.0,0.0,6.0,IMG_20251001_225747.jpg
2025-09-25 00:30:00,3.0,4.0,8.0,0.0,6.0,IMG_20251001_225747.jpg
2025-09-25 00:40:00,3.0,4.0,8.0,0.0,6.0,IMG_20251001_225747.jpg
2025-09-25 00:50:00,3.0,4.0,8.0,0.0,6.0,IMG_20251001_225747.jpg
2025-09-25 01:00:00,3.0,4.0,8.0,0.0,6.0,IMG_20251001_225747.jpg
2025-09-25 01:10:00,3.0,4.0,8.0,0.0,6.0,IMG_20251001_225747.jpg
2025-09-25 01:20:00,3.0,4.0,8.0,0.0,6.0,IMG_20251001_225747.jpg
2025-09-25 01:30:00,3.0,4.0,8.0,0.0,6.0,IMG_20251001_225747.jpg
2025-09-25 01:40:00,3.0,4.0,8.0,0.0,6.0,IMG_20251001_225747.jpg
2025-09-25 01:50:00,3.0,4.0,8.0,0.0,6.0,IMG_20251001_225747.jpg
2025-09-25 02:00:00,3.0,4.0,8.0,0.0,6.0,IMG_20251001_225747.jpg
2025-09-25 02:10:00,3.0,4.0,8.0,0.0,6.0,IMG_20251001_225747.jpg
2025-09-25 02:20:00,3.0,4.0,8.0,0.0,6.0,IMG_20251001_225747.jpg
2025-09-25 02:30:00,3.0,4.0,8.0,0.0,6.0,IMG_20251001_225747.jpg
2025-09-25 02:40:00,3.0,4.0,8.0,0.0,6.0,IMG_20251001_225747.jpg
2025-09-25 02:50:00,3.0,4.0,8.0,0.0,6.0,IMG_20251001_225747.jpg
2025-09-25 03:00:00,3.0,4.0,8.0,0.0,6.0,IMG_20251001_225747.jpg
2025-09-25 03:10:00,3.0,4.0,8.0,0.0,6.0,IMG_20251001_225747.jpg
2025-09-25 03:20:00,3.0,4.0,8.0,0.0,6.0,IMG_20251001_225747.jpg
2025-09-25 03:30:00,3.0,4.0,8.0,0.0,6.0,IMG_20251001_225747.jpg
2025-09-25 03:40:00,3.0,4.0,8.0,0.0,6.0,IMG_20251001_225747.jpg
2025-09-25 03:50:00,3.0,4.0,8.0,0.0,6.0,IMG_20251001_225747.jpg
2025-09-25 04:00:00,3.0,4.0,8.0,0.0,6.0,IMG_20251001_225747.jpg
2025-09-25 04:10:00,3.0,4.0,8.0,0.0,6.0,IMG_20251001_225747.jpg
2025-09-25 04:20:00,3.0,4.0,8.0,0.0,6.0,IMG_20251001_225747.jpg
2025-09-25 04:30:00,3.0,4.0,8.0,0.0,6.0,IMG_20251001_225747.jpg
2025-09-25 04:40:00,3.0,4.0,8.0,0.0,6.0,IMG_20251001_225747.jpg
2025-09-25 04:50:00,3.0,4.0,8.0,0.0,6.0,IMG_20251001_225747.jpg
2025-09-25 05:00:00,3.0,4.0,8.0,0.0,6.0,IMG_20251001_225747.jpg
2025-09-25 05:10:00,3.0,4.0,8.0,0.0,6.0,IMG_20251001_225747.jpg
2025-09-25 05:20:00,3.0,4.0,8.0,0.0,6.0,IMG_20251001_225747.jpg
2025-09-25 05:30:00,3.0,4.0,8.0,0.0,6.0,IMG_20251001_225747.jpg
2025-09-25 05:40:00,3.0,4.0,8.0,0.0,6.0,IMG_20251001_225747.jpg
2025-09-25 05:50:00,3.0,4.0,8.0,0.0,6.0,IMG_20251001_225747.jpg
2025-09-25 06:00:00,3.0,4.0,8.0,0.0,6.0,IMG_20251001_225747.jpg
2025-09-25 06:10:00,3.0,4.0,8.0,0.0,6.0,IMG_20251001_225747.jpg
2025-09-25 06:20:00,3.0,4.0,8.0,0.0,6.0,IMG_20251001_225747.jpg
2025-09-25 06:30:00,3.0,4.0,8.0,0.0,6.0,IMG_20251001_225747.jpg
2025-09-25 06:40:00,3.0,4.0,8.0,0.0,6.0,IMG_20251001_225747.jpg
2025-09-25 06:50:00,3.0,4.0,8.0,0.0,6.0,IMG_20251001_225747.jpg
2025-09-25 07:00:00,3.0,4.0,8.0,0.0,6.0,IMG_20251001_225747.jpg
2025-09-25 07:10:00,3.0,4.0,8.0,0.0,6.0,IMG_20251001_225747.jpg
2025-09-25 07:20:00,3.0,4.0,8.0,0.0,6.0,IMG_20251001_225747.jpg
2025-09-25 07:30:00,3.0,4.0,8.0,0.0,6.0,IMG_20251001_225747.jpg
2025-09-25 07:40:00,3.0,4.0,8.0,0.0,6.0,IMG_20251001_225747.jpg
2025-09-25 07:50:00,3.0,4.0,8.0,0.0,6.0,IMG_20251001_225747.jpg
2025-09-25 08:00:00,3.0,4.0,8.0,0.0,6.0,IMG_20251001_225747.jpg
2025-09-25 08:10:00,3.0,4.0,8.0,0.0,6.0,IMG_20251001_225747.jpg
2025-09-25 08:20:00,3.0,4.0,8.0,0.0,6.0,IMG_20251001_225747.jpg
2025-09-25 08:30:00,3.0,4.0,8.0,0.0,6.0,IMG_20251001_225747.jpg
2025-09-25 08:40:00,3.0,4.0,8.0,0.0,6.0,IMG_20251001_225747.jpg
2025-09-25 08:50:00,3.0,4.0,8.0,0.0,6.0,IMG_20251001_225747.jpg
2025-09-25 09:00:00,0.0,0.0,0.0,0.0,1.0,IMG_20250925_085859.jpg
2025-09-25 09:10:00,4.0,3.0,8.0,0.0,5.0,IMG_20250925_090911.jpg
2025-09-25 09:20:00,5.0,4.0,9.0,0.0,5.0,IMG_20250925_091926.jpg
2025-09-25 09:30:00,3.0,3.0,8.0,0.0,4.0,IMG_20250925_092940.jpg
2025-09-25 09:40:00,4.0,3.0,8.0,1.0,5.0,IMG_20250925_093952.jpg
2025-09-25 09:50:00,4.0,3.0,8.0,1.0,5.0,IMG_20250925_093952.jpg
2025-09-25 10:00:00,4.0,3.0,8.0,1.0,5.0,IMG_20250925_095003.jpg
2025-09-25 10:10:00,3.0,3.0,8.0,0.0,5.0,IMG_20250925_100014.jpg
2025-09-25 10:20:00,3.0,3.0,8.0,0.0,7.0,IMG_20250925_101025.jpg
2025-09-25 10:30:00,3.0,3.0,8.0,0.0,6.0,IMG_20250925_102049.jpg
2025-09-25 10:40:00,3.0,3.0,8.0,0.0,7.0,IMG_20250925_103059.jpg
2025-09-25 10:50:00,3.0,4.0,8.0,1.0,9.0,IMG_20250925_104110.jpg
2025-09-25 11:00:00,3.0,4.0,8.0,0.0,6.0,IMG_20250925_105121.jpg
2025-09-25 11:10:00,4.0,4.0,8.0,1.0,5.0,IMG_20250925_110133.jpg
2025-09-25 11:20:00,4.0,4.0,8.0,1.0,6.0,IMG_20250925_111145.jpg
2025-09-25 11:30:00,4.0,4.0,8.0,1.0,6.0,IMG_20250925_112157.jpg
2025-09-25 11:40:00,4.0,4.0,8.0,0.0,7.0,IMG_20250925_113208.jpg
2025-09-25 11:50:00,4.0,3.0,8.0,1.0,5.0,IMG_20250925_114219.jpg
2025-09-25 12:00:00,0.0,2.0,8.0,0.0,8.0,IMG_20250925_115231.jpg
2025-09-25 12:10:00,6.0,7.0,8.0,1.0,4.0,IMG_20250925_120242.jpg
2025-09-25 12:20:00,9.0,7.0,8.0,3.0,4.0,IMG_20250925_121255.jpg
2025-09-25 12:30:00,7.0,7.0,8.0,1.0,9.0,IMG_20250925_122306.jpg
2025-09-25 12:40:00,12.0,9.0,9.0,0.0,6.0,IMG_20250925_123317.jpg
2025-09-25 12:50:00,16.0,9.0,9.0,2.0,8.0,IMG_20250925_124327.jpg
2025-09-25 13:00:00,11.0,9.0,9.0,2.0,7.0,IMG_20250925_125339.jpg
2025-09-25 13:10:00,9.0,7.0,9.0,0.0,2.0,IMG_20250925_130350.jpg
2025-09-25 13:20:00,1.0,5.0,8.0,0.0,4.0,IMG_20250925_131402.jpg
2025-09-25 13:30:00,2.0,5.0,8.0,0.0,6.0,IMG_20250925_132412.jpg
2025-09-25 13:40:00,2.0,6.0,8.0,0.0,5.0,IMG_20250925_133422.jpg
2025-09-25 13:50:00,3.0,6.0,8.0,2.0,6.0,IMG_20250925_134433.jpg
2025-09-25 14:00:00,3.0,6.0,8.0,1.0,6.0,IMG_20250925_135444.jpg
2025-09-25 14:10:00,3.0,6.0,8.0,1.0,7.0,IMG_20250925_140455.jpg
2025-09-25 14:20:00,3.0,6.0,8.0,2.0,9.0,IMG_20250925_141507.jpg
2025-09-25 14:30:00,4.0,7.0,8.0,2.0,6.0,IMG_20250925_142517.jpg
2025-09-25 14:40:00,4.0,6.0,8.0,1.0,5.0,IMG_20250925_143528.jpg
2025-09-25 14:50:00,4.0,6.0,8.0,0.0,6.0,IMG_20250925_144538.jpg
2025-09-25 15:00:00,2.0,2.0,8.0,0.0,6.0,IMG_20250925_145549.jpg
2025-09-25 15:10:00,0.0,1.0,8.0,0.0,7.0,IMG_20250925_150605.jpg
2025-09-25 15:20:00,0.0,1.0,8.0,0.0,7.0,IMG_20250925_151616.jpg
2025-09-25 15:30:00,1.0,1.0,8.0,0.0,5.0,IMG_20250925_152628.jpg
2025-09-25 15:40:00,1.0,1.0,8.0,0.0,6.0,IMG_20250925_153639.jpg
2025-09-25 15:50:00,0.0,1.0,8.0,0.0,5.0,IMG_20250925_154651.jpg
2025-09-25 16:00:00,1.0,1.0,8.0,0.0,5.0,IMG_20250925_155703.jpg
2025-09-25 16:10:00,1.0,1.0,8.0,1.0,7.0,IMG_20250925_160715.jpg
2025-09-25 16:20:00,1.0,1.0,8.0,1.0,5.0,IMG_20250925_161727.jpg
2025-09-25 16:30:00,2.0,1.0,8.0,1.0,7.0,IMG_20250925_162740.jpg
2025-09-25 16:40:00,2.0,1.0,8.0,1.0,6.0,IMG_20250925_163753.jpg
2025-09-25 16:50:00,2.0,1.0,8.0,1.0,7.0,IMG_20250925_164806.jpg
2025-09-25 17:00:00,1.0,1.0,8.0,1.0,7.0,IMG_20250925_165817.jpg
2025-09-25 17:10:00,2.0,0.0,0.0,0.0,1.0,IMG_20250925_170829.jpg
2025-09-25 17:20:00,3.0,0.0,3.0,0.0,2.0,IMG_20250925_171150.jpg
2025-09-25 17:30:00,0.0,1.0,8.0,0.0,2.0,IMG_20250925_172201.jpg
2025-09-25 17:40:00,0.0,1.0,8.0,0.0,4.0,IMG_20250925_173212.jpg
2025-09-25 17:50:00,0.0,1.0,8.0,0.0,3.0,IMG_20250925_174223.jpg
2025-09-25 18:00:00,0.0,1.0,8.0,0.0,5.0,IMG_20250925_175233.jpg
2025-09-25 18:10:00,0.0,0.0,8.0,0.0,2.0,IMG_20250925_180244.jpg
2025-09-25 18:20:00,1.0,2.0,8.0,0.0,5.0,IMG_20250925_181257.jpg
2025-09-25 18:30:00,1.0,2.0,8.0,0.0,5.0,IMG_20250925_182309.jpg
2025-09-25 18:40:00,1.0,2.0,8.0,0.0,4.0,IMG_20250925_183319.jpg
2025-09-25 18:50:00,0.0,2.0,8.0,0.0,5.0,IMG_20250925_184331.jpg
2025-09-25 19:00:00,1.0,2.0,8.0,0.0,5.0,IMG_20250925_185342.jpg
2025-09-25 19:10:00,2.0,3.0,8.0,1.0,5.0,IMG_20250925_190352.jpg
2025-09-25 19:20:00,2.0,4.0,8.0,1.0,6.0,IMG_20250925_191401.jpg
2025-09-25 19:30:00,3.0,4.0,8.0,0.0,4.0,IMG_20250925_192411.jpg
2025-09-25 19:40:00,1.0,4.0,8.0,0.0,3.0,IMG_20250925_193426.jpg
2025-09-25 19:50:00,1.0,5.0,8.0,0.0,5.0,IMG_20250925_194436.jpg
2025-09-25 20:00:00,0.0,5.0,8.0,0.0,6.0,IMG_20250925_195447.jpg
2025-09-25 20:10:00,0.0,5.0,8.0,0.0,6.0,IMG_20250925_200457.jpg
2025-09-25 20:20:00,2.0,5.0,8.0,0.0,5.0,IMG_20250925_201508.jpg
2025-09-25 20:30:00,1.0,5.0,7.0,0.0,6.0,IMG_20250925_202520.jpg
2025-09-25 20:40:00,1.0,6.0,8.0,0.0,4.0,IMG_20250925_203531.jpg
2025-09-25 20:50:00,2.0,5.0,7.0,0.0,6.0,IMG_20250925_204542.jpg
2025-09-25 21:00:00,2.0,7.0,8.0,0.0,4.0,IMG_20250925_205553.jpg
2025-09-25 21:10:00,4.0,6.0,8.0,1.0,3.0,IMG_20250925_210603.jpg
2025-09-25 21:20:00,4.0,6.0,8.0,0.0,5.0,IMG_20250925_211613.jpg
2025-09-25 21:30:00,5.0,7.0,8.0,1.0,6.0,IMG_20250925_212627.jpg
2025-09-25 21:40:00,6.0,6.0,8.0,0.0,2.0,IMG_20250925_213637.jpg
2025-09-25 21:50:00,5.0,7.0,8.0,0.0,2.0,IMG_20250925_214647.jpg
2025-09-25 22:00:00,4.0,7.0,8.0,0.0,4.0,IMG_20250925_215658.jpg
2025-09-25 22:10:00,5.0,7.0,8.0,0.0,3.0,IMG_20250925_220712.jpg
2025-09-25 22:20:00,4.0,7.0,8.0,0.0,5.0,IMG_20250925_221723.jpg
2025-09-25 22:30:00,4.0,7.0,8.0,0.0,3.0,IMG_20250925_222733.jpg
2025-09-25 22:40:00,2.0,7.0,8.0,0.0,5.0,IMG_20250925_223743.jpg
2025-09-25 22:50:00,2.0,7.0,8.0,0.0,5.0,IMG_20250925_224754.jpg
2025-09-25 23:00:00,4.0,7.0,8.0,0.0,4.0,IMG_20250925_225804.jpg
2025-09-25 23:10:00,4.0,7.0,8.0,0.0,4.0,IMG_20250925_225804.jpg
2025-09-25 23:20:00,4.0,7.0,8.0,0.0,4.0,IMG_20250925_225804.jpg
2025-09-25 23:30:00,4.0,7.0,8.0,0.0,4.0,IMG_20250925_225804.jpg
2025-09-25 23:40:00,4.0,7.0,8.0,0.0,4.0,IMG_20250925_225804.jpg
2025-09-25 23:50:00,4.0,7.0,8.0,0.0,4.0,IMG_20250925_225804.jpg
2025-09-26 00:00:00,4.0,7.0,8.0,0.0,4.0,IMG_20250925_225804.jpg
2025-09-26 00:10:00,4.0,7.0,8.0,0.0,4.0,IMG_20250925_225804.jpg
2025-09-26 00:20:00,4.0,7.0,8.0,0.0,4.0,IMG_20250925_225804.jpg
2025-09-26 00:30:00,4.0,7.0,8.0,0.0,4.0,IMG_20250925_225804.jpg
2025-09-26 00:40:00,4.0,7.0,8.0,0.0,4.0,IMG_20250925_225804.jpg
2025-09-26 00:50:00,4.0,7.0,8.0,0.0,4.0,IMG_20250925_225804.jpg
2025-09-26 01:00:00,4.0,7.0,8.0,0.0,4.0,IMG_20250925_225804.jpg
2025-09-26 01:10:00,4.0,7.0,8.0,0.0,4.0,IMG_20250925_225804.jpg
2025-09-26 01:20:00,4.0,7.0,8.0,0.0,4.0,IMG_20250925_225804.jpg
2025-09-26 01:30:00,4.0,7.0,8.0,0.0,4.0,IMG_20250925_225804.jpg
2025-09-26 01:40:00,4.0,7.0,8.0,0.0,4.0,IMG_20250925_225804.jpg
2025-09-26 01:50:00,4.0,7.0,8.0,0.0,4.0,IMG_20250925_225804.jpg
2025-09-26 02:00:00,4.0,7.0,8.0,0.0,4.0,IMG_20250925_225804.jpg
2025-09-26 02:10:00,4.0,7.0,8.0,0.0,4.0,IMG_20250925_225804.jpg
2025-09-26 02:20:00,4.0,7.0,8.0,0.0,4.0,IMG_20250925_225804.jpg
2025-09-26 02:30:00,4.0,7.0,8.0,0.0,4.0,IMG_20250925_225804.jpg
2025-09-26 02:40:00,4.0,7.0,8.0,0.0,4.0,IMG_20250925_225804.jpg
2025-09-26 02:50:00,4.0,7.0,8.0,0.0,4.0,IMG_20250925_225804.jpg
2025-09-26 03:00:00,4.0,7.0,8.0,0.0,4.0,IMG_20250925_225804.jpg
2025-09-26 03:10:00,4.0,7.0,8.0,0.0,4.0,IMG_20250925_225804.jpg
2025-09-26 03:20:00,4.0,7.0,8.0,0.0,4.0,IMG_20250925_225804.jpg
2025-09-26 03:30:00,4.0,7.0,8.0,0.0,4.0,IMG_20250925_225804.jpg
2025-09-26 03:40:00,4.0,7.0,8.0,0.0,4.0,IMG_20250925_225804.jpg
2025-09-26 03:50:00,4.0,7.0,8.0,0.0,4.0,IMG_20250925_225804.jpg
2025-09-26 04:00:00,4.0,7.0,8.0,0.0,4.0,IMG_20250925_225804.jpg
2025-09-26 04:10:00,4.0,7.0,8.0,0.0,4.0,IMG_20250925_225804.jpg
2025-09-26 04:20:00,4.0,7.0,8.0,0.0,4.0,IMG_20250925_225804.jpg
2025-09-26 04:30:00,4.0,7.0,8.0,0.0,4.0,IMG_20250925_225804.jpg
2025-09-26 04:40:00,4.0,7.0,8.0,0.0,4.0,IMG_20250925_225804.jpg
2025-09-26 04:50:00,4.0,7.0,8.0,0.0,4.0,IMG_20250925_225804.jpg
2025-09-26 05:00:00,4.0,7.0,8.0,0.0,4.0,IMG_20250925_225804.jpg
2025-09-26 05:10:00,4.0,7.0,8.0,0.0,4.0,IMG_20250925_225804.jpg
2025-09-26 05:20:00,4.0,7.0,8.0,0.0,4.0,IMG_20250925_225804.jpg
2025-09-26 05:30:00,4.0,7.0,8.0,0.0,4.0,IMG_20250925_225804.jpg
2025-09-26 05:40:00,4.0,7.0,8.0,0.0,4.0,IMG_20250925_225804.jpg
2025-09-26 05:50:00,4.0,7.0,8.0,0.0,4.0,IMG_20250925_225804.jpg
2025-09-26 06:00:00,4.0,7.0,8.0,0.0,4.0,IMG_20250925_225804.jpg
2025-09-26 06:10:00,4.0,7.0,8.0,0.0,4.0,IMG_20250925_225804.jpg
2025-09-26 06:20:00,4.0,7.0,8.0,0.0,4.0,IMG_20250925_225804.jpg
2025-09-26 06:30:00,4.0,7.0,8.0,0.0,4.0,IMG_20250925_225804.jpg
2025-09-26 06:40:00,4.0,7.0,8.0,0.0,4.0,IMG_20250925_225804.jpg
2025-09-26 06:50:00,4.0,7.0,8.0,0.0,4.0,IMG_20250925_225804.jpg
2025-09-26 07:00:00,4.0,7.0,8.0,0.0,4.0,IMG_20250925_225804.jpg
2025-09-26 07:10:00,4.0,7.0,8.0,0.0,4.0,IMG_20250925_225804.jpg
2025-09-26 07:20:00,4.0,7.0,8.0,0.0,4.0,IMG_20250925_225804.jpg
2025-09-26 07:30:00,4.0,7.0,8.0,0.0,4.0,IMG_20250925_225804.jpg
2025-09-26 07:40:00,4.0,7.0,8.0,0.0,4.0,IMG_20250925_225804.jpg
2025-09-26 07:50:00,4.0,7.0,8.0,0.0,4.0,IMG_20250925_225804.jpg
2025-09-26 08:00:00,4.0,7.0,8.0,0.0,4.0,IMG_20250925_225804.jpg
2025-09-26 08:10:00,4.0,7.0,8.0,0.0,4.0,IMG_20250925_225804.jpg
2025-09-26 08:20:00,4.0,7.0,8.0,0.0,4.0,IMG_20250925_225804.jpg
2025-09-26 08:30:00,4.0,7.0,8.0,0.0,4.0,IMG_20250925_225804.jpg
2025-09-26 08:40:00,4.0,7.0,8.0,0.0,4.0,IMG_20250925_225804.jpg
2025-09-26 08:50:00,4.0,7.0,8.0,0.0,4.0,IMG_20250925_225804.jpg
2025-09-26 09:00:00,4.0,7.0,8.0,0.0,4.0,IMG_20250925_225804.jpg
2025-09-26 09:10:00,4.0,7.0,8.0,0.0,4.0,IMG_20250925_225804.jpg
2025-09-26 09:20:00,4.0,7.0,8.0,0.0,4.0,IMG_20250925_225804.jpg
2025-09-26 09:30:00,4.0,7.0,8.0,0.0,4.0,IMG_20250925_225804.jpg
2025-09-26 09:40:00,4.0,7.0,8.0,0.0,4.0,IMG_20250925_225804.jpg
2025-09-26 09:50:00,4.0,7.0,8.0,0.0,4.0,IMG_20250925_225804.jpg
2025-09-26 10:00:00,4.0,7.0,8.0,0.0,4.0,IMG_20250925_225804.jpg
2025-09-26 10:10:00,1.0,0.0,0.0,0.0,0.0,IMG_20250926_100349.jpg
2025-09-26 10:20:00,4.0,5.0,8.0,1.0,3.0,IMG_20250926_101400.jpg
2025-09-26 10:30:00,2.0,4.0,8.0,0.0,6.0,IMG_20250926_102411.jpg
2025-09-26 10:40:00,4.0,4.0,8.0,0.0,6.0,IMG_20250926_103422.jpg
2025-09-26 10:50:00,2.0,5.0,8.0,0.0,9.0,IMG_20250926_104433.jpg
2025-09-26 11:00:00,2.0,5.0,8.0,0.0,7.0,IMG_20250926_105444.jpg
2025-09-26 11:10:00,3.0,5.0,8.0,0.0,8.0,IMG_20250926_110455.jpg
2025-09-26 11:20:00,0.0,2.0,8.0,0.0,4.0,IMG_20250926_111506.jpg
2025-09-26 11:30:00,1.0,2.0,7.0,0.0,6.0,IMG_20250926_112516.jpg
2025-09-26 11:40:00,1.0,3.0,8.0,0.0,5.0,IMG_20250926_113532.jpg
2025-09-26 11:50:00,1.0,4.0,8.0,0.0,7.0,IMG_20250926_114543.jpg
2025-09-26 12:00:00,3.0,7.0,10.0,0.0,6.0,IMG_20250926_115554.jpg
2025-09-26 12:10:00,5.0,6.0,8.0,0.0,6.0,IMG_20250926_120605.jpg
2025-09-26 12:20:00,5.0,6.0,8.0,0.0,6.0,IMG_20250926_121618.jpg
2025-09-26 12:30:00,7.0,6.0,8.0,0.0,5.0,IMG_20250926_122628.jpg
2025-09-26 12:40:00,8.0,5.0,7.0,0.0,6.0,IMG_20250926_123638.jpg
2025-09-26 12:50:00,3.0,5.0,8.0,0.0,6.0,IMG_20250926_124649.jpg
2025-09-26 13:00:00,3.0,3.0,8.0,0.0,4.0,IMG_20250926_125701.jpg
2025-09-26 13:10:00,3.0,3.0,8.0,1.0,9.0,IMG_20250926_130712.jpg
2025-09-26 13:20:00,0.0,2.0,8.0,0.0,9.0,IMG_20250926_131724.jpg
2025-09-26 13:30:00,0.0,2.0,8.0,0.0,7.0,IMG_20250926_132738.jpg
2025-09-26 13:40:00,0.0,2.0,8.0,0.0,9.0,IMG_20250926_133750.jpg
2025-09-26 13:50:00,0.0,2.0,8.0,0.0,8.0,IMG_20250926_134801.jpg
2025-09-26 14:00:00,0.0,2.0,8.0,0.0,7.0,IMG_20250926_135813.jpg
2025-09-26 14:10:00,0.0,2.0,8.0,0.0,8.0,IMG_20250926_140826.jpg
2025-09-26 14:20:00,0.0,2.0,8.0,0.0,9.0,IMG_20250926_141839.jpg
2025-09-26 14:30:00,0.0,2.0,8.0,0.0,7.0,IMG_20250926_142852.jpg
2025-09-26 14:40:00,0.0,2.0,9.0,0.0,6.0,IMG_20250926_143903.jpg
2025-09-26 14:50:00,0.0,2.0,8.0,0.0,8.0,IMG_20250926_144913.jpg
2025-09-26 15:00:00,0.0,2.0,8.0,0.0,8.0,IMG_20250926_145924.jpg
2025-09-26 15:10:00,0.0,2.0,9.0,0.0,6.0,IMG_20250926_150934.jpg
2025-09-26 15:20:00,0.0,2.0,9.0,0.0,5.0,IMG_20250926_151945.jpg
2025-09-26 15:30:00,0.0,2.0,9.0,0.0,6.0,IMG_20250926_152957.jpg
2025-09-26 15:40:00,0.0,2.0,9.0,0.0,6.0,IMG_20250926_152957.jpg
2025-09-26 15:50:00,0.0,2.0,9.0,0.0,6.0,IMG_20250926_154008.jpg
2025-09-26 16:00:00,4.0,2.0,8.0,0.0,4.0,IMG_20250926_155021.jpg
2025-09-26 16:10:00,3.0,2.0,8.0,0.0,6.0,IMG_20250926_160031.jpg
2025-09-26 16:20:00,7.0,5.0,9.0,1.0,7.0,IMG_20250926_161042.jpg
2025-09-26 16:30:00,8.0,5.0,8.0,3.0,6.0,IMG_20250926_162055.jpg
2025-09-26 16:40:00,7.0,5.0,8.0,0.0,7.0,IMG_20250926_163106.jpg
2025-09-26 16:50:00,6.0,5.0,8.0,0.0,5.0,IMG_20250926_164116.jpg
2025-09-26 17:00:00,6.0,5.0,8.0,0.0,5.0,IMG_20250926_165126.jpg
2025-09-26 17:10:00,8.0,5.0,8.0,0.0,6.0,IMG_20250926_170137.jpg
2025-09-26 17:20:00,6.0,6.0,8.0,1.0,7.0,IMG_20250926_171147.jpg
2025-09-26 17:30:00,6.0,6.0,8.0,1.0,8.0,IMG_20250926_172157.jpg
2025-09-26 17:40:00,6.0,6.0,8.0,2.0,7.0,IMG_20250926_173208.jpg
2025-09-26 17:50:00,5.0,6.0,8.0,1.0,6.0,IMG_20250926_174218.jpg
2025-09-26 18:00:00,4.0,6.0,8.0,0.0,7.0,IMG_20250926_175228.jpg
2025-09-26 18:10:00,4.0,6.0,8.0,0.0,6.0,IMG_20250926_180240.jpg
2025-09-26 18:20:00,4.0,6.0,8.0,0.0,6.0,IMG_20250926_181250.jpg
2025-09-26 18:30:00,5.0,6.0,7.0,0.0,6.0,IMG_20250926_182301.jpg
2025-09-26 18:40:00,5.0,9.0,9.0,0.0,6.0,IMG_20250926_183312.jpg
2025-09-26 18:50:00,5.0,4.0,7.0,2.0,8.0,IMG_20250926_184323.jpg
2025-09-26 19:00:00,1.0,5.0,7.0,0.0,5.0,IMG_20250926_185334.jpg
2025-09-26 19:10:00,3.0,5.0,7.0,0.0,5.0,IMG_20250926_190345.jpg
2025-09-26 19:20:00,2.0,5.0,7.0,0.0,6.0,IMG_20250926_191357.jpg
2025-09-26 19:30:00,4.0,5.0,6.0,0.0,6.0,IMG_20250926_192409.jpg
2025-09-26 19:40:00,3.0,6.0,7.0,0.0,6.0,IMG_20250926_193420.jpg
2025-09-26 19:50:00,6.0,5.0,7.0,0.0,7.0,IMG_20250926_194436.jpg
2025-09-26 20:00:00,3.0,6.0,9.0,0.0,7.0,IMG_20250926_195447.jpg
2025-09-26 20:10:00,4.0,5.0,7.0,0.0,6.0,IMG_20250926_200457.jpg
2025-09-26 20:20:00,2.0,5.0,7.0,0.0,8.0,IMG_20250926_201509.jpg
2025-09-26 20:30:00,2.0,5.0,7.0,0.0,7.0,IMG_20250926_202520.jpg
2025-09-26 20:40:00,1.0,8.0,10.0,0.0,6.0,IMG_20250926_203541.jpg
2025-09-26 20:50:00,2.0,5.0,7.0,0.0,7.0,IMG_20250926_204556.jpg
2025-09-26 21:00:00,1.0,5.0,7.0,0.0,6.0,IMG_20250926_205609.jpg
2025-09-26 21:10:00,3.0,5.0,7.0,0.0,6.0,IMG_20250926_210620.jpg
2025-09-26 21:20:00,2.0,5.0,7.0,0.0,8.0,IMG_20250926_211632.jpg
2025-09-26 21:30:00,2.0,5.0,7.0,0.0,7.0,IMG_20250926_212643.jpg
2025-09-26 21:40:00,0.0,5.0,7.0,0.0,7.0,IMG_20250926_213653.jpg
2025-09-26 21:50:00,2.0,5.0,7.0,0.0,7.0,IMG_20250926_214703.jpg
2025-09-26 22:00:00,1.0,6.0,7.0,0.0,6.0,IMG_20250926_215714.jpg
2025-09-26 22:10:00,1.0,5.0,7.0,0.0,4.0,IMG_20250926_220725.jpg
2025-09-26 22:20:00,1.0,7.0,8.0,0.0,1.0,IMG_20250926_221737.jpg
2025-09-26 22:30:00,2.0,5.0,7.0,0.0,5.0,IMG_20250926_222748.jpg
2025-09-26 22:40:00,2.0,8.0,10.0,0.0,3.0,IMG_20250926_223800.jpg
2025-09-26 22:50:00,2.0,5.0,7.0,0.0,2.0,IMG_20250926_224810.jpg
2025-09-26 23:00:00,2.0,7.0,9.0,0.0,3.0,IMG_20250926_225824.jpg
2025-09-26 23:10:00,2.0,7.0,9.0,0.0,3.0,IMG_20250926_225824.jpg
2025-09-26 23:20:00,2.0,7.0,9.0,0.0,3.0,IMG_20250926_225824.jpg
2025-09-26 23:30:00,2.0,7.0,9.0,0.0,3.0,IMG_20250926_225824.jpg
2025-09-26 23:40:00,2.0,7.0,9.0,0.0,3.0,IMG_20250926_225824.jpg
2025-09-26 23:50:00,2.0,7.0,9.0,0.0,3.0,IMG_20250926_225824.jpg
2025-09-27 00:00:00,2.0,7.0,9.0,0.0,3.0,IMG_20250926_225824.jpg
2025-09-27 00:10:00,2.0,7.0,9.0,0.0,3.0,IMG_20250926_225824.jpg
2025-09-27 00:20:00,2.0,7.0,9.0,0.0,3.0,IMG_20250926_225824.jpg
2025-09-27 00:30:00,2.0,7.0,9.0,0.0,3.0,IMG_20250926_225824.jpg
2025-09-27 00:40:00,2.0,7.0,9.0,0.0,3.0,IMG_20250926_225824.jpg
2025-09-27 00:50:00,2.0,7.0,9.0,0.0,3.0,IMG_20250926_225824.jpg
2025-09-27 01:00:00,2.0,7.0,9.0,0.0,3.0,IMG_20250926_225824.jpg
2025-09-27 01:10:00,2.0,7.0,9.0,0.0,3.0,IMG_20250926_225824.jpg
2025-09-27 01:20:00,2.0,7.0,9.0,0.0,3.0,IMG_20250926_225824.jpg
2025-09-27 01:30:00,2.0,7.0,9.0,0.0,3.0,IMG_20250926_225824.jpg
2025-09-27 01:40:00,2.0,7.0,9.0,0.0,3.0,IMG_20250926_225824.jpg
2025-09-27 01:50:00,2.0,7.0,9.0,0.0,3.0,IMG_20250926_225824.jpg
2025-09-27 02:00:00,2.0,7.0,9.0,0.0,3.0,IMG_20250926_225824.jpg
2025-09-27 02:10:00,2.0,7.0,9.0,0.0,3.0,IMG_20250926_225824.jpg
2025-09-27 02:20:00,2.0,7.0,9.0,0.0,3.0,IMG_20250926_225824.jpg
2025-09-27 02:30:00,2.0,7.0,9.0,0.0,3.0,IMG_20250926_225824.jpg
2025-09-27 02:40:00,2.0,7.0,9.0,0.0,3.0,IMG_20250926_225824.jpg
2025-09-27 02:50:00,2.0,7.0,9.0,0.0,3.0,IMG_20250926_225824.jpg
2025-09-27 03:00:00,2.0,7.0,9.0,0.0,3.0,IMG_20250926_225824.jpg
2025-09-27 03:10:00,2.0,7.0,9.0,0.0,3.0,IMG_20250926_225824.jpg
2025-09-27 03:20:00,2.0,7.0,9.0,0.0,3.0,IMG_20250926_225824.jpg
2025-09-27 03:30:00,2.0,7.0,9.0,0.0,3.0,IMG_20250926_225824.jpg
2025-09-27 03:40:00,2.0,7.0,9.0,0.0,3.0,IMG_20250926_225824.jpg
2025-09-27 03:50:00,2.0,7.0,9.0,0.0,3.0,IMG_20250926_225824.jpg
2025-09-27 04:00:00,2.0,7.0,9.0,0.0,3.0,IMG_20250926_225824.jpg
2025-09-27 04:10:00,2.0,7.0,9.0,0.0,3.0,IMG_20250926_225824.jpg
2025-09-27 04:20:00,2.0,7.0,9.0,0.0,3.0,IMG_20250926_225824.jpg
2025-09-27 04:30:00,2.0,7.0,9.0,0.0,3.0,IMG_20250926_225824.jpg
2025-09-27 04:40:00,2.0,7.0,9.0,0.0,3.0,IMG_20250926_225824.jpg
2025-09-27 04:50:00,2.0,7.0,9.0,0.0,3.0,IMG_20250926_225824.jpg
2025-09-27 05:00:00,2.0,7.0,9.0,0.0,3.0,IMG_20250926_225824.jpg
2025-09-27 05:10:00,2.0,7.0,9.0,0.0,3.0,IMG_20250926_225824.jpg
2025-09-27 05:20:00,2.0,7.0,9.0,0.0,3.0,IMG_20250926_225824.jpg
2025-09-27 05:30:00,2.0,7.0,9.0,0.0,3.0,IMG_20250926_225824.jpg
2025-09-27 05:40:00,2.0,7.0,9.0,0.0,3.0,IMG_20250926_225824.jpg
2025-09-27 05:50:00,2.0,7.0,9.0,0.0,3.0,IMG_20250926_225824.jpg
2025-09-27 06:00:00,2.0,7.0,9.0,0.0,3.0,IMG_20250926_225824.jpg
2025-09-27 06:10:00,2.0,7.0,9.0,0.0,3.0,IMG_20250926_225824.jpg
2025-09-27 06:20:00,2.0,7.0,9.0,0.0,3.0,IMG_20250926_225824.jpg
2025-09-27 06:30:00,2.0,7.0,9.0,0.0,3.0,IMG_20250926_225824.jpg
2025-09-27 06:40:00,2.0,7.0,9.0,0.0,3.0,IMG_20250926_225824.jpg
2025-09-27 06:50:00,2.0,7.0,9.0,0.0,3.0,IMG_20250926_225824.jpg
2025-09-27 07:00:00,2.0,7.0,9.0,0.0,3.0,IMG_20250926_225824.jpg
2025-09-27 07:10:00,0.0,2.0,7.0,0.0,8.0,IMG_20250927_070815.jpg
2025-09-27 07:20:00,0.0,2.0,7.0,0.0,7.0,IMG_20250927_071829.jpg
2025-09-27 07:30:00,0.0,2.0,7.0,0.0,6.0,IMG_20250927_072840.jpg
2025-09-27 07:40:00,0.0,2.0,7.0,0.0,7.0,IMG_20250927_073852.jpg
2025-09-27 07:50:00,0.0,2.0,7.0,0.0,7.0,IMG_20250927_074904.jpg
2025-09-27 08:00:00,0.0,2.0,7.0,0.0,8.0,IMG_20250927_075918.jpg
2025-09-27 08:10:00,0.0,2.0,7.0,0.0,8.0,IMG_20250927_080929.jpg
2025-09-27 08:20:00,0.0,1.0,7.0,0.0,7.0,IMG_20250927_081942.jpg
2025-09-27 08:30:00,0.0,2.0,7.0,0.0,6.0,IMG_20250927_082954.jpg
2025-09-27 08:40:00,0.0,2.0,7.0,0.0,6.0,IMG_20250927_082954.jpg
2025-09-27 08:50:00,0.0,2.0,7.0,0.0,8.0,IMG_20250927_084006.jpg
2025-09-27 09:00:00,0.0,2.0,7.0,0.0,7.0,IMG_20250927_085018.jpg
2025-09-27 09:10:00,0.0,2.0,7.0,0.0,9.0,IMG_20250927_090029.jpg
2025-09-27 09:20:00,0.0,2.0,7.0,0.0,7.0,IMG_20250927_091041.jpg
2025-09-27 09:30:00,0.0,2.0,7.0,0.0,6.0,IMG_20250927_092053.jpg
2025-09-27 09:40:00,0.0,2.0,7.0,0.0,6.0,IMG_20250927_093103.jpg
2025-09-27 09:50:00,0.0,2.0,7.0,0.0,8.0,IMG_20250927_094115.jpg
2025-09-27 10:00:00,0.0,2.0,7.0,0.0,7.0,IMG_20250927_095127.jpg
2025-09-27 10:10:00,0.0,2.0,7.0,0.0,6.0,IMG_20250927_100138.jpg
2025-09-27 10:20:00,0.0,2.0,7.0,0.0,9.0,IMG_20250927_101149.jpg
2025-09-27 10:30:00,0.0,2.0,7.0,0.0,8.0,IMG_20250927_102203.jpg
2025-09-27 10:40:00,0.0,2.0,7.0,0.0,6.0,IMG_20250927_103214.jpg
2025-09-27 10:50:00,0.0,2.0,7.0,0.0,8.0,IMG_20250927_104226.jpg
2025-09-27 11:00:00,0.0,2.0,7.0,0.0,9.0,IMG_20250927_105238.jpg
2025-09-27 11:10:00,0.0,2.0,7.0,0.0,6.0,IMG_20250927_110251.jpg
2025-09-27 11:20:00,0.0,2.0,7.0,0.0,5.0,IMG_20250927_111302.jpg
2025-09-27 11:30:00,0.0,2.0,7.0,0.0,7.0,IMG_20250927_112313.jpg
2025-09-27 11:40:00,0.0,2.0,7.0,0.0,7.0,IMG_20250927_113324.jpg
2025-09-27 11:50:00,0.0,2.0,7.0,0.0,6.0,IMG_20250927_114336.jpg
2025-09-27 12:00:00,0.0,2.0,7.0,0.0,7.0,IMG_20250927_115347.jpg
2025-09-27 12:10:00,0.0,2.0,7.0,0.0,7.0,IMG_20250927_120357.jpg
2025-09-27 12:20:00,0.0,2.0,7.0,0.0,6.0,IMG_20250927_121407.jpg
2025-09-27 12:30:00,0.0,2.0,7.0,0.0,6.0,IMG_20250927_122418.jpg
2025-09-27 12:40:00,0.0,2.0,7.0,0.0,5.0,IMG_20250927_123429.jpg
2025-09-27 12:50:00,0.0,2.0,7.0,0.0,7.0,IMG_20250927_124444.jpg
2025-09-27 13:00:00,0.0,2.0,7.0,0.0,6.0,IMG_20250927_125456.jpg
2025-09-27 13:10:00,0.0,2.0,7.0,0.0,6.0,IMG_20250927_130509.jpg
2025-09-27 13:20:00,0.0,2.0,7.0,0.0,5.0,IMG_20250927_131519.jpg
2025-09-27 13:30:00,0.0,2.0,7.0,0.0,8.0,IMG_20250927_132530.jpg
2025-09-27 13:40:00,0.0,2.0,7.0,0.0,5.0,IMG_20250927_133541.jpg
2025-09-27 13:50:00,0.0,2.0,7.0,0.0,6.0,IMG_20250927_134552.jpg
2025-09-27 14:00:00,0.0,2.0,7.0,0.0,5.0,IMG_20250927_135602.jpg
2025-09-27 14:10:00,0.0,2.0,7.0,0.0,6.0,IMG_20250927_140614.jpg
2025-09-27 14:20:00,0.0,2.0,7.0,0.0,6.0,IMG_20250927_141624.jpg
2025-09-27 14:30:00,0.0,2.0,7.0,0.0,5.0,IMG_20250927_142634.jpg
2025-09-27 14:40:00,0.0,2.0,7.0,0.0,6.0,IMG_20250927_143646.jpg
2025-09-27 14:50:00,0.0,2.0,7.0,0.0,5.0,IMG_20250927_144658.jpg
2025-09-27 15:00:00,0.0,1.0,7.0,0.0,8.0,IMG_20250927_145708.jpg
2025-09-27 15:10:00,0.0,2.0,7.0,0.0,6.0,IMG_20250927_150725.jpg
2025-09-27 15:20:00,0.0,2.0,7.0,0.0,5.0,IMG_20250927_151737.jpg
2025-09-27 15:30:00,0.0,2.0,7.0,0.0,6.0,IMG_20250927_152748.jpg
2025-09-27 15:40:00,0.0,2.0,7.0,0.0,5.0,IMG_20250927_153800.jpg
2025-09-27 15:50:00,0.0,1.0,7.0,0.0,5.0,IMG_20250927_154812.jpg
2025-09-27 16:00:00,0.0,1.0,7.0,0.0,5.0,IMG_20250927_155823.jpg
2025-09-27 16:10:00,0.0,1.0,7.0,0.0,5.0,IMG_20250927_160834.jpg
2025-09-27 16:20:00,0.0,2.0,7.0,0.0,4.0,IMG_20250927_161847.jpg
2025-09-27 16:30:00,0.0,1.0,7.0,0.0,5.0,IMG_20250927_162857.jpg
2025-09-27 16:40:00,0.0,1.0,7.0,0.0,5.0,IMG_20250927_163909.jpg
2025-09-27 16:50:00,0.0,1.0,7.0,0.0,5.0,IMG_20250927_164924.jpg
2025-09-27 17:00:00,0.0,1.0,7.0,0.0,5.0,IMG_20250927_165935.jpg
2025-09-27 17:10:00,0.0,1.0,7.0,0.0,5.0,IMG_20250927_170947.jpg
2025-09-27 17:20:00,0.0,3.0,7.0,0.0,5.0,IMG_20250927_172000.jpg
2025-09-27 17:30:00,0.0,3.0,7.0,0.0,5.0,IMG_20250927_172000.jpg
2025-09-27 17:40:00,0.0,3.0,7.0,0.0,5.0,IMG_20250927_173011.jpg
2025-09-27 17:50:00,0.0,3.0,7.0,0.0,5.0,IMG_20250927_174023.jpg
2025-09-27 18:00:00,1.0,5.0,7.0,0.0,4.0,IMG_20250927_175034.jpg
2025-09-27 18:10:00,1.0,5.0,7.0,0.0,4.0,IMG_20250927_180045.jpg
2025-09-27 18:20:00,1.0,5.0,7.0,0.0,4.0,IMG_20250927_181056.jpg
2025-09-27 18:30:00,4.0,7.0,8.0,0.0,3.0,IMG_20250927_182113.jpg
2025-09-27 18:40:00,7.0,8.0,8.0,0.0,2.0,IMG_20250927_183123.jpg
2025-09-27 18:50:00,5.0,8.0,8.0,0.0,3.0,IMG_20250927_184133.jpg
2025-09-27 19:00:00,6.0,8.0,8.0,1.0,3.0,IMG_20250927_185147.jpg
2025-09-27 19:10:00,5.0,8.0,8.0,0.0,2.0,IMG_20250927_190158.jpg
2025-09-27 19:20:00,10.0,8.0,8.0,1.0,5.0,IMG_20250927_191209.jpg
2025-09-27 19:30:00,8.0,8.0,8.0,2.0,4.0,IMG_20250927_192220.jpg
2025-09-27 19:40:00,8.0,8.0,8.0,1.0,4.0,IMG_20250927_193231.jpg
2025-09-27 19:50:00,9.0,8.0,8.0,1.0,4.0,IMG_20250927_194242.jpg
2025-09-27 20:00:00,10.0,8.0,8.0,1.0,3.0,IMG_20250927_195253.jpg
2025-09-27 20:10:00,8.0,8.0,8.0,0.0,4.0,IMG_20250927_200305.jpg
2025-09-27 20:20:00,8.0,8.0,8.0,0.0,4.0,IMG_20250927_201317.jpg
2025-09-27 20:30:00,7.0,8.0,8.0,1.0,4.0,IMG_20250927_202328.jpg
2025-09-27 20:40:00,9.0,8.0,8.0,2.0,6.0,IMG_20250927_203337.jpg
2025-09-27 20:50:00,7.0,8.0,8.0,2.0,5.0,IMG_20250927_204347.jpg
2025-09-27 21:00:00,7.0,8.0,8.0,4.0,6.0,IMG_20250927_205358.jpg
2025-09-27 21:10:00,6.0,8.0,8.0,3.0,5.0,IMG_20250927_210410.jpg
2025-09-27 21:20:00,6.0,8.0,8.0,2.0,6.0,IMG_20250927_211423.jpg
2025-09-27 21:30:00,8.0,8.0,8.0,5.0,7.0,IMG_20250927_212433.jpg
2025-09-27 21:40:00,11.0,9.0,9.0,6.0,6.0,IMG_20250927_213443.jpg
2025-09-27 21:50:00,9.0,8.0,8.0,4.0,11.0,IMG_20250927_214454.jpg
2025-09-27 22:00:00,7.0,7.0,9.0,0.0,7.0,IMG_20250927_215504.jpg
2025-09-27 22:10:00,6.0,4.0,8.0,1.0,5.0,IMG_20250927_220516.jpg
2025-09-27 22:20:00,7.0,5.0,9.0,2.0,8.0,IMG_20250927_221527.jpg
2025-09-27 22:30:00,6.0,7.0,9.0,0.0,5.0,IMG_20250927_222536.jpg
2025-09-27 22:40:00,6.0,7.0,10.0,1.0,6.0,IMG_20250927_223548.jpg
2025-09-27 22:50:00,5.0,7.0,9.0,0.0,6.0,IMG_20250927_224559.jpg
2025-09-27 23:00:00,7.0,8.0,9.0,0.0,6.0,IMG_20250927_225609.jpg
2025-09-27 23:10:00,7.0,8.0,9.0,0.0,6.0,IMG_20250927_225609.jpg
2025-09-27 23:20:00,7.0,8.0,9.0,0.0,6.0,IMG_20250927_225609.jpg
2025-09-27 23:30:00,7.0,8.0,9.0,0.0,6.0,IMG_20250927_225609.jpg
2025-09-27 23:40:00,7.0,8.0,9.0,0.0,6.0,IMG_20250927_225609.jpg
2025-09-27 23:50:00,7.0,8.0,9.0,0.0,6.0,IMG_20250927_225609.jpg
2025-09-28 00:00:00,7.0,8.0,9.0,0.0,6.0,IMG_20250927_225609.jpg
2025-09-28 00:10:00,7.0,8.0,9.0,0.0,6.0,IMG_20250927_225609.jpg
2025-09-28 00:20:00,7.0,8.0,9.0,0.0,6.0,IMG_20250927_225609.jpg
2025-09-28 00:30:00,7.0,8.0,9.0,0.0,6.0,IMG_20250927_225609.jpg
2025-09-28 00:40:00,7.0,8.0,9.0,0.0,6.0,IMG_20250927_225609.jpg
2025-09-28 00:50:00,7.0,8.0,9.0,0.0,6.0,IMG_20250927_225609.jpg
2025-09-28 01:00:00,7.0,8.0,9.0,0.0,6.0,IMG_20250927_225609.jpg
2025-09-28 01:10:00,7.0,8.0,9.0,0.0,6.0,IMG_20250927_225609.jpg
2025-09-28 01:20:00,7.0,8.0,9.0,0.0,6.0,IMG_20250927_225609.jpg
2025-09-28 01:30:00,7.0,8.0,9.0,0.0,6.0,IMG_20250927_225609.jpg
2025-09-28 01:40:00,7.0,8.0,9.0,0.0,6.0,IMG_20250927_225609.jpg
2025-09-28 01:50:00,7.0,8.0,9.0,0.0,6.0,IMG_20250927_225609.jpg
2025-09-28 02:00:00,7.0,8.0,9.0,0.0,6.0,IMG_20250927_225609.jpg
2025-09-28 02:10:00,7.0,8.0,9.0,0.0,6.0,IMG_20250927_225609.jpg
2025-09-28 02:20:00,7.0,8.0,9.0,0.0,6.0,IMG_20250927_225609.jpg
2025-09-28 02:30:00,7.0,8.0,9.0,0.0,6.0,IMG_20250927_225609.jpg
2025-09-28 02:40:00,7.0,8.0,9.0,0.0,6.0,IMG_20250927_225609.jpg
2025-09-28 02:50:00,7.0,8.0,9.0,0.0,6.0,IMG_20250927_225609.jpg
2025-09-28 03:00:00,7.0,8.0,9.0,0.0,6.0,IMG_20250927_225609.jpg
2025-09-28 03:10:00,7.0,8.0,9.0,0.0,6.0,IMG_20250927_225609.jpg
2025-09-28 03:20:00,7.0,8.0,9.0,0.0,6.0,IMG_20250927_225609.jpg
2025-09-28 03:30:00,7.0,8.0,9.0,0.0,6.0,IMG_20250927_225609.jpg
2025-09-28 03:40:00,7.0,8.0,9.0,0.0,6.0,IMG_20250927_225609.jpg
2025-09-28 03:50:00,7.0,8.0,9.0,0.0,6.0,IMG_20250927_225609.jpg
2025-09-28 04:00:00,7.0,8.0,9.0,0.0,6.0,IMG_20250927_225609.jpg
2025-09-28 04:10:00,7.0,8.0,9.0,0.0,6.0,IMG_20250927_225609.jpg
2025-09-28 04:20:00,7.0,8.0,9.0,0.0,6.0,IMG_20250927_225609.jpg
2025-09-28 04:30:00,7.0,8.0,9.0,0.0,6.0,IMG_20250927_225609.jpg
2025-09-28 04:40:00,7.0,8.0,9.0,0.0,6.0,IMG_20250927_225609.jpg
2025-09-28 04:50:00,7.0,8.0,9.0,0.0,6.0,IMG_20250927_225609.jpg
2025-09-28 05:00:00,7.0,8.0,9.0,0.0,6.0,IMG_20250927_225609.jpg
2025-09-28 05:10:00,7.0,8.0,9.0,0.0,6.0,IMG_20250927_225609.jpg
2025-09-28 05:20:00,7.0,8.0,9.0,0.0,6.0,IMG_20250927_225609.jpg
2025-09-28 05:30:00,7.0,8.0,9.0,0.0,6.0,IMG_20250927_225609.jpg
2025-09-28 05:40:00,7.0,8.0,9.0,0.0,6.0,IMG_20250927_225609.jpg
2025-09-28 05:50:00,7.0,8.0,9.0,0.0,6.0,IMG_20250927_225609.jpg
2025-09-28 06:00:00,7.0,8.0,9.0,0.0,6.0,IMG_20250927_225609.jpg
2025-09-28 06:10:00,7.0,8.0,9.0,0.0,6.0,IMG_20250927_225609.jpg
2025-09-28 06:20:00,7.0,8.0,9.0,0.0,6.0,IMG_20250927_225609.jpg
2025-09-28 06:30:00,7.0,8.0,9.0,0.0,6.0,IMG_20250927_225609.jpg
2025-09-28 06:40:00,7.0,8.0,9.0,0.0,6.0,IMG_20250927_225609.jpg
2025-09-28 06:50:00,7.0,8.0,9.0,0.0,6.0,IMG_20250927_225609.jpg
2025-09-28 07:00:00,7.0,8.0,9.0,0.0,6.0,IMG_20250927_225609.jpg
2025-09-28 07:10:00,0.0,3.0,8.0,0.0,6.0,IMG_20250928_070509.jpg
2025-09-28 07:20:00,0.0,3.0,8.0,0.0,6.0,IMG_20250928_071520.jpg
2025-09-28 07:30:00,0.0,3.0,8.0,0.0,6.0,IMG_20250928_072530.jpg
2025-09-28 07:40:00,0.0,3.0,8.0,0.0,7.0,IMG_20250928_073541.jpg
2025-09-28 07:50:00,0.0,3.0,8.0,0.0,7.0,IMG_20250928_074552.jpg
2025-09-28 08:00:00,0.0,3.0,8.0,0.0,6.0,IMG_20250928_075602.jpg
2025-09-28 08:10:00,0.0,3.0,8.0,0.0,6.0,IMG_20250928_080615.jpg
2025-09-28 08:20:00,0.0,3.0,8.0,0.0,6.0,IMG_20250928_081627.jpg
2025-09-28 08:30:00,0.0,3.0,8.0,0.0,8.0,IMG_20250928_082639.jpg
2025-09-28 08:40:00,0.0,3.0,8.0,0.0,6.0,IMG_20250928_083652.jpg
2025-09-28 08:50:00,0.0,3.0,8.0,0.0,5.0,IMG_20250928_084703.jpg
2025-09-28 09:00:00,0.0,3.0,8.0,0.0,5.0,IMG_20250928_084703.jpg
2025-09-28 09:10:00,0.0,3.0,8.0,0.0,5.0,IMG_20250928_084703.jpg
2025-09-28 09:20:00,0.0,3.0,8.0,0.0,5.0,IMG_20250928_084703.jpg
2025-09-28 09:30:00,0.0,3.0,8.0,0.0,5.0,IMG_20250928_084703.jpg
2025-09-28 09:40:00,0.0,3.0,8.0,0.0,5.0,IMG_20250928_084703.jpg
2025-09-28 09:50:00,0.0,3.0,8.0,0.0,5.0,IMG_20250928_084703.jpg
2025-09-28 10:00:00,0.0,3.0,8.0,0.0,5.0,IMG_20250928_084703.jpg
2025-09-28 10:10:00,0.0,3.0,8.0,0.0,5.0,IMG_20250928_084703.jpg
2025-09-28 10:20:00,0.0,3.0,8.0,0.0,5.0,IMG_20250928_084703.jpg
2025-09-28 10:30:00,0.0,3.0,8.0,0.0,5.0,IMG_20250928_084703.jpg
2025-09-28 10:40:00,0.0,3.0,8.0,0.0,5.0,IMG_20250928_084703.jpg
2025-09-28 10:50:00,0.0,3.0,8.0,0.0,5.0,IMG_20250928_084703.jpg
2025-09-28 11:00:00,0.0,3.0,8.0,0.0,5.0,IMG_20250928_084703.jpg
2025-09-28 11:10:00,0.0,3.0,8.0,0.0,5.0,IMG_20250928_084703.jpg
2025-09-28 11:20:00,0.0,3.0,8.0,0.0,5.0,IMG_20250928_084703.jpg
2025-09-28 11:30:00,0.0,3.0,8.0,0.0,5.0,IMG_20250928_084703.jpg
2025-09-28 11:40:00,0.0,3.0,8.0,0.0,5.0,IMG_20250928_084703.jpg
2025-09-28 11:50:00,0.0,3.0,8.0,0.0,5.0,IMG_20250928_084703.jpg
2025-09-28 12:00:00,0.0,3.0,8.0,0.0,5.0,IMG_20250928_084703.jpg
2025-09-28 12:10:00,0.0,3.0,8.0,0.0,5.0,IMG_20250928_084703.jpg
2025-09-28 12:20:00,0.0,3.0,8.0,0.0,5.0,IMG_20250928_084703.jpg
2025-09-28 12:30:00,0.0,3.0,8.0,0.0,5.0,IMG_20250928_084703.jpg
2025-09-28 12:40:00,0.0,3.0,8.0,0.0,5.0,IMG_20250928_084703.jpg
2025-09-28 12:50:00,0.0,3.0,8.0,0.0,5.0,IMG_20250928_084703.jpg
2025-09-28 13:00:00,0.0,3.0,8.0,0.0,5.0,IMG_20250928_084703.jpg
2025-09-28 13:10:00,0.0,3.0,8.0,0.0,5.0,IMG_20250928_084703.jpg
2025-09-28 13:20:00,0.0,3.0,8.0,0.0,5.0,IMG_20250928_084703.jpg
2025-09-28 13:30:00,0.0,3.0,8.0,0.0,5.0,IMG_20250928_084703.jpg
2025-09-28 13:40:00,0.0,3.0,8.0,0.0,5.0,IMG_20250928_084703.jpg
2025-09-28 13:50:00,0.0,3.0,8.0,0.0,5.0,IMG_20250928_084703.jpg
2025-09-28 14:00:00,0.0,3.0,8.0,0.0,5.0,IMG_20250928_084703.jpg
2025-09-28 14:10:00,0.0,3.0,8.0,0.0,5.0,IMG_20250928_084703.jpg
2025-09-28 14:20:00,0.0,3.0,8.0,0.0,5.0,IMG_20250928_084703.jpg
2025-09-28 14:30:00,0.0,3.0,8.0,0.0,5.0,IMG_20250928_084703.jpg
2025-09-28 14:40:00,0.0,3.0,8.0,0.0,5.0,IMG_20250928_084703.jpg
2025-09-28 14:50:00,0.0,3.0,8.0,0.0,5.0,IMG_20250928_084703.jpg
2025-09-28 15:00:00,0.0,3.0,8.0,0.0,5.0,IMG_20250928_084703.jpg
2025-09-28 15:10:00,0.0,3.0,8.0,0.0,5.0,IMG_20250928_084703.jpg
2025-09-28 15:20:00,0.0,3.0,8.0,0.0,5.0,IMG_20250928_084703.jpg
2025-09-28 15:30:00,0.0,3.0,8.0,0.0,5.0,IMG_20250928_084703.jpg
2025-09-28 15:40:00,0.0,3.0,8.0,0.0,5.0,IMG_20250928_084703.jpg
2025-09-28 15:50:00,0.0,3.0,8.0,0.0,5.0,IMG_20250928_084703.jpg
2025-09-28 16:00:00,0.0,3.0,8.0,0.0,5.0,IMG_20250928_084703.jpg
2025-09-28 16:10:00,0.0,3.0,8.0,0.0,5.0,IMG_20250928_084703.jpg
2025-09-28 16:20:00,0.0,3.0,8.0,0.0,5.0,IMG_20250928_084703.jpg
2025-09-28 16:30:00,0.0,3.0,8.0,0.0,5.0,IMG_20250928_084703.jpg
2025-09-28 16:40:00,0.0,3.0,8.0,0.0,5.0,IMG_20250928_084703.jpg
2025-09-28 16:50:00,0.0,3.0,8.0,0.0,5.0,IMG_20250928_084703.jpg
2025-09-28 17:00:00,0.0,3.0,8.0,0.0,5.0,IMG_20250928_084703.jpg
2025-09-28 17:10:00,0.0,3.0,8.0,0.0,5.0,IMG_20250928_084703.jpg
2025-09-28 17:20:00,0.0,3.0,8.0,0.0,5.0,IMG_20250928_084703.jpg
2025-09-28 17:30:00,0.0,3.0,8.0,0.0,5.0,IMG_20250928_084703.jpg
2025-09-28 17:40:00,0.0,3.0,8.0,0.0,5.0,IMG_20250928_084703.jpg
2025-09-28 17:50:00,0.0,3.0,8.0,0.0,5.0,IMG_20250928_084703.jpg
2025-09-28 18:00:00,0.0,3.0,8.0,0.0,5.0,IMG_20250928_084703.jpg
2025-09-28 18:10:00,0.0,3.0,8.0,0.0,5.0,IMG_20250928_084703.jpg
2025-09-28 18:20:00,0.0,3.0,8.0,0.0,5.0,IMG_20250928_084703.jpg
2025-09-28 18:30:00,0.0,3.0,8.0,0.0,5.0,IMG_20250928_084703.jpg
2025-09-28 18:40:00,0.0,3.0,8.0,0.0,5.0,IMG_20250928_084703.jpg
2025-09-28 18:50:00,0.0,3.0,8.0,0.0,5.0,IMG_20250928_084703.jpg
2025-09-28 19:00:00,0.0,3.0,8.0,0.0,5.0,IMG_20250928_084703.jpg
2025-09-28 19:10:00,0.0,3.0,8.0,0.0,5.0,IMG_20250928_084703.jpg
2025-09-28 19:20:00,0.0,3.0,8.0,0.0,5.0,IMG_20250928_084703.jpg
2025-09-28 19:30:00,0.0,3.0,8.0,0.0,5.0,IMG_20250928_084703.jpg
2025-09-28 19:40:00,0.0,3.0,8.0,0.0,5.0,IMG_20250928_084703.jpg
2025-09-28 19:50:00,0.0,3.0,8.0,0.0,5.0,IMG_20250928_084703.jpg
2025-09-28 20:00:00,0.0,3.0,8.0,0.0,5.0,IMG_20250928_084703.jpg
2025-09-28 20:10:00,0.0,3.0,8.0,0.0,5.0,IMG_20250928_084703.jpg
2025-09-28 20:20:00,0.0,3.0,8.0,0.0,5.0,IMG_20250928_084703.jpg
2025-09-28 20:30:00,0.0,3.0,8.0,0.0,5.0,IMG_20250928_084703.jpg
2025-09-28 20:40:00,0.0,3.0,8.0,0.0,5.0,IMG_20250928_084703.jpg
2025-09-28 20:50:00,0.0,3.0,8.0,0.0,5.0,IMG_20250928_084703.jpg
2025-09-28 21:00:00,0.0,3.0,8.0,0.0,5.0,IMG_20250928_084703.jpg
2025-09-28 21:10:00,0.0,3.0,8.0,0.0,5.0,IMG_20250928_084703.jpg
2025-09-28 21:20:00,0.0,3.0,8.0,0.0,5.0,IMG_20250928_084703.jpg
2025-09-28 21:30:00,0.0,3.0,8.0,0.0,5.0,IMG_20250928_084703.jpg
2025-09-28 21:40:00,0.0,3.0,8.0,0.0,5.0,IMG_20250928_084703.jpg
2025-09-28 21:50:00,0.0,3.0,8.0,0.0,5.0,IMG_20250928_084703.jpg
2025-09-28 22:00:00,0.0,3.0,8.0,0.0,5.0,IMG_20250928_084703.jpg
2025-09-28 22:10:00,0.0,3.0,8.0,0.0,5.0,IMG_20250928_084703.jpg
2025-09-28 22:20:00,0.0,3.0,8.0,0.0,5.0,IMG_20250928_084703.jpg
2025-09-28 22:30:00,0.0,3.0,8.0,0.0,5.0,IMG_20250928_084703.jpg
2025-09-28 22:40:00,0.0,3.0,8.0,0.0,5.0,IMG_20250928_084703.jpg
2025-09-28 22:50:00,0.0,3.0,8.0,0.0,5.0,IMG_20250928_084703.jpg
2025-09-28 23:00:00,0.0,3.0,8.0,0.0,5.0,IMG_20250928_084703.jpg
2025-09-28 23:10:00,0.0,3.0,8.0,0.0,5.0,IMG_20250928_084703.jpg
2025-09-28 23:20:00,0.0,3.0,8.0,0.0,5.0,IMG_20250928_084703.jpg
2025-09-28 23:30:00,0.0,3.0,8.0,0.0,5.0,IMG_20250928_084703.jpg
2025-09-28 23:40:00,0.0,3.0,8.0,0.0,5.0,IMG_20250928_084703.jpg
2025-09-28 23:50:00,0.0,3.0,8.0,0.0,5.0,IMG_20250928_084703.jpg
2025-09-29 00:00:00,0.0,3.0,8.0,0.0,5.0,IMG_20250928_084703.jpg
2025-09-29 00:10:00,0.0,3.0,8.0,0.0,5.0,IMG_20250928_084703.jpg
2025-09-29 00:20:00,0.0,3.0,8.0,0.0,5.0,IMG_20250928_084703.jpg
2025-09-29 00:30:00,0.0,3.0,8.0,0.0,5.0,IMG_20250928_084703.jpg
2025-09-29 00:40:00,0.0,3.0,8.0,0.0,5.0,IMG_20250928_084703.jpg
2025-09-29 00:50:00,0.0,3.0,8.0,0.0,5.0,IMG_20250928_084703.jpg
2025-09-29 01:00:00,0.0,3.0,8.0,0.0,5.0,IMG_20250928_084703.jpg
2025-09-29 01:10:00,0.0,3.0,8.0,0.0,5.0,IMG_20250928_084703.jpg
2025-09-29 01:20:00,0.0,3.0,8.0,0.0,5.0,IMG_20250928_084703.jpg
2025-09-29 01:30:00,0.0,3.0,8.0,0.0,5.0,IMG_20250928_084703.jpg
2025-09-29 01:40:00,0.0,3.0,8.0,0.0,5.0,IMG_20250928_084703.jpg
2025-09-29 01:50:00,0.0,3.0,8.0,0.0,5.0,IMG_20250928_084703.jpg
2025-09-29 02:00:00,0.0,3.0,8.0,0.0,5.0,IMG_20250928_084703.jpg
2025-09-29 02:10:00,0.0,3.0,8.0,0.0,5.0,IMG_20250928_084703.jpg
2025-09-29 02:20:00,0.0,3.0,8.0,0.0,5.0,IMG_20250928_084703.jpg
2025-09-29 02:30:00,0.0,3.0,8.0,0.0,5.0,IMG_20250928_084703.jpg
2025-09-29 02:40:00,0.0,3.0,8.0,0.0,5.0,IMG_20250928_084703.jpg
2025-09-29 02:50:00,0.0,3.0,8.0,0.0,5.0,IMG_20250928_084703.jpg
2025-09-29 03:00:00,0.0,3.0,8.0,0.0,5.0,IMG_20250928_084703.jpg
2025-09-29 03:10:00,0.0,3.0,8.0,0.0,5.0,IMG_20250928_084703.jpg
2025-09-29 03:20:00,0.0,3.0,8.0,0.0,5.0,IMG_20250928_084703.jpg
2025-09-29 03:30:00,0.0,3.0,8.0,0.0,5.0,IMG_20250928_084703.jpg
2025-09-29 03:40:00,0.0,3.0,8.0,0.0,5.0,IMG_20250928_084703.jpg
2025-09-29 03:50:00,0.0,3.0,8.0,0.0,5.0,IMG_20250928_084703.jpg
2025-09-29 04:00:00,0.0,3.0,8.0,0.0,5.0,IMG_20250928_084703.jpg
2025-09-29 04:10:00,0.0,3.0,8.0,0.0,5.0,IMG_20250928_084703.jpg
2025-09-29 04:20:00,0.0,3.0,8.0,0.0,5.0,IMG_20250928_084703.jpg
2025-09-29 04:30:00,0.0,3.0,8.0,0.0,5.0,IMG_20250928_084703.jpg
2025-09-29 04:40:00,0.0,3.0,8.0,0.0,5.0,IMG_20250928_084703.jpg
2025-09-29 04:50:00,0.0,3.0,8.0,0.0,5.0,IMG_20250928_084703.jpg
2025-09-29 05:00:00,0.0,3.0,8.0,0.0,5.0,IMG_20250928_084703.jpg
2025-09-29 05:10:00,0.0,3.0,8.0,0.0,5.0,IMG_20250928_084703.jpg
2025-09-29 05:20:00,0.0,3.0,8.0,0.0,5.0,IMG_20250928_084703.jpg
2025-09-29 05:30:00,0.0,3.0,8.0,0.0,5.0,IMG_20250928_084703.jpg
2025-09-29 05:40:00,0.0,3.0,8.0,0.0,5.0,IMG_20250928_084703.jpg
2025-09-29 05:50:00,0.0,3.0,8.0,0.0,5.0,IMG_20250928_084703.jpg
2025-09-29 06:00:00,0.0,3.0,8.0,0.0,5.0,IMG_20250928_084703.jpg
2025-09-29 06:10:00,0.0,3.0,8.0,0.0,5.0,IMG_20250928_084703.jpg
2025-09-29 06:20:00,0.0,3.0,8.0,0.0,5.0,IMG_20250928_084703.jpg
2025-09-29 06:30:00,0.0,3.0,8.0,0.0,5.0,IMG_20250928_084703.jpg
2025-09-29 06:40:00,0.0,3.0,8.0,0.0,5.0,IMG_20250928_084703.jpg
2025-09-29 06:50:00,0.0,3.0,8.0,0.0,5.0,IMG_20250928_084703.jpg
2025-09-29 07:00:00,0.0,3.0,8.0,0.0,5.0,IMG_20250928_084703.jpg
2025-09-29 07:10:00,0.0,3.0,8.0,0.0,5.0,IMG_20250928_084703.jpg
2025-09-29 07:20:00,0.0,3.0,8.0,0.0,5.0,IMG_20250928_084703.jpg
2025-09-29 07:30:00,0.0,3.0,8.0,0.0,5.0,IMG_20250928_084703.jpg
2025-09-29 07:40:00,0.0,3.0,8.0,0.0,5.0,IMG_20250928_084703.jpg
2025-09-29 07:50:00,0.0,3.0,8.0,0.0,5.0,IMG_20250928_084703.jpg
2025-09-29 08:00:00,0.0,3.0,8.0,0.0,5.0,IMG_20250928_084703.jpg
2025-09-29 08:10:00,0.0,3.0,8.0,0.0,5.0,IMG_20250928_084703.jpg
2025-09-29 08:20:00,0.0,3.0,8.0,0.0,5.0,IMG_20250928_084703.jpg
2025-09-29 08:30:00,0.0,3.0,8.0,0.0,5.0,IMG_20250928_084703.jpg
2025-09-29 08:40:00,0.0,3.0,8.0,0.0,5.0,IMG_20250928_084703.jpg
2025-09-29 08:50:00,0.0,3.0,8.0,0.0,5.0,IMG_20250928_084703.jpg
2025-09-29 09:00:00,0.0,3.0,8.0,0.0,5.0,IMG_20250928_084703.jpg
2025-09-29 09:10:00,0.0,3.0,8.0,0.0,5.0,IMG_20250928_084703.jpg
2025-09-29 09:20:00,0.0,3.0,8.0,0.0,5.0,IMG_20250928_084703.jpg
2025-09-29 09:30:00,0.0,3.0,8.0,0.0,5.0,IMG_20250928_084703.jpg
2025-09-29 09:40:00,0.0,3.0,8.0,0.0,5.0,IMG_20250928_084703.jpg
2025-09-29 09:50:00,0.0,3.0,8.0,0.0,5.0,IMG_20250928_084703.jpg
2025-09-29 10:00:00,0.0,3.0,8.0,0.0,5.0,IMG_20250928_084703.jpg
2025-09-29 10:10:00,0.0,3.0,8.0,0.0,5.0,IMG_20250928_084703.jpg
2025-09-29 10:20:00,0.0,3.0,8.0,0.0,5.0,IMG_20250928_084703.jpg
2025-09-29 10:30:00,0.0,3.0,8.0,0.0,5.0,IMG_20250928_084703.jpg
2025-09-29 10:40:00,0.0,3.0,8.0,0.0,5.0,IMG_20250928_084703.jpg
2025-09-29 10:50:00,1.0,5.0,8.0,0.0,7.0,IMG_20250929_104848.jpg
2025-09-29 11:00:00,4.0,8.0,9.0,1.0,7.0,IMG_20250929_105859.jpg
2025-09-29 11:10:00,6.0,7.0,9.0,0.0,8.0,IMG_20250929_110911.jpg
2025-09-29 11:20:00,5.0,7.0,9.0,1.0,8.0,IMG_20250929_111923.jpg
2025-09-29 11:30:00,4.0,7.0,9.0,1.0,6.0,IMG_20250929_112935.jpg
2025-09-29 11:40:00,6.0,7.0,8.0,0.0,6.0,IMG_20250929_113947.jpg
2025-09-29 11:50:00,4.0,7.0,8.0,1.0,4.0,IMG_20250929_114959.jpg
2025-09-29 12:00:00,4.0,7.0,8.0,1.0,4.0,IMG_20250929_114959.jpg
2025-09-29 12:10:00,11.0,6.0,8.0,2.0,5.0,IMG_20250929_120011.jpg
2025-09-29 12:20:00,7.0,6.0,8.0,2.0,4.0,IMG_20250929_121022.jpg
2025-09-29 12:30:00,9.0,6.0,8.0,1.0,5.0,IMG_20250929_122033.jpg
2025-09-29 12:40:00,4.0,6.0,8.0,0.0,3.0,IMG_20250929_123043.jpg
2025-09-29 12:50:00,3.0,6.0,8.0,0.0,4.0,IMG_20250929_124055.jpg
2025-09-29 13:00:00,7.0,5.0,7.0,1.0,5.0,IMG_20250929_125111.jpg
2025-09-29 13:10:00,3.0,4.0,7.0,0.0,5.0,IMG_20250929_130124.jpg
2025-09-29 13:20:00,4.0,5.0,7.0,1.0,5.0,IMG_20250929_131136.jpg
2025-09-29 13:30:00,7.0,6.0,7.0,0.0,8.0,IMG_20250929_132147.jpg
2025-09-29 13:40:00,11.0,6.0,7.0,1.0,7.0,IMG_20250929_133159.jpg
2025-09-29 13:50:00,10.0,6.0,7.0,0.0,12.0,IMG_20250929_134211.jpg
2025-09-29 14:00:00,11.0,6.0,7.0,1.0,3.0,IMG_20250929_135226.jpg
2025-09-29 14:10:00,8.0,6.0,7.0,0.0,4.0,IMG_20250929_140242.jpg
2025-09-29 14:20:00,6.0,6.0,7.0,0.0,2.0,IMG_20250929_141252.jpg
2025-09-29 14:30:00,8.0,7.0,7.0,0.0,3.0,IMG_20250929_142304.jpg
2025-09-29 14:40:00,7.0,6.0,7.0,0.0,3.0,IMG_20250929_143314.jpg
2025-09-29 14:50:00,12.0,6.0,6.0,2.0,3.0,IMG_20250929_144331.jpg
2025-09-29 15:00:00,3.0,6.0,7.0,0.0,6.0,IMG_20250929_145342.jpg
2025-09-29 15:10:00,6.0,7.0,7.0,0.0,6.0,IMG_20250929_150355.jpg
2025-09-29 15:20:00,7.0,7.0,7.0,0.0,4.0,IMG_20250929_151408.jpg
2025-09-29 15:30:00,5.0,7.0,7.0,0.0,5.0,IMG_20250929_152419.jpg
2025-09-29 15:40:00,8.0,7.0,7.0,0.0,3.0,IMG_20250929_153430.jpg
2025-09-29 15:50:00,7.0,7.0,7.0,0.0,3.0,IMG_20250929_154442.jpg
2025-09-29 16:00:00,6.0,7.0,7.0,0.0,4.0,IMG_20250929_155452.jpg
2025-09-29 16:10:00,6.0,7.0,7.0,0.0,3.0,IMG_20250929_160504.jpg
2025-09-29 16:20:00,5.0,7.0,7.0,1.0,4.0,IMG_20250929_161517.jpg
2025-09-29 16:30:00,7.0,7.0,7.0,0.0,3.0,IMG_20250929_162527.jpg
2025-09-29 16:40:00,6.0,7.0,7.0,0.0,3.0,IMG_20250929_163539.jpg
2025-09-29 16:50:00,6.0,6.0,7.0,0.0,1.0,IMG_20250929_164550.jpg
2025-09-29 17:00:00,6.0,6.0,7.0,0.0,3.0,IMG_20250929_165601.jpg
2025-09-29 17:10:00,3.0,6.0,7.0,0.0,3.0,IMG_20250929_170612.jpg
2025-09-29 17:20:00,0.0,2.0,5.0,0.0,1.0,IMG_20250929_171625.jpg
2025-09-29 17:30:00,0.0,6.0,7.0,0.0,4.0,IMG_20250929_172636.jpg
2025-09-29 17:40:00,0.0,6.0,7.0,0.0,5.0,IMG_20250929_173647.jpg
2025-09-29 17:50:00,0.0,6.0,7.0,0.0,4.0,IMG_20250929_174657.jpg
2025-09-29 18:00:00,5.0,7.0,7.0,1.0,8.0,IMG_20250929_175710.jpg
2025-09-29 18:10:00,6.0,7.0,7.0,0.0,7.0,IMG_20250929_180721.jpg
2025-09-29 18:20:00,3.0,7.0,7.0,2.0,8.0,IMG_20250929_181731.jpg
2025-09-29 18:30:00,5.0,7.0,7.0,2.0,5.0,IMG_20250929_182742.jpg
2025-09-29 18:40:00,3.0,7.0,7.0,3.0,5.0,IMG_20250929_183753.jpg
2025-09-29 18:50:00,5.0,7.0,7.0,2.0,5.0,IMG_20250929_184805.jpg
2025-09-29 19:00:00,5.0,7.0,7.0,0.0,4.0,IMG_20250929_185817.jpg
2025-09-29 19:10:00,6.0,8.0,8.0,0.0,5.0,IMG_20250929_190829.jpg
2025-09-29 19:20:00,5.0,7.0,7.0,0.0,5.0,IMG_20250929_191840.jpg
2025-09-29 19:30:00,6.0,7.0,7.0,0.0,5.0,IMG_20250929_192853.jpg
2025-09-29 19:40:00,5.0,7.0,7.0,0.0,5.0,IMG_20250929_193903.jpg
2025-09-29 19:50:00,6.0,7.0,7.0,0.0,4.0,IMG_20250929_194918.jpg
2025-09-29 20:00:00,5.0,7.0,7.0,0.0,5.0,IMG_20250929_195929.jpg
2025-09-29 20:10:00,5.0,7.0,7.0,0.0,3.0,IMG_20250929_200941.jpg
2025-09-29 20:20:00,5.0,6.0,7.0,0.0,4.0,IMG_20250929_201952.jpg
2025-09-29 20:30:00,5.0,6.0,7.0,0.0,4.0,IMG_20250929_201952.jpg
2025-09-29 20:40:00,5.0,6.0,7.0,0.0,4.0,IMG_20250929_203003.jpg
2025-09-29 20:50:00,4.0,6.0,7.0,0.0,4.0,IMG_20250929_204016.jpg
2025-09-29 21:00:00,3.0,6.0,7.0,0.0,3.0,IMG_20250929_205027.jpg
2025-09-29 21:10:00,4.0,6.0,7.0,0.0,3.0,IMG_20250929_210038.jpg
2025-09-29 21:20:00,4.0,6.0,7.0,0.0,3.0,IMG_20250929_211051.jpg
2025-09-29 21:30:00,4.0,6.0,7.0,0.0,3.0,IMG_20250929_212103.jpg
2025-09-29 21:40:00,4.0,6.0,7.0,0.0,3.0,IMG_20250929_213115.jpg
2025-09-29 21:50:00,3.0,6.0,7.0,0.0,3.0,IMG_20250929_214126.jpg
2025-09-29 22:00:00,3.0,5.0,6.0,0.0,3.0,IMG_20250929_215137.jpg
2025-09-29 22:10:00,5.0,6.0,7.0,0.0,3.0,IMG_20250929_220147.jpg
2025-09-29 22:20:00,1.0,6.0,7.0,0.0,3.0,IMG_20250929_221159.jpg
2025-09-29 22:30:00,0.0,6.0,7.0,0.0,3.0,IMG_20250929_222210.jpg
2025-09-29 22:40:00,0.0,6.0,7.0,0.0,3.0,IMG_20250929_223222.jpg
2025-09-29 22:50:00,7.0,6.0,6.0,1.0,3.0,IMG_20250929_224233.jpg
2025-09-29 23:00:00,6.0,8.0,8.0,0.0,3.0,IMG_20250929_225244.jpg
2025-09-29 23:10:00,6.0,8.0,8.0,0.0,3.0,IMG_20250929_225244.jpg
2025-09-29 23:20:00,6.0,8.0,8.0,0.0,3.0,IMG_20250929_225244.jpg
2025-09-29 23:30:00,6.0,8.0,8.0,0.0,3.0,IMG_20250929_225244.jpg
2025-09-29 23:40:00,6.0,8.0,8.0,0.0,3.0,IMG_20250929_225244.jpg
2025-09-29 23:50:00,6.0,8.0,8.0,0.0,3.0,IMG_20250929_225244.jpg
2025-09-30 00:00:00,6.0,8.0,8.0,0.0,3.0,IMG_20250929_225244.jpg
2025-09-30 00:10:00,6.0,8.0,8.0,0.0,3.0,IMG_20250929_225244.jpg
2025-09-30 00:20:00,6.0,8.0,8.0,0.0,3.0,IMG_20250929_225244.jpg
2025-09-30 00:30:00,6.0,8.0,8.0,0.0,3.0,IMG_20250929_225244.jpg
2025-09-30 00:40:00,6.0,8.0,8.0,0.0,3.0,IMG_20250929_225244.jpg
2025-09-30 00:50:00,6.0,8.0,8.0,0.0,3.0,IMG_20250929_225244.jpg
2025-09-30 01:00:00,6.0,8.0,8.0,0.0,3.0,IMG_20250929_225244.jpg
2025-09-30 01:10:00,6.0,8.0,8.0,0.0,3.0,IMG_20250929_225244.jpg
2025-09-30 01:20:00,6.0,8.0,8.0,0.0,3.0,IMG_20250929_225244.jpg
2025-09-30 01:30:00,6.0,8.0,8.0,0.0,3.0,IMG_20250929_225244.jpg
2025-09-30 01:40:00,6.0,8.0,8.0,0.0,3.0,IMG_20250929_225244.jpg
2025-09-30 01:50:00,6.0,8.0,8.0,0.0,3.0,IMG_20250929_225244.jpg
2025-09-30 02:00:00,6.0,8.0,8.0,0.0,3.0,IMG_20250929_225244.jpg
2025-09-30 02:10:00,6.0,8.0,8.0,0.0,3.0,IMG_20250929_225244.jpg
2025-09-30 02:20:00,6.0,8.0,8.0,0.0,3.0,IMG_20250929_225244.jpg
2025-09-30 02:30:00,6.0,8.0,8.0,0.0,3.0,IMG_20250929_225244.jpg
2025-09-30 02:40:00,6.0,8.0,8.0,0.0,3.0,IMG_20250929_225244.jpg
2025-09-30 02:50:00,6.0,8.0,8.0,0.0,3.0,IMG_20250929_225244.jpg
2025-09-30 03:00:00,6.0,8.0,8.0,0.0,3.0,IMG_20250929_225244.jpg
2025-09-30 03:10:00,6.0,8.0,8.0,0.0,3.0,IMG_20250929_225244.jpg
2025-09-30 03:20:00,6.0,8.0,8.0,0.0,3.0,IMG_20250929_225244.jpg
2025-09-30 03:30:00,6.0,8.0,8.0,0.0,3.0,IMG_20250929_225244.jpg
2025-09-30 03:40:00,6.0,8.0,8.0,0.0,3.0,IMG_20250929_225244.jpg
2025-09-30 03:50:00,6.0,8.0,8.0,0.0,3.0,IMG_20250929_225244.jpg
2025-09-30 04:00:00,6.0,8.0,8.0,0.0,3.0,IMG_20250929_225244.jpg
2025-09-30 04:10:00,6.0,8.0,8.0,0.0,3.0,IMG_20250929_225244.jpg
2025-09-30 04:20:00,6.0,8.0,8.0,0.0,3.0,IMG_20250929_225244.jpg
2025-09-30 04:30:00,6.0,8.0,8.0,0.0,3.0,IMG_20250929_225244.jpg
2025-09-30 04:40:00,6.0,8.0,8.0,0.0,3.0,IMG_20250929_225244.jpg
2025-09-30 04:50:00,6.0,8.0,8.0,0.0,3.0,IMG_20250929_225244.jpg
2025-09-30 05:00:00,6.0,8.0,8.0,0.0,3.0,IMG_20250929_225244.jpg
2025-09-30 05:10:00,6.0,8.0,8.0,0.0,3.0,IMG_20250929_225244.jpg
2025-09-30 05:20:00,6.0,8.0,8.0,0.0,3.0,IMG_20250929_225244.jpg
2025-09-30 05:30:00,6.0,8.0,8.0,0.0,3.0,IMG_20250929_225244.jpg
2025-09-30 05:40:00,6.0,8.0,8.0,0.0,3.0,IMG_20250929_225244.jpg
2025-09-30 05:50:00,6.0,8.0,8.0,0.0,3.0,IMG_20250929_225244.jpg
2025-09-30 06:00:00,6.0,8.0,8.0,0.0,3.0,IMG_20250929_225244.jpg
2025-09-30 06:10:00,6.0,8.0,8.0,0.0,3.0,IMG_20250929_225244.jpg
2025-09-30 06:20:00,6.0,8.0,8.0,0.0,3.0,IMG_20250929_225244.jpg
2025-09-30 06:30:00,6.0,8.0,8.0,0.0,3.0,IMG_20250929_225244.jpg
2025-09-30 06:40:00,6.0,8.0,8.0,0.0,3.0,IMG_20250929_225244.jpg
2025-09-30 06:50:00,6.0,8.0,8.0,0.0,3.0,IMG_20250929_225244.jpg
2025-09-30 07:00:00,6.0,8.0,8.0,0.0,3.0,IMG_20250929_225244.jpg
2025-09-30 07:10:00,0.0,4.0,7.0,0.0,3.0,IMG_20250930_070242.jpg
2025-09-30 07:20:00,0.0,4.0,7.0,0.0,4.0,IMG_20250930_071253.jpg
2025-09-30 07:30:00,0.0,4.0,7.0,0.0,3.0,IMG_20250930_072303.jpg
2025-09-30 07:40:00,0.0,4.0,7.0,0.0,4.0,IMG_20250930_073314.jpg
2025-09-30 07:50:00,0.0,4.0,7.0,0.0,5.0,IMG_20250930_074325.jpg
2025-09-30 08:00:00,0.0,4.0,7.0,0.0,5.0,IMG_20250930_075336.jpg
2025-09-30 08:10:00,0.0,5.0,7.0,0.0,5.0,IMG_20250930_080346.jpg
2025-09-30 08:20:00,0.0,4.0,7.0,0.0,5.0,IMG_20250930_081356.jpg
2025-09-30 08:30:00,0.0,5.0,7.0,0.0,5.0,IMG_20250930_082410.jpg
2025-09-30 08:40:00,0.0,4.0,7.0,0.0,5.0,IMG_20250930_083420.jpg
2025-09-30 08:50:00,0.0,4.0,7.0,0.0,5.0,IMG_20250930_084432.jpg
2025-09-30 09:00:00,0.0,4.0,7.0,0.0,4.0,IMG_20250930_085442.jpg
2025-09-30 09:10:00,0.0,4.0,7.0,0.0,4.0,IMG_20250930_090452.jpg
2025-09-30 09:20:00,1.0,4.0,7.0,0.0,3.0,IMG_20250930_091506.jpg
2025-09-30 09:30:00,2.0,4.0,7.0,0.0,4.0,IMG_20250930_092517.jpg
2025-09-30 09:40:00,1.0,4.0,7.0,0.0,3.0,IMG_20250930_093530.jpg
2025-09-30 09:50:00,2.0,6.0,7.0,0.0,4.0,IMG_20250930_094542.jpg
2025-09-30 10:00:00,2.0,5.0,8.0,0.0,3.0,IMG_20250930_095554.jpg
2025-09-30 10:10:00,3.0,6.0,7.0,0.0,3.0,IMG_20250930_100605.jpg
2025-09-30 10:20:00,2.0,6.0,7.0,0.0,4.0,IMG_20250930_101616.jpg
2025-09-30 10:30:00,3.0,7.0,8.0,0.0,4.0,IMG_20250930_102630.jpg
2025-09-30 10:40:00,2.0,7.0,8.0,0.0,4.0,IMG_20250930_103640.jpg
2025-09-30 10:50:00,2.0,7.0,8.0,0.0,4.0,IMG_20250930_104651.jpg
2025-09-30 11:00:00,2.0,6.0,8.0,0.0,4.0,IMG_20250930_105702.jpg
2025-09-30 11:10:00,1.0,6.0,7.0,0.0,4.0,IMG_20250930_110712.jpg
2025-09-30 11:20:00,5.0,6.0,7.0,0.0,0.0,IMG_20250930_111723.jpg
2025-09-30 11:30:00,9.0,7.0,8.0,1.0,1.0,IMG_20250930_112735.jpg
2025-09-30 11:40:00,7.0,7.0,8.0,2.0,5.0,IMG_20250930_113747.jpg
2025-09-30 11:50:00,6.0,6.0,7.0,0.0,2.0,IMG_20250930_114759.jpg
2025-09-30 12:00:00,9.0,6.0,7.0,2.0,5.0,IMG_20250930_115811.jpg
2025-09-30 12:10:00,9.0,6.0,7.0,2.0,5.0,IMG_20250930_120823.jpg
2025-09-30 12:20:00,9.0,7.0,8.0,1.0,5.0,IMG_20250930_121837.jpg
2025-09-30 12:30:00,10.0,6.0,7.0,2.0,4.0,IMG_20250930_122848.jpg
2025-09-30 12:40:00,16.0,6.0,7.0,4.0,4.0,IMG_20250930_123859.jpg
2025-09-30 12:50:00,13.0,6.0,7.0,0.0,3.0,IMG_20250930_124909.jpg
2025-09-30 13:00:00,3.0,5.0,7.0,0.0,3.0,IMG_20250930_125922.jpg
2025-09-30 13:10:00,2.0,6.0,7.0,0.0,2.0,IMG_20250930_130934.jpg
2025-09-30 13:20:00,4.0,6.0,7.0,1.0,5.0,IMG_20250930_131946.jpg
2025-09-30 13:30:00,2.0,6.0,7.0,0.0,3.0,IMG_20250930_132958.jpg
2025-09-30 13:40:00,2.0,6.0,7.0,0.0,3.0,IMG_20250930_132958.jpg
2025-09-30 13:50:00,3.0,7.0,8.0,0.0,2.0,IMG_20250930_134009.jpg
2025-09-30 14:00:00,4.0,6.0,7.0,1.0,3.0,IMG_20250930_135022.jpg
2025-09-30 14:10:00,1.0,6.0,7.0,0.0,4.0,IMG_20250930_140034.jpg
2025-09-30 14:20:00,1.0,6.0,7.0,1.0,4.0,IMG_20250930_141045.jpg
2025-09-30 14:30:00,1.0,6.0,7.0,0.0,3.0,IMG_20250930_142057.jpg
2025-09-30 14:40:00,2.0,6.0,7.0,1.0,2.0,IMG_20250930_143110.jpg
2025-09-30 14:50:00,4.0,6.0,7.0,0.0,2.0,IMG_20250930_144121.jpg
2025-09-30 15:00:00,3.0,6.0,7.0,1.0,3.0,IMG_20250930_145131.jpg
2025-09-30 15:10:00,5.0,6.0,7.0,0.0,1.0,IMG_20250930_150142.jpg
2025-09-30 15:20:00,4.0,7.0,7.0,1.0,4.0,IMG_20250930_151153.jpg
2025-09-30 15:30:00,12.0,7.0,7.0,0.0,2.0,IMG_20250930_152204.jpg
2025-09-30 15:40:00,8.0,8.0,8.0,1.0,6.0,IMG_20250930_153215.jpg
2025-09-30 15:50:00,9.0,7.0,7.0,1.0,5.0,IMG_20250930_154227.jpg
2025-09-30 16:00:00,11.0,8.0,8.0,1.0,2.0,IMG_20250930_155238.jpg
2025-09-30 16:10:00,0.0,6.0,7.0,0.0,2.0,IMG_20250930_160250.jpg
2025-09-30 16:20:00,0.0,6.0,7.0,0.0,2.0,IMG_20250930_161301.jpg
2025-09-30 16:30:00,0.0,5.0,7.0,0.0,2.0,IMG_20250930_162313.jpg
2025-09-30 16:40:00,2.0,6.0,7.0,0.0,3.0,IMG_20250930_163326.jpg
2025-09-30 16:50:00,2.0,4.0,7.0,0.0,2.0,IMG_20250930_164338.jpg
2025-09-30 17:00:00,1.0,6.0,8.0,0.0,4.0,IMG_20250930_165350.jpg
2025-09-30 17:10:00,0.0,6.0,7.0,0.0,2.0,IMG_20250930_170405.jpg
2025-09-30 17:20:00,3.0,6.0,7.0,1.0,3.0,IMG_20250930_171418.jpg
2025-09-30 17:30:00,3.0,4.0,7.0,1.0,3.0,IMG_20250930_172428.jpg
2025-09-30 17:40:00,3.0,4.0,7.0,0.0,4.0,IMG_20250930_173440.jpg
2025-09-30 17:50:00,3.0,4.0,7.0,1.0,3.0,IMG_20250930_174451.jpg
2025-09-30 18:00:00,4.0,4.0,7.0,1.0,3.0,IMG_20250930_175503.jpg
2025-09-30 18:10:00,1.0,2.0,7.0,0.0,3.0,IMG_20250930_180514.jpg
2025-09-30 18:20:00,0.0,2.0,7.0,0.0,4.0,IMG_20250930_181526.jpg
2025-09-30 18:30:00,2.0,3.0,7.0,0.0,4.0,IMG_20250930_182536.jpg
2025-09-30 18:40:00,3.0,4.0,7.0,1.0,3.0,IMG_20250930_183549.jpg
2025-09-30 18:50:00,3.0,4.0,7.0,1.0,3.0,IMG_20250930_184559.jpg
2025-09-30 19:00:00,3.0,4.0,7.0,0.0,3.0,IMG_20250930_185610.jpg
2025-09-30 19:10:00,4.0,4.0,7.0,1.0,3.0,IMG_20250930_190620.jpg
2025-09-30 19:20:00,5.0,5.0,7.0,3.0,6.0,IMG_20250930_191630.jpg
2025-09-30 19:30:00,6.0,5.0,7.0,0.0,2.0,IMG_20250930_192647.jpg
2025-09-30 19:40:00,3.0,4.0,7.0,0.0,3.0,IMG_20250930_193658.jpg
2025-09-30 19:50:00,2.0,4.0,7.0,0.0,3.0,IMG_20250930_194709.jpg
2025-09-30 20:00:00,4.0,4.0,7.0,1.0,3.0,IMG_20250930_195721.jpg
2025-09-30 20:10:00,2.0,4.0,7.0,0.0,2.0,IMG_20250930_200732.jpg
2025-09-30 20:20:00,2.0,4.0,7.0,0.0,2.0,IMG_20250930_201743.jpg
2025-09-30 20:30:00,3.0,4.0,7.0,0.0,3.0,IMG_20250930_202754.jpg
2025-09-30 20:40:00,1.0,4.0,7.0,0.0,3.0,IMG_20250930_203805.jpg
2025-09-30 20:50:00,1.0,4.0,7.0,0.0,2.0,IMG_20250930_204820.jpg
2025-09-30 21:00:00,1.0,4.0,7.0,0.0,2.0,IMG_20250930_205833.jpg
2025-09-30 21:10:00,1.0,4.0,7.0,0.0,3.0,IMG_20250930_210844.jpg
2025-09-30 21:20:00,1.0,4.0,7.0,0.0,2.0,IMG_20250930_211856.jpg
2025-09-30 21:30:00,1.0,4.0,7.0,0.0,3.0,IMG_20250930_212907.jpg
2025-09-30 21:40:00,2.0,4.0,7.0,0.0,3.0,IMG_20250930_213920.jpg
2025-09-30 21:50:00,3.0,4.0,7.0,0.0,3.0,IMG_20250930_214931.jpg
2025-09-30 22:00:00,3.0,4.0,7.0,0.0,2.0,IMG_20250930_215943.jpg
2025-09-30 22:10:00,3.0,4.0,7.0,0.0,2.0,IMG_20250930_220954.jpg
2025-09-30 22:20:00,3.0,4.0,7.0,0.0,2.0,IMG_20250930_220954.jpg
2025-09-30 22:30:00,2.0,4.0,7.0,0.0,3.0,IMG_20250930_222007.jpg
2025-09-30 22:40:00,1.0,4.0,7.0,0.0,3.0,IMG_20250930_223018.jpg
2025-09-30 22:50:00,0.0,4.0,7.0,0.0,3.0,IMG_20250930_224031.jpg
2025-09-30 23:00:00,0.0,3.0,7.0,0.0,3.0,IMG_20250930_225043.jpg
2025-09-30 23:10:00,0.0,3.0,7.0,0.0,3.0,IMG_20250930_225043.jpg
2025-09-30 23:20:00,0.0,3.0,7.0,0.0,3.0,IMG_20250930_225043.jpg
2025-09-30 23:30:00,0.0,3.0,7.0,0.0,3.0,IMG_20250930_225043.jpg
2025-09-30 23:40:00,0.0,3.0,7.0,0.0,3.0,IMG_20250930_225043.jpg
2025-09-30 23:50:00,0.0,3.0,7.0,0.0,3.0,IMG_20250930_225043.jpg
2025-10-01 00:00:00,0.0,3.0,7.0,0.0,3.0,IMG_20250930_225043.jpg
2025-10-01 00:10:00,0.0,3.0,7.0,0.0,3.0,IMG_20250930_225043.jpg
2025-10-01 00:20:00,0.0,3.0,7.0,0.0,3.0,IMG_20250930_225043.jpg
2025-10-01 00:30:00,0.0,3.0,7.0,0.0,3.0,IMG_20250930_225043.jpg
2025-10-01 00:40:00,0.0,3.0,7.0,0.0,3.0,IMG_20250930_225043.jpg
2025-10-01 00:50:00,0.0,3.0,7.0,0.0,3.0,IMG_20250930_225043.jpg
2025-10-01 01:00:00,0.0,3.0,7.0,0.0,3.0,IMG_20250930_225043.jpg
2025-10-01 01:10:00,0.0,3.0,7.0,0.0,3.0,IMG_20250930_225043.jpg
2025-10-01 01:20:00,0.0,3.0,7.0,0.0,3.0,IMG_20250930_225043.jpg
2025-10-01 01:30:00,0.0,3.0,7.0,0.0,3.0,IMG_20250930_225043.jpg
2025-10-01 01:40:00,0.0,3.0,7.0,0.0,3.0,IMG_20250930_225043.jpg
2025-10-01 01:50:00,0.0,3.0,7.0,0.0,3.0,IMG_20250930_225043.jpg
2025-10-01 02:00:00,0.0,3.0,7.0,0.0,3.0,IMG_20250930_225043.jpg
2025-10-01 02:10:00,0.0,3.0,7.0,0.0,3.0,IMG_20250930_225043.jpg
2025-10-01 02:20:00,0.0,3.0,7.0,0.0,3.0,IMG_20250930_225043.jpg
2025-10-01 02:30:00,0.0,3.0,7.0,0.0,3.0,IMG_20250930_225043.jpg
2025-10-01 02:40:00,0.0,3.0,7.0,0.0,3.0,IMG_20250930_225043.jpg
2025-10-01 02:50:00,0.0,3.0,7.0,0.0,3.0,IMG_20250930_225043.jpg
2025-10-01 03:00:00,0.0,3.0,7.0,0.0,3.0,IMG_20250930_225043.jpg
2025-10-01 03:10:00,0.0,3.0,7.0,0.0,3.0,IMG_20250930_225043.jpg
2025-10-01 03:20:00,0.0,3.0,7.0,0.0,3.0,IMG_20250930_225043.jpg
2025-10-01 03:30:00,0.0,3.0,7.0,0.0,3.0,IMG_20250930_225043.jpg
2025-10-01 03:40:00,0.0,3.0,7.0,0.0,3.0,IMG_20250930_225043.jpg
2025-10-01 03:50:00,0.0,3.0,7.0,0.0,3.0,IMG_20250930_225043.jpg
2025-10-01 04:00:00,0.0,3.0,7.0,0.0,3.0,IMG_20250930_225043.jpg
2025-10-01 04:10:00,0.0,3.0,7.0,0.0,3.0,IMG_20250930_225043.jpg
2025-10-01 04:20:00,0.0,3.0,7.0,0.0,3.0,IMG_20250930_225043.jpg
2025-10-01 04:30:00,0.0,3.0,7.0,0.0,3.0,IMG_20250930_225043.jpg
2025-10-01 04:40:00,0.0,3.0,7.0,0.0,3.0,IMG_20250930_225043.jpg
2025-10-01 04:50:00,0.0,3.0,7.0,0.0,3.0,IMG_20250930_225043.jpg
2025-10-01 05:00:00,0.0,3.0,7.0,0.0,3.0,IMG_20250930_225043.jpg
2025-10-01 05:10:00,0.0,3.0,7.0,0.0,3.0,IMG_20250930_225043.jpg
2025-10-01 05:20:00,0.0,3.0,7.0,0.0,3.0,IMG_20250930_225043.jpg
2025-10-01 05:30:00,0.0,3.0,7.0,0.0,3.0,IMG_20250930_225043.jpg
2025-10-01 05:40:00,0.0,3.0,7.0,0.0,3.0,IMG_20250930_225043.jpg
2025-10-01 05:50:00,0.0,3.0,7.0,0.0,3.0,IMG_20250930_225043.jpg
2025-10-01 06:00:00,0.0,3.0,7.0,0.0,3.0,IMG_20250930_225043.jpg
2025-10-01 06:10:00,0.0,3.0,7.0,0.0,3.0,IMG_20250930_225043.jpg
2025-10-01 06:20:00,0.0,3.0,7.0,0.0,3.0,IMG_20250930_225043.jpg
2025-10-01 06:30:00,0.0,3.0,7.0,0.0,3.0,IMG_20250930_225043.jpg
2025-10-01 06:40:00,0.0,3.0,7.0,0.0,3.0,IMG_20250930_225043.jpg
2025-10-01 06:50:00,0.0,3.0,7.0,0.0,3.0,IMG_20250930_225043.jpg
2025-10-01 07:00:00,0.0,3.0,7.0,0.0,3.0,IMG_20250930_225043.jpg
2025-10-01 07:10:00,0.0,3.0,7.0,0.0,3.0,IMG_20250930_225043.jpg
2025-10-01 07:20:00,3.0,5.0,8.0,0.0,0.0,IMG_20251001_071003.jpg
2025-10-01 07:30:00,1.0,4.0,7.0,0.0,1.0,IMG_20251001_072016.jpg
2025-10-01 07:40:00,2.0,4.0,7.0,0.0,1.0,IMG_20251001_073027.jpg
2025-10-01 07:50:00,3.0,5.0,8.0,0.0,1.0,IMG_20251001_074037.jpg
2025-10-01 08:00:00,4.0,4.0,7.0,0.0,1.0,IMG_20251001_075049.jpg
2025-10-01 08:10:00,4.0,5.0,8.0,0.0,1.0,IMG_20251001_080059.jpg
2025-10-01 08:20:00,3.0,4.0,7.0,0.0,1.0,IMG_20251001_081109.jpg
2025-10-01 08:30:00,0.0,3.0,7.0,0.0,4.0,IMG_20251001_082121.jpg
2025-10-01 08:40:00,0.0,3.0,7.0,0.0,3.0,IMG_20251001_083133.jpg
2025-10-01 08:50:00,0.0,3.0,7.0,0.0,3.0,IMG_20251001_084147.jpg
2025-10-01 09:00:00,0.0,3.0,7.0,0.0,1.0,IMG_20251001_085159.jpg
2025-10-01 09:10:00,0.0,3.0,7.0,0.0,2.0,IMG_20251001_090211.jpg
2025-10-01 09:20:00,0.0,3.0,7.0,0.0,2.0,IMG_20251001_091223.jpg
2025-10-01 09:30:00,0.0,3.0,7.0,0.0,2.0,IMG_20251001_092235.jpg
2025-10-01 09:40:00,0.0,3.0,7.0,0.0,3.0,IMG_20251001_093246.jpg
2025-10-01 09:50:00,0.0,4.0,8.0,0.0,2.0,IMG_20251001_094256.jpg
2025-10-01 10:00:00,1.0,2.0,7.0,0.0,4.0,IMG_20251001_095309.jpg
2025-10-01 10:10:00,1.0,2.0,7.0,0.0,3.0,IMG_20251001_100322.jpg
2025-10-01 10:20:00,1.0,2.0,7.0,0.0,3.0,IMG_20251001_101333.jpg
2025-10-01 10:30:00,1.0,2.0,7.0,0.0,3.0,IMG_20251001_102345.jpg
2025-10-01 10:40:00,1.0,2.0,7.0,0.0,3.0,IMG_20251001_103357.jpg
2025-10-01 10:50:00,1.0,2.0,7.0,0.0,3.0,IMG_20251001_104408.jpg
2025-10-01 11:00:00,1.0,2.0,7.0,0.0,1.0,IMG_20251001_105421.jpg
2025-10-01 11:10:00,7.0,5.0,7.0,1.0,3.0,IMG_20251001_110438.jpg
2025-10-01 11:20:00,6.0,4.0,7.0,2.0,3.0,IMG_20251001_111448.jpg
2025-10-01 11:30:00,7.0,6.0,9.0,1.0,4.0,IMG_20251001_112500.jpg
2025-10-01 11:40:00,3.0,5.0,8.0,0.0,3.0,IMG_20251001_113512.jpg
2025-10-01 11:50:00,4.0,6.0,9.0,0.0,3.0,IMG_20251001_114523.jpg
2025-10-01 12:00:00,3.0,5.0,8.0,1.0,6.0,IMG_20251001_115534.jpg
2025-10-01 12:10:00,0.0,5.0,8.0,0.0,4.0,IMG_20251001_120544.jpg
2025-10-01 12:20:00,0.0,5.0,8.0,0.0,4.0,IMG_20251001_121555.jpg
2025-10-01 12:30:00,5.0,5.0,8.0,1.0,4.0,IMG_20251001_122606.jpg
2025-10-01 12:40:00,6.0,5.0,8.0,3.0,4.0,IMG_20251001_123617.jpg
2025-10-01 12:50:00,11.0,7.0,8.0,2.0,6.0,IMG_20251001_124628.jpg
2025-10-01 13:00:00,10.0,7.0,8.0,1.0,7.0,IMG_20251001_125640.jpg
2025-10-01 13:10:00,12.0,6.0,8.0,3.0,8.0,IMG_20251001_130651.jpg
2025-10-01 13:20:00,8.0,6.0,8.0,1.0,9.0,IMG_20251001_131704.jpg
2025-10-01 13:30:00,9.0,5.0,7.0,2.0,8.0,IMG_20251001_132714.jpg
2025-10-01 13:40:00,9.0,6.0,7.0,1.0,5.0,IMG_20251001_133727.jpg
2025-10-01 13:50:00,8.0,7.0,8.0,3.0,9.0,IMG_20251001_134737.jpg
2025-10-01 14:00:00,10.0,7.0,8.0,0.0,6.0,IMG_20251001_135750.jpg
2025-10-01 14:10:00,13.0,7.0,8.0,1.0,7.0,IMG_20251001_140801.jpg
2025-10-01 14:20:00,8.0,10.0,10.0,2.0,9.0,IMG_20251001_141812.jpg
2025-10-01 14:30:00,8.0,7.0,7.0,3.0,6.0,IMG_20251001_142822.jpg
2025-10-01 14:40:00,9.0,8.0,8.0,1.0,4.0,IMG_20251001_143834.jpg
2025-10-01 14:50:00,9.0,8.0,8.0,2.0,5.0,IMG_20251001_144845.jpg
2025-10-01 15:00:00,9.0,9.0,9.0,1.0,5.0,IMG_20251001_145858.jpg
2025-10-01 15:10:00,10.0,7.0,7.0,1.0,6.0,IMG_20251001_150909.jpg
2025-10-01 15:20:00,10.0,8.0,8.0,2.0,7.0,IMG_20251001_151920.jpg
2025-10-01 15:30:00,8.0,7.0,8.0,1.0,5.0,IMG_20251001_152932.jpg
2025-10-01 15:40:00,10.0,7.0,8.0,5.0,8.0,IMG_20251001_153944.jpg
2025-10-01 15:50:00,11.0,8.0,8.0,4.0,9.0,IMG_20251001_154955.jpg
2025-10-01 16:00:00,11.0,8.0,8.0,4.0,9.0,IMG_20251001_154955.jpg
2025-10-01 16:10:00,6.0,7.0,8.0,2.0,7.0,IMG_20251001_160007.jpg
2025-10-01 16:20:00,5.0,6.0,7.0,3.0,4.0,IMG_20251001_161018.jpg
2025-10-01 16:30:00,9.0,8.0,8.0,2.0,8.0,IMG_20251001_162029.jpg
2025-10-01 16:40:00,11.0,7.0,7.0,6.0,8.0,IMG_20251001_163039.jpg
2025-10-01 16:50:00,6.0,6.0,7.0,1.0,7.0,IMG_20251001_164051.jpg
2025-10-01 17:00:00,5.0,7.0,8.0,0.0,5.0,IMG_20251001_165101.jpg
2025-10-01 17:10:00,6.0,6.0,7.0,0.0,5.0,IMG_20251001_170112.jpg
2025-10-01 17:20:00,6.0,6.0,7.0,0.0,5.0,IMG_20251001_171124.jpg
2025-10-01 17:30:00,5.0,6.0,7.0,1.0,5.0,IMG_20251001_172136.jpg
2025-10-01 17:40:00,4.0,8.0,9.0,0.0,7.0,IMG_20251001_173147.jpg
2025-10-01 17:50:00,4.0,7.0,8.0,0.0,5.0,IMG_20251001_174158.jpg
2025-10-01 18:00:00,2.0,6.0,7.0,0.0,5.0,IMG_20251001_175210.jpg
2025-10-01 18:10:00,0.0,5.0,7.0,0.0,6.0,IMG_20251001_180223.jpg
2025-10-01 18:20:00,0.0,5.0,7.0,0.0,6.0,IMG_20251001_181234.jpg
2025-10-01 18:30:00,1.0,5.0,7.0,0.0,6.0,IMG_20251001_182245.jpg
2025-10-01 18:40:00,0.0,5.0,7.0,0.0,7.0,IMG_20251001_183256.jpg
2025-10-01 18:50:00,0.0,3.0,7.0,0.0,6.0,IMG_20251001_184306.jpg
2025-10-01 19:00:00,0.0,3.0,7.0,0.0,7.0,IMG_20251001_185317.jpg
2025-10-01 19:10:00,0.0,3.0,7.0,0.0,6.0,IMG_20251001_190328.jpg
2025-10-01 19:20:00,0.0,3.0,7.0,0.0,7.0,IMG_20251001_191339.jpg
2025-10-01 19:30:00,0.0,3.0,7.0,0.0,6.0,IMG_20251001_192351.jpg
2025-10-01 19:40:00,0.0,3.0,7.0,0.0,7.0,IMG_20251001_193402.jpg
2025-10-01 19:50:00,5.0,4.0,7.0,1.0,4.0,IMG_20251001_194413.jpg
2025-10-01 20:00:00,5.0,4.0,7.0,1.0,5.0,IMG_20251001_195424.jpg
2025-10-01 20:10:00,4.0,4.0,7.0,0.0,4.0,IMG_20251001_200436.jpg
2025-10-01 20:20:00,4.0,5.0,8.0,0.0,6.0,IMG_20251001_201447.jpg
2025-10-01 20:30:00,5.0,3.0,7.0,1.0,4.0,IMG_20251001_202458.jpg
2025-10-01 20:40:00,5.0,3.0,7.0,0.0,4.0,IMG_20251001_203509.jpg
2025-10-01 20:50:00,5.0,3.0,7.0,4.0,7.0,IMG_20251001_204521.jpg
2025-10-01 21:00:00,3.0,3.0,7.0,1.0,6.0,IMG_20251001_205531.jpg
2025-10-01 21:10:00,4.0,3.0,7.0,1.0,3.0,IMG_20251001_210546.jpg
2025-10-01 21:20:00,6.0,4.0,7.0,3.0,5.0,IMG_20251001_211557.jpg
2025-10-01 21:30:00,6.0,3.0,7.0,1.0,5.0,IMG_20251001_212609.jpg
2025-10-01 21:40:00,4.0,4.0,8.0,0.0,5.0,IMG_20251001_213620.jpg
2025-10-01 21:50:00,4.0,3.0,8.0,0.0,3.0,IMG_20251001_214631.jpg
2025-10-01 22:00:00,5.0,3.0,7.0,1.0,5.0,IMG_20251001_215641.jpg
2025-10-01 22:10:00,6.0,3.0,7.0,1.0,5.0,IMG_20251001_220653.jpg
2025-10-01 22:20:00,5.0,5.0,9.0,0.0,4.0,IMG_20251001_221704.jpg
2025-10-01 22:30:00,6.0,4.0,8.0,2.0,4.0,IMG_20251001_222715.jpg
2025-10-01 22:40:00,5.0,3.0,7.0,3.0,7.0,IMG_20251001_223725.jpg
2025-10-01 22:50:00,5.0,3.0,8.0,2.0,5.0,IMG_20251001_224735.jpg
2025-10-01 23:00:00,3.0,4.0,8.0,0.0,6.0,IMG_20251001_225747.jpg
2025-10-01 23:10:00,3.0,4.0,8.0,0.0,6.0,IMG_20251001_225747.jpg
2025-10-01 23:20:00,3.0,4.0,8.0,0.0,6.0,IMG_20251001_225747.jpg
2025-10-01 23:30:00,3.0,4.0,8.0,0.0,6.0,IMG_20251001_225747.jpg
2025-10-01 23:40:00,3.0,4.0,8.0,0.0,6.0,IMG_20251001_225747.jpg
2025-10-01 23:50:00,3.0,4.0,8.0,0.0,6.0,IMG_20251001_225747.jpg
2025-10-02 00:00:00,3.0,4.0,8.0,0.0,6.0,IMG_20251001_225747.jpg
2025-10-02 00:10:00,3.0,4.0,8.0,0.0,6.0,IMG_20251001_225747.jpg
2025-10-02 00:20:00,3.0,4.0,8.0,0.0,6.0,IMG_20251001_225747.jpg
2025-10-02 00:30:00,3.0,4.0,8.0,0.0,6.0,IMG_20251001_225747.jpg
2025-10-02 00:40:00,3.0,4.0,8.0,0.0,6.0,IMG_20251001_225747.jpg
2025-10-02 00:50:00,3.0,4.0,8.0,0.0,6.0,IMG_20251001_225747.jpg
2025-10-02 01:00:00,3.0,4.0,8.0,0.0,6.0,IMG_20251001_225747.jpg
2025-10-02 01:10:00,3.0,4.0,8.0,0.0,6.0,IMG_20251001_225747.jpg
2025-10-02 01:20:00,3.0,4.0,8.0,0.0,6.0,IMG_20251001_225747.jpg
2025-10-02 01:30:00,3.0,4.0,8.0,0.0,6.0,IMG_20251001_225747.jpg
2025-10-02 01:40:00,3.0,4.0,8.0,0.0,6.0,IMG_20251001_225747.jpg
2025-10-02 01:50:00,3.0,4.0,8.0,0.0,6.0,IMG_20251001_225747.jpg
2025-10-02 02:00:00,3.0,4.0,8.0,0.0,6.0,IMG_20251001_225747.jpg
2025-10-02 02:10:00,3.0,4.0,8.0,0.0,6.0,IMG_20251001_225747.jpg
2025-10-02 02:20:00,3.0,4.0,8.0,0.0,6.0,IMG_20251001_225747.jpg
2025-10-02 02:30:00,3.0,4.0,8.0,0.0,6.0,IMG_20251001_225747.jpg
2025-10-02 02:40:00,3.0,4.0,8.0,0.0,6.0,IMG_20251001_225747.jpg
2025-10-02 02:50:00,3.0,4.0,8.0,0.0,6.0,IMG_20251001_225747.jpg
2025-10-02 03:00:00,3.0,4.0,8.0,0.0,6.0,IMG_20251001_225747.jpg
2025-10-02 03:10:00,3.0,4.0,8.0,0.0,6.0,IMG_20251001_225747.jpg
2025-10-02 03:20:00,3.0,4.0,8.0,0.0,6.0,IMG_20251001_225747.jpg
2025-10-02 03:30:00,3.0,4.0,8.0,0.0,6.0,IMG_20251001_225747.jpg
2025-10-02 03:40:00,3.0,4.0,8.0,0.0,6.0,IMG_20251001_225747.jpg
2025-10-02 03:50:00,3.0,4.0,8.0,0.0,6.0,IMG_20251001_225747.jpg
2025-10-02 04:00:00,3.0,4.0,8.0,0.0,6.0,IMG_20251001_225747.jpg
2025-10-02 04:10:00,3.0,4.0,8.0,0.0,6.0,IMG_20251001_225747.jpg
2025-10-02 04:20:00,3.0,4.0,8.0,0.0,6.0,IMG_20251001_225747.jpg
2025-10-02 04:30:00,3.0,4.0,8.0,0.0,6.0,IMG_20251001_225747.jpg
2025-10-02 04:40:00,3.0,4.0,8.0,0.0,6.0,IMG_20251001_225747.jpg
2025-10-02 04:50:00,3.0,4.0,8.0,0.0,6.0,IMG_20251001_225747.jpg
2025-10-02 05:00:00,3.0,4.0,8.0,0.0,6.0,IMG_20251001_225747.jpg
2025-10-02 05:10:00,3.0,4.0,8.0,0.0,6.0,IMG_20251001_225747.jpg
2025-10-02 05:20:00,3.0,4.0,8.0,0.0,6.0,IMG_20251001_225747.jpg
2025-10-02 05:30:00,3.0,4.0,8.0,0.0,6.0,IMG_20251001_225747.jpg
2025-10-02 05:40:00,3.0,4.0,8.0,0.0,6.0,IMG_20251001_225747.jpg
2025-10-02 05:50:00,3.0,4.0,8.0,0.0,6.0,IMG_20251001_225747.jpg
2025-10-02 06:00:00,3.0,4.0,8.0,0.0,6.0,IMG_20251001_225747.jpg
2025-10-02 06:10:00,3.0,4.0,8.0,0.0,6.0,IMG_20251001_225747.jpg
2025-10-02 06:20:00,3.0,4.0,8.0,0.0,6.0,IMG_20251001_225747.jpg
2025-10-02 06:30:00,3.0,4.0,8.0,0.0,6.0,IMG_20251001_225747.jpg
2025-10-02 06:40:00,3.0,4.0,8.0,0.0,6.0,IMG_20251001_225747.jpg
2025-10-02 06:50:00,3.0,4.0,8.0,0.0,6.0,IMG_20251001_225747.jpg
2025-10-02 07:00:00,3.0,4.0,8.0,0.0,6.0,IMG_20251001_225747.jpg
2025-10-02 07:10:00,0.0,1.0,7.0,0.0,5.0,IMG_20251002_070750.jpg
2025-10-02 07:20:00,0.0,1.0,7.0,0.0,6.0,IMG_20251002_071802.jpg
2025-10-02 07:30:00,0.0,1.0,7.0,0.0,6.0,IMG_20251002_072813.jpg
2025-10-02 07:40:00,0.0,1.0,7.0,0.0,6.0,IMG_20251002_073826.jpg
2025-10-02 07:50:00,2.0,4.0,8.0,0.0,5.0,IMG_20251002_074836.jpg
2025-10-02 08:00:00,4.0,4.0,8.0,0.0,4.0,IMG_20251002_075847.jpg
2025-10-02 08:10:00,5.0,6.0,8.0,0.0,0.0,IMG_20251002_080859.jpg
2025-10-02 08:20:00,3.0,6.0,8.0,0.0,0.0,IMG_20251002_081910.jpg
2025-10-02 08:30:00,0.0,4.0,7.0,0.0,0.0,IMG_20251002_082922.jpg
2025-10-02 08:40:00,0.0,4.0,7.0,0.0,0.0,IMG_20251002_083933.jpg
2025-10-02 08:50:00,0.0,4.0,7.0,0.0,5.0,IMG_20251002_084946.jpg
2025-10-02 09:00:00,3.0,5.0,7.0,0.0,5.0,IMG_20251002_085956.jpg
2025-10-02 09:10:00,3.0,5.0,7.0,0.0,5.0,IMG_20251002_085956.jpg
2025-10-02 09:20:00,3.0,5.0,7.0,0.0,5.0,IMG_20251002_091009.jpg
2025-10-02 09:30:00,3.0,5.0,7.0,0.0,5.0,IMG_20251002_092021.jpg
2025-10-02 09:40:00,3.0,6.0,7.0,0.0,6.0,IMG_20251002_093032.jpg
2025-10-02 09:50:00,3.0,5.0,7.0,0.0,5.0,IMG_20251002_094042.jpg
2025-10-02 10:00:00,3.0,5.0,7.0,0.0,4.0,IMG_20251002_095053.jpg
2025-10-02 10:10:00,0.0,5.0,7.0,0.0,5.0,IMG_20251002_100103.jpg
2025-10-02 10:20:00,1.0,5.0,7.0,0.0,4.0,IMG_20251002_101113.jpg
2025-10-02 10:30:00,2.0,5.0,7.0,0.0,5.0,IMG_20251002_102126.jpg
2025-10-02 10:40:00,1.0,5.0,7.0,0.0,4.0,IMG_20251002_103136.jpg
2025-10-02 10:50:00,2.0,5.0,7.0,0.0,4.0,IMG_20251002_104147.jpg
2025-10-02 11:00:00,3.0,5.0,7.0,0.0,5.0,IMG_20251002_105159.jpg
2025-10-02 11:10:00,1.0,4.0,7.0,0.0,7.0,IMG_20251002_110221.jpg
2025-10-02 11:20:00,1.0,4.0,7.0,0.0,6.0,IMG_20251002_111248.jpg
2025-10-02 11:30:00,1.0,4.0,7.0,1.0,5.0,IMG_20251002_112310.jpg
2025-10-02 11:40:00,0.0,3.0,7.0,0.0,7.0,IMG_20251002_113446.jpg
2025-10-02 11:50:00,2.0,5.0,7.0,0.0,7.0,IMG_20251002_114820.jpg
2025-10-02 12:00:00,1.0,5.0,7.0,0.0,5.0,IMG_20251002_115910.jpg
2025-10-02 12:10:00,1.0,5.0,7.0,0.0,5.0,IMG_20251002_115910.jpg
2025-10-02 12:20:00,2.0,6.0,8.0,0.0,4.0,IMG_20251002_121254.jpg
2025-10-02 12:30:00,2.0,6.0,8.0,0.0,6.0,IMG_20251002_122528.jpg
2025-10-02 12:40:00,2.0,5.0,7.0,3.0,5.0,IMG_20251002_123626.jpg
2025-10-02 12:50:00,4.0,6.0,8.0,1.0,3.0,IMG_20251002_124739.jpg
2025-10-02 13:00:00,4.0,6.0,8.0,1.0,3.0,IMG_20251002_124739.jpg
2025-10-02 13:10:00,4.0,6.0,8.0,1.0,3.0,IMG_20251002_124739.jpg
2025-10-02 13:20:00,4.0,6.0,8.0,1.0,3.0,IMG_20251002_124739.jpg
2025-10-02 13:30:00,4.0,6.0,8.0,1.0,3.0,IMG_20251002_124739.jpg
2025-10-02 13:40:00,4.0,6.0,8.0,1.0,3.0,IMG_20251002_124739.jpg
2025-10-02 13:50:00,4.0,6.0,8.0,1.0,3.0,IMG_20251002_124739.jpg
2025-10-02 14:00:00,4.0,6.0,8.0,1.0,3.0,IMG_20251002_124739.jpg
2025-10-02 14:10:00,4.0,6.0,8.0,1.0,3.0,IMG_20251002_124739.jpg
2025-10-02 14:20:00,4.0,6.0,8.0,1.0,3.0,IMG_20251002_124739.jpg
2025-10-02 14:30:00,4.0,6.0,8.0,1.0,3.0,IMG_20251002_124739.jpg
2025-10-02 14:40:00,4.0,6.0,8.0,1.0,3.0,IMG_20251002_124739.jpg
2025-10-02 14:50:00,4.0,6.0,8.0,1.0,3.0,IMG_20251002_124739.jpg
2025-10-02 15:00:00,4.0,6.0,8.0,1.0,3.0,IMG_20251002_124739.jpg
2025-10-02 15:10:00,4.0,6.0,8.0,1.0,3.0,IMG_20251002_124739.jpg
2025-10-02 15:20:00,4.0,6.0,8.0,1.0,3.0,IMG_20251002_124739.jpg
2025-10-02 15:30:00,4.0,6.0,8.0,1.0,3.0,IMG_20251002_124739.jpg
2025-10-02 15:40:00,4.0,6.0,8.0,1.0,3.0,IMG_20251002_124739.jpg
2025-10-02 15:50:00,4.0,6.0,8.0,1.0,3.0,IMG_20251002_124739.jpg
2025-10-02 16:00:00,4.0,6.0,8.0,1.0,3.0,IMG_20251002_124739.jpg
2025-10-02 16:10:00,4.0,6.0,8.0,1.0,3.0,IMG_20251002_124739.jpg
2025-10-02 16:20:00,4.0,6.0,8.0,1.0,3.0,IMG_20251002_124739.jpg
2025-10-02 16:30:00,4.0,6.0,8.0,1.0,3.0,IMG_20251002_124739.jpg
2025-10-02 16:40:00,4.0,6.0,8.0,1.0,3.0,IMG_20251002_124739.jpg
2025-10-02 16:50:00,4.0,6.0,8.0,1.0,3.0,IMG_20251002_124739.jpg
2025-10-02 17:00:00,4.0,6.0,8.0,1.0,3.0,IMG_20251002_124739.jpg
2025-10-02 17:10:00,4.0,6.0,8.0,1.0,3.0,IMG_20251002_124739.jpg
2025-10-02 17:20:00,4.0,6.0,8.0,1.0,3.0,IMG_20251002_124739.jpg
2025-10-02 17:30:00,4.0,6.0,8.0,1.0,3.0,IMG_20251002_124739.jpg
2025-10-02 17:40:00,4.0,6.0,8.0,1.0,3.0,IMG_20251002_124739.jpg
2025-10-02 17:50:00,4.0,6.0,8.0,1.0,3.0,IMG_20251002_124739.jpg
2025-10-02 18:00:00,4.0,6.0,8.0,1.0,3.0,IMG_20251002_124739.jpg
2025-10-02 18:10:00,4.0,6.0,8.0,1.0,3.0,IMG_20251002_124739.jpg
2025-10-02 18:20:00,4.0,6.0,8.0,1.0,3.0,IMG_20251002_124739.jpg
2025-10-02 18:30:00,4.0,6.0,8.0,1.0,3.0,IMG_20251002_124739.jpg
2025-10-02 18:40:00,4.0,6.0,8.0,1.0,3.0,IMG_20251002_124739.jpg
2025-10-02 18:50:00,4.0,6.0,8.0,1.0,3.0,IMG_20251002_124739.jpg
2025-10-02 19:00:00,4.0,6.0,8.0,1.0,3.0,IMG_20251002_124739.jpg
2025-10-02 19:10:00,4.0,6.0,8.0,1.0,3.0,IMG_20251002_124739.jpg
2025-10-02 19:20:00,4.0,6.0,8.0,1.0,3.0,IMG_20251002_124739.jpg
2025-10-02 19:30:00,4.0,6.0,8.0,1.0,3.0,IMG_20251002_124739.jpg
2025-10-02 19:40:00,4.0,6.0,8.0,1.0,3.0,IMG_20251002_124739.jpg
2025-10-02 19:50:00,4.0,6.0,8.0,1.0,3.0,IMG_20251002_124739.jpg
2025-10-02 20:00:00,4.0,6.0,8.0,1.0,3.0,IMG_20251002_124739.jpg
2025-10-02 20:10:00,4.0,6.0,8.0,1.0,3.0,IMG_20251002_124739.jpg
2025-10-02 20:20:00,4.0,6.0,8.0,1.0,3.0,IMG_20251002_124739.jpg
2025-10-02 20:30:00,4.0,6.0,8.0,1.0,3.0,IMG_20251002_124739.jpg
2025-10-02 20:40:00,4.0,6.0,8.0,1.0,3.0,IMG_20251002_124739.jpg
2025-10-02 20:50:00,4.0,6.0,8.0,1.0,3.0,IMG_20251002_124739.jpg
2025-10-02 21:00:00,4.0,6.0,8.0,1.0,3.0,IMG_20251002_124739.jpg
2025-10-02 21:10:00,4.0,6.0,8.0,1.0,3.0,IMG_20251002_124739.jpg
2025-10-02 21:20:00,4.0,6.0,8.0,1.0,3.0,IMG_20251002_124739.jpg
2025-10-02 21:30:00,4.0,6.0,8.0,1.0,3.0,IMG_20251002_124739.jpg
2025-10-02 21:40:00,4.0,6.0,8.0,1.0,3.0,IMG_20251002_124739.jpg
2025-10-02 21:50:00,4.0,6.0,8.0,1.0,3.0,IMG_20251002_124739.jpg
2025-10-02 22:00:00,4.0,6.0,8.0,1.0,3.0,IMG_20251002_124739.jpg
2025-10-02 22:10:00,4.0,6.0,8.0,1.0,3.0,IMG_20251002_124739.jpg
2025-10-02 22:20:00,4.0,6.0,8.0,1.0,3.0,IMG_20251002_124739.jpg
2025-10-02 22:30:00,4.0,6.0,8.0,1.0,3.0,IMG_20251002_124739.jpg
2025-10-02 22:40:00,4.0,6.0,8.0,1.0,3.0,IMG_20251002_124739.jpg
2025-10-02 22:50:00,4.0,6.0,8.0,1.0,3.0,IMG_20251002_124739.jpg
2025-10-02 23:00:00,4.0,6.0,8.0,1.0,3.0,IMG_20251002_124739.jpg
2025-10-02 23:10:00,4.0,6.0,8.0,1.0,3.0,IMG_20251002_124739.jpg
2025-10-02 23:20:00,4.0,6.0,8.0,1.0,3.0,IMG_20251002_124739.jpg
2025-10-02 23:30:00,4.0,6.0,8.0,1.0,3.0,IMG_20251002_124739.jpg
2025-10-02 23:40:00,4.0,6.0,8.0,1.0,3.0,IMG_20251002_124739.jpg
2025-10-02 23:50:00,4.0,6.0,8.0,1.0,3.0,IMG_20251002_124739.jpg
2025-10-03 00:00:00,4.0,6.0,8.0,1.0,3.0,IMG_20251002_124739.jpg
2025-10-03 00:10:00,4.0,6.0,8.0,1.0,3.0,IMG_20251002_124739.jpg
2025-10-03 00:20:00,4.0,6.0,8.0,1.0,3.0,IMG_20251002_124739.jpg
2025-10-03 00:30:00,4.0,6.0,8.0,1.0,3.0,IMG_20251002_124739.jpg
2025-10-03 00:40:00,4.0,6.0,8.0,1.0,3.0,IMG_20251002_124739.jpg
2025-10-03 00:50:00,4.0,6.0,8.0,1.0,3.0,IMG_20251002_124739.jpg
2025-10-03 01:00:00,4.0,6.0,8.0,1.0,3.0,IMG_20251002_124739.jpg
2025-10-03 01:10:00,4.0,6.0,8.0,1.0,3.0,IMG_20251002_124739.jpg
2025-10-03 01:20:00,4.0,6.0,8.0,1.0,3.0,IMG_20251002_124739.jpg
2025-10-03 01:30:00,4.0,6.0,8.0,1.0,3.0,IMG_20251002_124739.jpg
2025-10-03 01:40:00,4.0,6.0,8.0,1.0,3.0,IMG_20251002_124739.jpg
2025-10-03 01:50:00,4.0,6.0,8.0,1.0,3.0,IMG_20251002_124739.jpg
2025-10-03 02:00:00,4.0,6.0,8.0,1.0,3.0,IMG_20251002_124739.jpg
2025-10-03 02:10:00,4.0,6.0,8.0,1.0,3.0,IMG_20251002_124739.jpg
2025-10-03 02:20:00,4.0,6.0,8.0,1.0,3.0,IMG_20251002_124739.jpg
2025-10-03 02:30:00,4.0,6.0,8.0,1.0,3.0,IMG_20251002_124739.jpg
2025-10-03 02:40:00,4.0,6.0,8.0,1.0,3.0,IMG_20251002_124739.jpg
2025-10-03 02:50:00,4.0,6.0,8.0,1.0,3.0,IMG_20251002_124739.jpg
2025-10-03 03:00:00,4.0,6.0,8.0,1.0,3.0,IMG_20251002_124739.jpg
2025-10-03 03:10:00,4.0,6.0,8.0,1.0,3.0,IMG_20251002_124739.jpg
2025-10-03 03:20:00,4.0,6.0,8.0,1.0,3.0,IMG_20251002_124739.jpg
2025-10-03 03:30:00,4.0,6.0,8.0,1.0,3.0,IMG_20251002_124739.jpg
2025-10-03 03:40:00,4.0,6.0,8.0,1.0,3.0,IMG_20251002_124739.jpg
2025-10-03 03:50:00,4.0,6.0,8.0,1.0,3.0,IMG_20251002_124739.jpg
2025-10-03 04:00:00,4.0,6.0,8.0,1.0,3.0,IMG_20251002_124739.jpg
2025-10-03 04:10:00,4.0,6.0,8.0,1.0,3.0,IMG_20251002_124739.jpg
2025-10-03 04:20:00,4.0,6.0,8.0,1.0,3.0,IMG_20251002_124739.jpg
2025-10-03 04:30:00,4.0,6.0,8.0,1.0,3.0,IMG_20251002_124739.jpg
2025-10-03 04:40:00,4.0,6.0,8.0,1.0,3.0,IMG_20251002_124739.jpg
2025-10-03 04:50:00,4.0,6.0,8.0,1.0,3.0,IMG_20251002_124739.jpg
2025-10-03 05:00:00,4.0,6.0,8.0,1.0,3.0,IMG_20251002_124739.jpg
2025-10-03 05:10:00,4.0,6.0,8.0,1.0,3.0,IMG_20251002_124739.jpg
2025-10-03 05:20:00,4.0,6.0,8.0,1.0,3.0,IMG_20251002_124739.jpg
2025-10-03 05:30:00,4.0,6.0,8.0,1.0,3.0,IMG_20251002_124739.jpg
2025-10-03 05:40:00,4.0,6.0,8.0,1.0,3.0,IMG_20251002_124739.jpg
2025-10-03 05:50:00,4.0,6.0,8.0,1.0,3.0,IMG_20251002_124739.jpg
2025-10-03 06:00:00,4.0,6.0,8.0,1.0,3.0,IMG_20251002_124739.jpg
2025-10-03 06:10:00,4.0,6.0,8.0,1.0,3.0,IMG_20251002_124739.jpg
2025-10-03 06:20:00,4.0,6.0,8.0,1.0,3.0,IMG_20251002_124739.jpg
2025-10-03 06:30:00,4.0,6.0,8.0,1.0,3.0,IMG_20251002_124739.jpg
2025-10-03 06:40:00,4.0,6.0,8.0,1.0,3.0,IMG_20251002_124739.jpg
2025-10-03 06:50:00,4.0,6.0,8.0,1.0,3.0,IMG_20251002_124739.jpg
2025-10-03 07:00:00,4.0,6.0,8.0,1.0,3.0,IMG_20251002_124739.jpg
2025-10-03 07:10:00,4.0,6.0,8.0,1.0,3.0,IMG_20251002_124739.jpg
2025-10-03 07:20:00,4.0,6.0,8.0,1.0,3.0,IMG_20251002_124739.jpg
2025-10-03 07:30:00,4.0,6.0,8.0,1.0,3.0,IMG_20251002_124739.jpg
2025-10-03 07:40:00,4.0,6.0,8.0,1.0,3.0,IMG_20251002_124739.jpg
2025-10-03 07:50:00,4.0,6.0,8.0,1.0,3.0,IMG_20251002_124739.jpg
2025-10-03 08:00:00,4.0,6.0,8.0,1.0,3.0,IMG_20251002_124739.jpg
2025-10-03 08:10:00,4.0,6.0,8.0,1.0,3.0,IMG_20251002_124739.jpg
2025-10-03 08:20:00,4.0,6.0,8.0,1.0,3.0,IMG_20251002_124739.jpg
2025-10-03 08:30:00,4.0,6.0,8.0,1.0,3.0,IMG_20251002_124739.jpg
2025-10-03 08:40:00,4.0,6.0,8.0,1.0,3.0,IMG_20251002_124739.jpg
2025-10-03 08:50:00,4.0,6.0,8.0,1.0,3.0,IMG_20251002_124739.jpg
2025-10-03 09:00:00,4.0,6.0,8.0,1.0,3.0,IMG_20251002_124739.jpg
2025-10-03 09:10:00,4.0,6.0,8.0,1.0,3.0,IMG_20251002_124739.jpg
2025-10-03 09:20:00,4.0,6.0,8.0,1.0,3.0,IMG_20251002_124739.jpg
2025-10-03 09:30:00,4.0,6.0,8.0,1.0,3.0,IMG_20251002_124739.jpg
2025-10-03 09:40:00,4.0,6.0,8.0,1.0,3.0,IMG_20251002_124739.jpg
2025-10-03 09:50:00,4.0,6.0,8.0,1.0,3.0,IMG_20251002_124739.jpg
2025-10-03 10:00:00,4.0,6.0,8.0,1.0,3.0,IMG_20251002_124739.jpg
2025-10-03 10:10:00,1.0,0.0,0.0,0.0,0.0,IMG_20250926_100349.jpg
2025-10-03 10:20:00,4.0,5.0,8.0,1.0,3.0,IMG_20250926_101400.jpg
2025-10-03 10:30:00,2.0,4.0,8.0,0.0,6.0,IMG_20250926_102411.jpg
2025-10-03 10:40:00,4.0,4.0,8.0,0.0,6.0,IMG_20250926_103422.jpg
2025-10-03 10:50:00,2.0,5.0,8.0,0.0,9.0,IMG_20250926_104433.jpg
2025-10-03 11:00:00,2.0,5.0,8.0,0.0,7.0,IMG_20250926_105444.jpg
2025-10-03 11:10:00,3.0,5.0,8.0,0.0,8.0,IMG_20250926_110455.jpg
2025-10-03 11:20:00,0.0,2.0,8.0,0.0,4.0,IMG_20250926_111506.jpg
2025-10-03 11:30:00,1.0,2.0,7.0,0.0,6.0,IMG_20250926_112516.jpg
2025-10-03 11:40:00,1.0,3.0,8.0,0.0,5.0,IMG_20250926_113532.jpg
2025-10-03 11:50:00,1.0,4.0,8.0,0.0,7.0,IMG_20250926_114543.jpg
2025-10-03 12:00:00,3.0,7.0,10.0,0.0,6.0,IMG_20250926_115554.jpg
2025-10-03 12:10:00,5.0,6.0,8.0,0.0,6.0,IMG_20250926_120605.jpg
2025-10-03 12:20:00,5.0,6.0,8.0,0.0,6.0,IMG_20250926_121618.jpg
2025-10-03 12:30:00,7.0,6.0,8.0,0.0,5.0,IMG_20250926_122628.jpg
2025-10-03 12:40:00,8.0,5.0,7.0,0.0,6.0,IMG_20250926_123638.jpg
2025-10-03 12:50:00,3.0,5.0,8.0,0.0,6.0,IMG_20250926_124649.jpg
2025-10-03 13:00:00,3.0,3.0,8.0,0.0,4.0,IMG_20250926_125701.jpg
2025-10-03 13:10:00,3.0,3.0,8.0,1.0,9.0,IMG_20250926_130712.jpg
2025-10-03 13:20:00,0.0,2.0,8.0,0.0,9.0,IMG_20250926_131724.jpg
2025-10-03 13:30:00,0.0,2.0,8.0,0.0,7.0,IMG_20250926_132738.jpg
2025-10-03 13:40:00,0.0,2.0,8.0,0.0,9.0,IMG_20250926_133750.jpg
2025-10-03 13:50:00,0.0,2.0,8.0,0.0,8.0,IMG_20250926_134801.jpg
2025-10-03 14:00:00,0.0,2.0,8.0,0.0,7.0,IMG_20250926_135813.jpg
2025-10-03 14:10:00,0.0,2.0,8.0,0.0,8.0,IMG_20250926_140826.jpg
2025-10-03 14:20:00,0.0,2.0,8.0,0.0,9.0,IMG_20250926_141839.jpg
2025-10-03 14:30:00,0.0,2.0,8.0,0.0,7.0,IMG_20250926_142852.jpg
2025-10-03 14:40:00,0.0,2.0,9.0,0.0,6.0,IMG_20250926_143903.jpg
2025-10-03 14:50:00,0.0,2.0,8.0,0.0,8.0,IMG_20250926_144913.jpg
2025-10-03 15:00:00,0.0,2.0,8.0,0.0,8.0,IMG_20250926_145924.jpg
2025-10-03 15:10:00,0.0,2.0,9.0,0.0,6.0,IMG_20250926_150934.jpg
2025-10-03 15:20:00,0.0,2.0,9.0,0.0,5.0,IMG_20250926_151945.jpg
2025-10-03 15:30:00,0.0,2.0,9.0,0.0,6.0,IMG_20250926_152957.jpg
2025-10-03 15:40:00,0.0,2.0,9.0,0.0,6.0,IMG_20250926_152957.jpg
2025-10-03 15:50:00,0.0,2.0,9.0,0.0,6.0,IMG_20250926_154008.jpg
2025-10-03 16:00:00,4.0,2.0,8.0,0.0,4.0,IMG_20250926_155021.jpg
2025-10-03 16:10:00,3.0,2.0,8.0,0.0,6.0,IMG_20250926_160031.jpg
2025-10-03 16:20:00,7.0,5.0,9.0,1.0,7.0,IMG_20250926_161042.jpg
2025-10-03 16:30:00,8.0,5.0,8.0,3.0,6.0,IMG_20250926_162055.jpg
2025-10-03 16:40:00,7.0,5.0,8.0,0.0,7.0,IMG_20250926_163106.jpg
2025-10-03 16:50:00,6.0,5.0,8.0,0.0,5.0,IMG_20250926_164116.jpg
2025-10-03 17:00:00,6.0,5.0,8.0,0.0,5.0,IMG_20250926_165126.jpg
2025-10-03 17:10:00,8.0,5.0,8.0,0.0,6.0,IMG_20250926_170137.jpg
2025-10-03 17:20:00,6.0,6.0,8.0,1.0,7.0,IMG_20250926_171147.jpg
2025-10-03 17:30:00,6.0,6.0,8.0,1.0,8.0,IMG_20250926_172157.jpg
2025-10-03 17:40:00,6.0,6.0,8.0,2.0,7.0,IMG_20250926_173208.jpg
2025-10-03 17:50:00,5.0,6.0,8.0,1.0,6.0,IMG_20250926_174218.jpg
2025-10-03 18:00:00,4.0,6.0,8.0,0.0,7.0,IMG_20250926_175228.jpg
2025-10-03 18:10:00,4.0,6.0,8.0,0.0,6.0,IMG_20250926_180240.jpg
2025-10-03 18:20:00,4.0,6.0,8.0,0.0,6.0,IMG_20250926_181250.jpg
2025-10-03 18:30:00,5.0,6.0,7.0,0.0,6.0,IMG_20250926_182301.jpg
2025-10-03 18:40:00,5.0,10.0,9.0,0.0,6.0,IMG_20250926_183312.jpg
2025-10-03 18:50:00,5.0,4.0,7.0,2.0,8.0,IMG_20250926_184323.jpg
2025-10-03 19:00:00,1.0,5.0,7.0,0.0,5.0,IMG_20250926_185334.jpg
2025-10-03 19:10:00,3.0,5.0,7.0,0.0,5.0,IMG_20250926_190345.jpg
2025-10-03 19:20:00,2.0,5.0,7.0,0.0,6.0,IMG_20250926_191357.jpg
2025-10-03 19:30:00,4.0,5.0,6.0,0.0,6.0,IMG_20250926_192409.jpg
2025-10-03 19:40:00,3.0,6.0,7.0,0.0,6.0,IMG_20250926_193420.jpg
2025-10-03 19:50:00,6.0,5.0,7.0,0.0,7.0,IMG_20250926_194436.jpg
2025-10-03 20:00:00,3.0,6.0,9.0,0.0,7.0,IMG_20250926_195447.jpg
2025-10-03 20:10:00,4.0,5.0,7.0,0.0,6.0,IMG_20250926_200457.jpg
2025-10-03 20:20:00,2.0,5.0,7.0,0.0,8.0,IMG_20250926_201509.jpg
2025-10-03 20:30:00,2.0,5.0,7.0,0.0,7.0,IMG_20250926_202520.jpg
2025-10-03 20:40:00,1.0,9.0,10.0,0.0,6.0,IMG_20250926_203541.jpg
2025-10-03 20:50:00,2.0,5.0,7.0,0.0,7.0,IMG_20250926_204556.jpg
2025-10-03 21:00:00,1.0,5.0,7.0,0.0,6.0,IMG_20250926_205609.jpg
2025-10-03 21:10:00,3.0,5.0,7.0,0.0,6.0,IMG_20250926_210620.jpg
2025-10-03 21:20:00,2.0,5.0,7.0,0.0,8.0,IMG_20250926_211632.jpg
2025-10-03 21:30:00,2.0,5.0,7.0,0.0,7.0,IMG_20250926_212643.jpg
2025-10-03 21:40:00,0.0,5.0,7.0,0.0,7.0,IMG_20250926_213653.jpg
2025-10-03 21:50:00,2.0,5.0,7.0,0.0,7.0,IMG_20250926_214703.jpg
2025-10-03 22:00:00,1.0,6.0,7.0,0.0,6.0,IMG_20250926_215714.jpg
2025-10-03 22:10:00,1.0,5.0,7.0,0.0,4.0,IMG_20250926_220725.jpg
2025-10-03 22:20:00,1.0,7.0,8.0,0.0,1.0,IMG_20250926_221737.jpg
2025-10-03 22:30:00,2.0,5.0,7.0,0.0,5.0,IMG_20250926_222748.jpg
2025-10-03 22:40:00,2.0,9.0,10.0,0.0,3.0,IMG_20250926_223800.jpg
2025-10-03 22:50:00,2.0,5.0,7.0,0.0,2.0,IMG_20250926_224810.jpg
2025-10-03 23:00:00,2.0,7.0,9.0,0.0,3.0,IMG_20250926_225824.jpg
2025-10-03 23:10:00,2.0,7.0,9.0,0.0,3.0,IMG_20250926_225824.jpg
2025-10-03 23:20:00,2.0,7.0,9.0,0.0,3.0,IMG_20250926_225824.jpg
2025-10-03 23:30:00,2.0,7.0,9.0,0.0,3.0,IMG_20250926_225824.jpg
2025-10-03 23:40:00,2.0,7.0,9.0,0.0,3.0,IMG_20250926_225824.jpg
2025-10-03 23:50:00,2.0,7.0,9.0,0.0,3.0,IMG_20250926_225824.jpg
2025-10-04 00:00:00,2.0,7.0,9.0,0.0,3.0,IMG_20250926_225824.jpg
2025-10-04 00:10:00,2.0,7.0,9.0,0.0,3.0,IMG_20250926_225824.jpg
2025-10-04 00:20:00,2.0,7.0,9.0,0.0,3.0,IMG_20250926_225824.jpg
2025-10-04 00:30:00,2.0,7.0,9.0,0.0,3.0,IMG_20250926_225824.jpg
2025-10-04 00:40:00,2.0,7.0,9.0,0.0,3.0,IMG_20250926_225824.jpg
2025-10-04 00:50:00,2.0,7.0,9.0,0.0,3.0,IMG_20250926_225824.jpg
2025-10-04 01:00:00,2.0,7.0,9.0,0.0,3.0,IMG_20250926_225824.jpg
2025-10-04 01:10:00,2.0,7.0,9.0,0.0,3.0,IMG_20250926_225824.jpg
2025-10-04 01:20:00,2.0,7.0,9.0,0.0,3.0,IMG_20250926_225824.jpg
2025-10-04 01:30:00,2.0,7.0,9.0,0.0,3.0,IMG_20250926_225824.jpg
2025-10-04 01:40:00,2.0,7.0,9.0,0.0,3.0,IMG_20250926_225824.jpg
2025-10-04 01:50:00,2.0,7.0,9.0,0.0,3.0,IMG_20250926_225824.jpg
2025-10-04 02:00:00,2.0,7.0,9.0,0.0,3.0,IMG_20250926_225824.jpg
2025-10-04 02:10:00,2.0,7.0,9.0,0.0,3.0,IMG_20250926_225824.jpg
2025-10-04 02:20:00,2.0,7.0,9.0,0.0,3.0,IMG_20250926_225824.jpg
2025-10-04 02:30:00,2.0,7.0,9.0,0.0,3.0,IMG_20250926_225824.jpg
2025-10-04 02:40:00,2.0,7.0,9.0,0.0,3.0,IMG_20250926_225824.jpg
2025-10-04 02:50:00,2.0,7.0,9.0,0.0,3.0,IMG_20250926_225824.jpg
2025-10-04 03:00:00,2.0,7.0,9.0,0.0,3.0,IMG_20250926_225824.jpg
2025-10-04 03:10:00,2.0,7.0,9.0,0.0,3.0,IMG_20250926_225824.jpg
2025-10-04 03:20:00,2.0,7.0,9.0,0.0,3.0,IMG_20250926_225824.jpg
2025-10-04 03:30:00,2.0,7.0,9.0,0.0,3.0,IMG_20250926_225824.jpg
2025-10-04 03:40:00,2.0,7.0,9.0,0.0,3.0,IMG_20250926_225824.jpg
2025-10-04 03:50:00,2.0,7.0,9.0,0.0,3.0,IMG_20250926_225824.jpg
2025-10-04 04:00:00,2.0,7.0,9.0,0.0,3.0,IMG_20250926_225824.jpg
2025-10-04 04:10:00,2.0,7.0,9.0,0.0,3.0,IMG_20250926_225824.jpg
2025-10-04 04:20:00,2.0,7.0,9.0,0.0,3.0,IMG_20250926_225824.jpg
2025-10-04 04:30:00,2.0,7.0,9.0,0.0,3.0,IMG_20250926_225824.jpg
2025-10-04 04:40:00,2.0,7.0,9.0,0.0,3.0,IMG_20250926_225824.jpg
2025-10-04 04:50:00,2.0,7.0,9.0,0.0,3.0,IMG_20250926_225824.jpg
2025-10-04 05:00:00,2.0,7.0,9.0,0.0,3.0,IMG_20250926_225824.jpg
2025-10-04 05:10:00,2.0,7.0,9.0,0.0,3.0,IMG_20250926_225824.jpg
2025-10-04 05:20:00,2.0,7.0,9.0,0.0,3.0,IMG_20250926_225824.jpg
2025-10-04 05:30:00,2.0,7.0,9.0,0.0,3.0,IMG_20250926_225824.jpg
2025-10-04 05:40:00,2.0,7.0,9.0,0.0,3.0,IMG_20250926_225824.jpg
2025-10-04 05:50:00,2.0,7.0,9.0,0.0,3.0,IMG_20250926_225824.jpg
2025-10-04 06:00:00,2.0,7.0,9.0,0.0,3.0,IMG_20250926_225824.jpg
2025-10-04 06:10:00,2.0,7.0,9.0,0.0,3.0,IMG_20250926_225824.jpg
2025-10-04 06:20:00,2.0,7.0,9.0,0.0,3.0,IMG_20250926_225824.jpg
2025-10-04 06:30:00,2.0,7.0,9.0,0.0,3.0,IMG_20250926_225824.jpg
2025-10-04 06:40:00,2.0,7.0,9.0,0.0,3.0,IMG_20250926_225824.jpg
2025-10-04 06:50:00,2.0,7.0,9.0,0.0,3.0,IMG_20250926_225824.jpg
2025-10-04 07:00:00,2.0,7.0,9.0,0.0,3.0,IMG_20250926_225824.jpg
2025-10-04 07:10:00,0.0,2.0,7.0,0.0,8.0,IMG_20250927_070815.jpg
2025-10-04 07:20:00,0.0,2.0,7.0,0.0,7.0,IMG_20250927_071829.jpg
2025-10-04 07:30:00,0.0,2.0,7.0,0.0,6.0,IMG_20250927_072840.jpg
2025-10-04 07:40:00,0.0,2.0,7.0,0.0,7.0,IMG_20250927_073852.jpg
2025-10-04 07:50:00,0.0,2.0,7.0,0.0,7.0,IMG_20250927_074904.jpg
2025-10-04 08:00:00,0.0,2.0,7.0,0.0,8.0,IMG_20250927_075918.jpg
2025-10-04 08:10:00,0.0,2.0,7.0,0.0,8.0,IMG_20250927_080929.jpg
2025-10-04 08:20:00,0.0,1.0,7.0,0.0,7.0,IMG_20250927_081942.jpg
2025-10-04 08:30:00,0.0,2.0,7.0,0.0,6.0,IMG_20250927_082954.jpg
2025-10-04 08:40:00,0.0,2.0,7.0,0.0,6.0,IMG_20250927_082954.jpg
2025-10-04 08:50:00,0.0,2.0,7.0,0.0,8.0,IMG_20250927_084006.jpg
2025-10-04 09:00:00,0.0,2.0,7.0,0.0,7.0,IMG_20250927_085018.jpg
2025-10-04 09:10:00,0.0,2.0,7.0,0.0,9.0,IMG_20250927_090029.jpg
2025-10-04 09:20:00,0.0,2.0,7.0,0.0,7.0,IMG_20250927_091041.jpg
2025-10-04 09:30:00,0.0,2.0,7.0,0.0,6.0,IMG_20250927_092053.jpg
2025-10-04 09:40:00,0.0,2.0,7.0,0.0,6.0,IMG_20250927_093103.jpg
2025-10-04 09:50:00,0.0,2.0,7.0,0.0,8.0,IMG_20250927_094115.jpg
2025-10-04 10:00:00,0.0,2.0,7.0,0.0,7.0,IMG_20250927_095127.jpg
2025-10-04 10:10:00,0.0,2.0,7.0,0.0,6.0,IMG_20250927_100138.jpg
2025-10-04 10:20:00,0.0,2.0,7.0,0.0,9.0,IMG_20250927_101149.jpg
2025-10-04 10:30:00,0.0,2.0,7.0,0.0,8.0,IMG_20250927_102203.jpg
2025-10-04 10:40:00,0.0,2.0,7.0,0.0,6.0,IMG_20250927_103214.jpg
2025-10-04 10:50:00,0.0,2.0,7.0,0.0,8.0,IMG_20250927_104226.jpg
2025-10-04 11:00:00,0.0,2.0,7.0,0.0,9.0,IMG_20250927_105238.jpg
2025-10-04 11:10:00,0.0,2.0,7.0,0.0,6.0,IMG_20250927_110251.jpg
2025-10-04 11:20:00,0.0,2.0,7.0,0.0,5.0,IMG_20250927_111302.jpg
2025-10-04 11:30:00,0.0,2.0,7.0,0.0,7.0,IMG_20250927_112313.jpg
2025-10-04 11:40:00,0.0,2.0,7.0,0.0,7.0,IMG_20250927_113324.jpg
2025-10-04 11:50:00,0.0,2.0,7.0,0.0,6.0,IMG_20250927_114336.jpg
2025-10-04 12:00:00,0.0,2.0,7.0,0.0,7.0,IMG_20250927_115347.jpg
2025-10-04 12:10:00,0.0,2.0,7.0,0.0,7.0,IMG_20250927_120357.jpg
2025-10-04 12:20:00,0.0,2.0,7.0,0.0,6.0,IMG_20250927_121407.jpg
2025-10-04 12:30:00,0.0,2.0,7.0,0.0,6.0,IMG_20250927_122418.jpg
2025-10-04 12:40:00,0.0,2.0,7.0,0.0,5.0,IMG_20250927_123429.jpg
2025-10-04 12:50:00,0.0,2.0,7.0,0.0,7.0,IMG_20250927_124444.jpg
2025-10-04 13:00:00,0.0,2.0,7.0,0.0,6.0,IMG_20250927_125456.jpg
2025-10-04 13:10:00,0.0,2.0,7.0,0.0,6.0,IMG_20250927_130509.jpg
2025-10-04 13:20:00,0.0,2.0,7.0,0.0,5.0,IMG_20250927_131519.jpg
2025-10-04 13:30:00,0.0,2.0,7.0,0.0,8.0,IMG_20250927_132530.jpg
2025-10-04 13:40:00,0.0,2.0,7.0,0.0,5.0,IMG_20250927_133541.jpg
2025-10-04 13:50:00,0.0,2.0,7.0,0.0,6.0,IMG_20250927_134552.jpg
2025-10-04 14:00:00,0.0,2.0,7.0,0.0,5.0,IMG_20250927_135602.jpg
2025-10-04 14:10:00,0.0,2.0,7.0,0.0,6.0,IMG_20250927_140614.jpg
2025-10-04 14:20:00,0.0,2.0,7.0,0.0,6.0,IMG_20250927_141624.jpg
2025-10-04 14:30:00,0.0,2.0,7.0,0.0,5.0,IMG_20250927_142634.jpg
2025-10-04 14:40:00,0.0,2.0,7.0,0.0,6.0,IMG_20250927_143646.jpg
2025-10-04 14:50:00,0.0,2.0,7.0,0.0,5.0,IMG_20250927_144658.jpg
2025-10-04 15:00:00,0.0,1.0,7.0,0.0,8.0,IMG_20250927_145708.jpg
2025-10-04 15:10:00,0.0,2.0,7.0,0.0,6.0,IMG_20250927_150725.jpg
2025-10-04 15:20:00,0.0,2.0,7.0,0.0,5.0,IMG_20250927_151737.jpg
2025-10-04 15:30:00,0.0,2.0,7.0,0.0,6.0,IMG_20250927_152748.jpg
2025-10-04 15:40:00,0.0,2.0,7.0,0.0,5.0,IMG_20250927_153800.jpg
2025-10-04 15:50:00,0.0,1.0,7.0,0.0,5.0,IMG_20250927_154812.jpg
2025-10-04 16:00:00,0.0,1.0,7.0,0.0,5.0,IMG_20250927_155823.jpg
2025-10-04 16:10:00,0.0,1.0,7.0,0.0,5.0,IMG_20250927_160834.jpg
2025-10-04 16:20:00,0.0,2.0,7.0,0.0,4.0,IMG_20250927_161847.jpg
2025-10-04 16:30:00,0.0,1.0,7.0,0.0,5.0,IMG_20250927_162857.jpg
2025-10-04 16:40:00,0.0,1.0,7.0,0.0,5.0,IMG_20250927_163909.jpg
2025-10-04 16:50:00,0.0,1.0,7.0,0.0,5.0,IMG_20250927_164924.jpg
2025-10-04 17:00:00,0.0,1.0,7.0,0.0,5.0,IMG_20250927_165935.jpg
2025-10-04 17:10:00,0.0,1.0,7.0,0.0,5.0,IMG_20250927_170947.jpg
2025-10-04 17:20:00,0.0,3.0,7.0,0.0,5.0,IMG_20250927_172000.jpg
2025-10-04 17:30:00,0.0,3.0,7.0,0.0,5.0,IMG_20250927_172000.jpg
2025-10-04 17:40:00,0.0,3.0,7.0,0.0,5.0,IMG_20250927_173011.jpg
2025-10-04 17:50:00,0.0,3.0,7.0,0.0,5.0,IMG_20250927_174023.jpg
2025-10-04 18:00:00,1.0,5.0,7.0,0.0,4.0,IMG_20250927_175034.jpg
2025-10-04 18:10:00,1.0,5.0,7.0,0.0,4.0,IMG_20250927_180045.jpg
2025-10-04 18:20:00,1.0,5.0,7.0,0.0,4.0,IMG_20250927_181056.jpg
2025-10-04 18:30:00,4.0,7.0,8.0,0.0,3.0,IMG_20250927_182113.jpg
2025-10-04 18:40:00,7.0,8.0,8.0,0.0,2.0,IMG_20250927_183123.jpg
2025-10-04 18:50:00,5.0,8.0,8.0,0.0,3.0,IMG_20250927_184133.jpg
2025-10-04 19:00:00,6.0,8.0,8.0,1.0,3.0,IMG_20250927_185147.jpg
2025-10-04 19:10:00,5.0,8.0,8.0,0.0,2.0,IMG_20250927_190158.jpg
2025-10-04 19:20:00,11.0,8.0,8.0,1.0,5.0,IMG_20250927_191209.jpg
2025-10-04 19:30:00,9.0,8.0,8.0,2.0,4.0,IMG_20250927_192220.jpg
2025-10-04 19:40:00,9.0,8.0,8.0,1.0,4.0,IMG_20250927_193231.jpg
2025-10-04 19:50:00,10.0,8.0,8.0,1.0,4.0,IMG_20250927_194242.jpg
2025-10-04 20:00:00,11.0,8.0,8.0,1.0,3.0,IMG_20250927_195253.jpg
2025-10-04 20:10:00,9.0,8.0,8.0,0.0,4.0,IMG_20250927_200305.jpg
2025-10-04 20:20:00,9.0,8.0,8.0,0.0,4.0,IMG_20250927_201317.jpg
2025-10-04 20:30:00,7.0,8.0,8.0,1.0,4.0,IMG_20250927_202328.jpg
2025-10-04 20:40:00,10.0,8.0,8.0,2.0,6.0,IMG_20250927_203337.jpg
2025-10-04 20:50:00,7.0,8.0,8.0,2.0,5.0,IMG_20250927_204347.jpg
2025-10-04 21:00:00,7.0,8.0,8.0,4.0,6.0,IMG_20250927_205358.jpg
2025-10-04 21:10:00,6.0,8.0,8.0,3.0,5.0,IMG_20250927_210410.jpg
2025-10-04 21:20:00,6.0,8.0,8.0,2.0,6.0,IMG_20250927_211423.jpg
2025-10-04 21:30:00,9.0,8.0,8.0,5.0,7.0,IMG_20250927_212433.jpg
2025-10-04 21:40:00,12.0,9.0,9.0,7.0,6.0,IMG_20250927_213443.jpg
2025-10-04 21:50:00,10.0,8.0,8.0,4.0,11.0,IMG_20250927_214454.jpg
2025-10-04 22:00:00,7.0,7.0,9.0,0.0,7.0,IMG_20250927_215504.jpg
2025-10-04 22:10:00,6.0,4.0,8.0,1.0,5.0,IMG_20250927_220516.jpg
2025-10-04 22:20:00,7.0,5.0,9.0,2.0,8.0,IMG_20250927_221527.jpg
2025-10-04 22:30:00,6.0,7.0,9.0,0.0,5.0,IMG_20250927_222536.jpg
2025-10-04 22:40:00,6.0,7.0,10.0,1.0,6.0,IMG_20250927_223548.jpg
2025-10-04 22:50:00,5.0,7.0,9.0,0.0,6.0,IMG_20250927_224559.jpg
2025-10-04 23:00:00,7.0,8.0,9.0,0.0,6.0,IMG_20250927_225609.jpg
2025-10-04 23:10:00,7.0,8.0,9.0,0.0,6.0,IMG_20250927_225609.jpg
2025-10-04 23:20:00,7.0,8.0,9.0,0.0,6.0,IMG_20250927_225609.jpg
2025-10-04 23:30:00,7.0,8.0,9.0,0.0,6.0,IMG_20250927_225609.jpg
2025-10-04 23:40:00,7.0,8.0,9.0,0.0,6.0,IMG_20250927_225609.jpg
2025-10-04 23:50:00,7.0,8.0,9.0,0.0,6.0,IMG_20250927_225609.jpg
2025-10-05 00:00:00,7.0,8.0,9.0,0.0,6.0,IMG_20250927_225609.jpg
2025-10-05 00:10:00,7.0,8.0,9.0,0.0,6.0,IMG_20250927_225609.jpg
2025-10-05 00:20:00,7.0,8.0,9.0,0.0,6.0,IMG_20250927_225609.jpg
2025-10-05 00:30:00,7.0,8.0,9.0,0.0,6.0,IMG_20250927_225609.jpg
2025-10-05 00:40:00,7.0,8.0,9.0,0.0,6.0,IMG_20250927_225609.jpg
2025-10-05 00:50:00,7.0,8.0,9.0,0.0,6.0,IMG_20250927_225609.jpg
2025-10-05 01:00:00,7.0,8.0,9.0,0.0,6.0,IMG_20250927_225609.jpg
2025-10-05 01:10:00,7.0,8.0,9.0,0.0,6.0,IMG_20250927_225609.jpg
2025-10-05 01:20:00,7.0,8.0,9.0,0.0,6.0,IMG_20250927_225609.jpg
2025-10-05 01:30:00,7.0,8.0,9.0,0.0,6.0,IMG_20250927_225609.jpg
2025-10-05 01:40:00,7.0,8.0,9.0,0.0,6.0,IMG_20250927_225609.jpg
2025-10-05 01:50:00,7.0,8.0,9.0,0.0,6.0,IMG_20250927_225609.jpg
2025-10-05 02:00:00,7.0,8.0,9.0,0.0,6.0,IMG_20250927_225609.jpg
2025-10-05 02:10:00,7.0,8.0,9.0,0.0,6.0,IMG_20250927_225609.jpg
2025-10-05 02:20:00,7.0,8.0,9.0,0.0,6.0,IMG_20250927_225609.jpg
2025-10-05 02:30:00,7.0,8.0,9.0,0.0,6.0,IMG_20250927_225609.jpg
2025-10-05 02:40:00,7.0,8.0,9.0,0.0,6.0,IMG_20250927_225609.jpg
2025-10-05 02:50:00,7.0,8.0,9.0,0.0,6.0,IMG_20250927_225609.jpg
2025-10-05 03:00:00,7.0,8.0,9.0,0.0,6.0,IMG_20250927_225609.jpg
2025-10-05 03:10:00,7.0,8.0,9.0,0.0,6.0,IMG_20250927_225609.jpg
2025-10-05 03:20:00,7.0,8.0,9.0,0.0,6.0,IMG_20250927_225609.jpg
2025-10-05 03:30:00,7.0,8.0,9.0,0.0,6.0,IMG_20250927_225609.jpg
2025-10-05 03:40:00,7.0,8.0,9.0,0.0,6.0,IMG_20250927_225609.jpg
2025-10-05 03:50:00,7.0,8.0,9.0,0.0,6.0,IMG_20250927_225609.jpg
2025-10-05 04:00:00,7.0,8.0,9.0,0.0,6.0,IMG_20250927_225609.jpg
2025-10-05 04:10:00,7.0,8.0,9.0,0.0,6.0,IMG_20250927_225609.jpg
2025-10-05 04:20:00,7.0,8.0,9.0,0.0,6.0,IMG_20250927_225609.jpg
2025-10-05 04:30:00,7.0,8.0,9.0,0.0,6.0,IMG_20250927_225609.jpg
2025-10-05 04:40:00,7.0,8.0,9.0,0.0,6.0,IMG_20250927_225609.jpg
2025-10-05 04:50:00,7.0,8.0,9.0,0.0,6.0,IMG_20250927_225609.jpg
2025-10-05 05:00:00,7.0,8.0,9.0,0.0,6.0,IMG_20250927_225609.jpg
2025-10-05 05:10:00,7.0,8.0,9.0,0.0,6.0,IMG_20250927_225609.jpg
2025-10-05 05:20:00,7.0,8.0,9.0,0.0,6.0,IMG_20250927_225609.jpg
2025-10-05 05:30:00,7.0,8.0,9.0,0.0,6.0,IMG_20250927_225609.jpg
2025-10-05 05:40:00,7.0,8.0,9.0,0.0,6.0,IMG_20250927_225609.jpg
2025-10-05 05:50:00,7.0,8.0,9.0,0.0,6.0,IMG_20250927_225609.jpg
2025-10-05 06:00:00,7.0,8.0,9.0,0.0,6.0,IMG_20250927_225609.jpg
2025-10-05 06:10:00,7.0,8.0,9.0,0.0,6.0,IMG_20250927_225609.jpg
2025-10-05 06:20:00,7.0,8.0,9.0,0.0,6.0,IMG_20250927_225609.jpg
2025-10-05 06:30:00,7.0,8.0,9.0,0.0,6.0,IMG_20250927_225609.jpg
2025-10-05 06:40:00,7.0,8.0,9.0,0.0,6.0,IMG_20250927_225609.jpg
2025-10-05 06:50:00,7.0,8.0,9.0,0.0,6.0,IMG_20250927_225609.jpg
2025-10-05 07:00:00,7.0,8.0,9.0,0.0,6.0,IMG_20250927_225609.jpg
2025-10-05 07:10:00,0.0,3.0,8.0,0.0,6.0,IMG_20250928_070509.jpg
2025-10-05 07:20:00,0.0,3.0,8.0,0.0,6.0,IMG_20250928_071520.jpg
2025-10-05 07:30:00,0.0,3.0,8.0,0.0,6.0,IMG_20250928_072530.jpg
2025-10-05 07:40:00,0.0,3.0,8.0,0.0,7.0,IMG_20250928_073541.jpg
2025-10-05 07:50:00,0.0,3.0,8.0,0.0,7.0,IMG_20250928_074552.jpg
2025-10-05 08:00:00,0.0,3.0,8.0,0.0,6.0,IMG_20250928_075602.jpg
2025-10-05 08:10:00,0.0,3.0,8.0,0.0,6.0,IMG_20250928_080615.jpg
2025-10-05 08:20:00,0.0,3.0,8.0,0.0,6.0,IMG_20250928_081627.jpg
2025-10-05 08:30:00,0.0,3.0,8.0,0.0,8.0,IMG_20250928_082639.jpg
2025-10-05 08:40:00,0.0,3.0,8.0,0.0,6.0,IMG_20250928_083652.jpg
2025-10-05 08:50:00,0.0,3.0,8.0,0.0,5.0,IMG_20250928_084703.jpg
2025-10-05 09:00:00,0.0,3.0,8.0,0.0,5.0,IMG_20250928_084703.jpg
2025-10-05 09:10:00,0.0,3.0,8.0,0.0,5.0,IMG_20250928_084703.jpg
2025-10-05 09:20:00,0.0,3.0,8.0,0.0,5.0,IMG_20250928_084703.jpg
2025-10-05 09:30:00,0.0,3.0,8.0,0.0,5.0,IMG_20250928_084703.jpg
2025-10-05 09:40:00,0.0,3.0,8.0,0.0,5.0,IMG_20250928_084703.jpg
2025-10-05 09:50:00,0.0,3.0,8.0,0.0,5.0,IMG_20250928_084703.jpg
2025-10-05 10:00:00,0.0,3.0,8.0,0.0,5.0,IMG_20250928_084703.jpg
2025-10-05 10:10:00,0.0,3.0,8.0,0.0,5.0,IMG_20250928_084703.jpg
2025-10-05 10:20:00,0.0,3.0,8.0,0.0,5.0,IMG_20250928_084703.jpg
2025-10-05 10:30:00,0.0,3.0,8.0,0.0,5.0,IMG_20250928_084703.jpg
2025-10-05 10:40:00,0.0,3.0,8.0,0.0,5.0,IMG_20250928_084703.jpg
2025-10-05 10:50:00,0.0,3.0,8.0,0.0,5.0,IMG_20250928_084703.jpg
2025-10-05 11:00:00,0.0,3.0,8.0,0.0,5.0,IMG_20250928_084703.jpg
2025-10-05 11:10:00,0.0,3.0,8.0,0.0,5.0,IMG_20250928_084703.jpg
2025-10-05 11:20:00,0.0,3.0,8.0,0.0,5.0,IMG_20250928_084703.jpg
2025-10-05 11:30:00,0.0,3.0,8.0,0.0,5.0,IMG_20250928_084703.jpg
2025-10-05 11:40:00,0.0,3.0,8.0,0.0,5.0,IMG_20250928_084703.jpg
2025-10-05 11:50:00,0.0,3.0,8.0,0.0,5.0,IMG_20250928_084703.jpg
2025-10-05 12:00:00,0.0,3.0,8.0,0.0,5.0,IMG_20250928_084703.jpg
2025-10-05 12:10:00,0.0,3.0,8.0,0.0,5.0,IMG_20250928_084703.jpg
2025-10-05 12:20:00,0.0,3.0,8.0,0.0,5.0,IMG_20250928_084703.jpg
2025-10-05 12:30:00,0.0,3.0,8.0,0.0,5.0,IMG_20250928_084703.jpg
2025-10-05 12:40:00,0.0,3.0,8.0,0.0,5.0,IMG_20250928_084703.jpg
2025-10-05 12:50:00,0.0,3.0,8.0,0.0,5.0,IMG_20250928_084703.jpg
2025-10-05 13:00:00,0.0,3.0,8.0,0.0,5.0,IMG_20250928_084703.jpg
2025-10-05 13:10:00,0.0,3.0,8.0,0.0,5.0,IMG_20250928_084703.jpg
2025-10-05 13:20:00,0.0,3.0,8.0,0.0,5.0,IMG_20250928_084703.jpg
2025-10-05 13:30:00,0.0,3.0,8.0,0.0,5.0,IMG_20250928_084703.jpg
2025-10-05 13:40:00,0.0,3.0,8.0,0.0,5.0,IMG_20250928_084703.jpg
2025-10-05 13:50:00,0.0,3.0,8.0,0.0,5.0,IMG_20250928_084703.jpg
2025-10-05 14:00:00,0.0,3.0,8.0,0.0,5.0,IMG_20250928_084703.jpg
2025-10-05 14:10:00,0.0,3.0,8.0,0.0,5.0,IMG_20250928_084703.jpg
2025-10-05 14:20:00,0.0,3.0,8.0,0.0,5.0,IMG_20250928_084703.jpg
2025-10-05 14:30:00,0.0,3.0,8.0,0.0,5.0,IMG_20250928_084703.jpg
2025-10-05 14:40:00,0.0,3.0,8.0,0.0,5.0,IMG_20250928_084703.jpg
2025-10-05 14:50:00,0.0,3.0,8.0,0.0,5.0,IMG_20250928_084703.jpg
2025-10-05 15:00:00,0.0,3.0,8.0,0.0,5.0,IMG_20250928_084703.jpg
2025-10-05 15:10:00,0.0,3.0,8.0,0.0,5.0,IMG_20250928_084703.jpg
2025-10-05 15:20:00,0.0,3.0,8.0,0.0,5.0,IMG_20250928_084703.jpg
2025-10-05 15:30:00,0.0,3.0,8.0,0.0,5.0,IMG_20250928_084703.jpg
2025-10-05 15:40:00,0.0,3.0,8.0,0.0,5.0,IMG_20250928_084703.jpg
2025-10-05 15:50:00,0.0,3.0,8.0,0.0,5.0,IMG_20250928_084703.jpg
2025-10-05 16:00:00,0.0,3.0,8.0,0.0,5.0,IMG_20250928_084703.jpg
2025-10-05 16:10:00,0.0,3.0,8.0,0.0,5.0,IMG_20250928_084703.jpg
2025-10-05 16:20:00,0.0,3.0,8.0,0.0,5.0,IMG_20250928_084703.jpg
2025-10-05 16:30:00,0.0,3.0,8.0,0.0,5.0,IMG_20250928_084703.jpg
2025-10-05 16:40:00,0.0,3.0,8.0,0.0,5.0,IMG_20250928_084703.jpg
2025-10-05 16:50:00,0.0,3.0,8.0,0.0,5.0,IMG_20250928_084703.jpg
2025-10-05 17:00:00,0.0,3.0,8.0,0.0,5.0,IMG_20250928_084703.jpg
2025-10-05 17:10:00,0.0,3.0,8.0,0.0,5.0,IMG_20250928_084703.jpg
2025-10-05 17:20:00,0.0,3.0,8.0,0.0,5.0,IMG_20250928_084703.jpg
2025-10-05 17:30:00,0.0,3.0,8.0,0.0,5.0,IMG_20250928_084703.jpg
2025-10-05 17:40:00,0.0,3.0,8.0,0.0,5.0,IMG_20250928_084703.jpg
2025-10-05 17:50:00,0.0,3.0,8.0,0.0,5.0,IMG_20250928_084703.jpg
2025-10-05 18:00:00,0.0,3.0,8.0,0.0,5.0,IMG_20250928_084703.jpg
2025-10-05 18:10:00,0.0,3.0,8.0,0.0,5.0,IMG_20250928_084703.jpg
2025-10-05 18:20:00,0.0,3.0,8.0,0.0,5.0,IMG_20250928_084703.jpg
2025-10-05 18:30:00,0.0,3.0,8.0,0.0,5.0,IMG_20250928_084703.jpg
2025-10-05 18:40:00,0.0,3.0,8.0,0.0,5.0,IMG_20250928_084703.jpg
2025-10-05 18:50:00,0.0,3.0,8.0,0.0,5.0,IMG_20250928_084703.jpg
2025-10-05 19:00:00,0.0,3.0,8.0,0.0,5.0,IMG_20250928_084703.jpg
2025-10-05 19:10:00,0.0,3.0,8.0,0.0,5.0,IMG_20250928_084703.jpg
2025-10-05 19:20:00,0.0,3.0,8.0,0.0,5.0,IMG_20250928_084703.jpg
2025-10-05 19:30:00,0.0,3.0,8.0,0.0,5.0,IMG_20250928_084703.jpg
2025-10-05 19:40:00,0.0,3.0,8.0,0.0,5.0,IMG_20250928_084703.jpg
2025-10-05 19:50:00,0.0,3.0,8.0,0.0,5.0,IMG_20250928_084703.jpg
2025-10-05 20:00:00,0.0,3.0,8.0,0.0,5.0,IMG_20250928_084703.jpg
2025-10-05 20:10:00,0.0,3.0,8.0,0.0,5.0,IMG_20250928_084703.jpg
2025-10-05 20:20:00,0.0,3.0,8.0,0.0,5.0,IMG_20250928_084703.jpg
2025-10-05 20:30:00,0.0,3.0,8.0,0.0,5.0,IMG_20250928_084703.jpg
2025-10-05 20:40:00,0.0,3.0,8.0,0.0,5.0,IMG_20250928_084703.jpg
2025-10-05 20:50:00,0.0,3.0,8.0,0.0,5.0,IMG_20250928_084703.jpg
2025-10-05 21:00:00,0.0,3.0,8.0,0.0,5.0,IMG_20250928_084703.jpg
2025-10-05 21:10:00,0.0,3.0,8.0,0.0,5.0,IMG_20250928_084703.jpg
2025-10-05 21:20:00,0.0,3.0,8.0,0.0,5.0,IMG_20250928_084703.jpg
2025-10-05 21:30:00,0.0,3.0,8.0,0.0,5.0,IMG_20250928_084703.jpg
2025-10-05 21:40:00,0.0,3.0,8.0,0.0,5.0,IMG_20250928_084703.jpg
2025-10-05 21:50:00,0.0,3.0,8.0,0.0,5.0,IMG_20250928_084703.jpg
2025-10-05 22:00:00,0.0,3.0,8.0,0.0,5.0,IMG_20250928_084703.jpg
2025-10-05 22:10:00,0.0,3.0,8.0,0.0,5.0,IMG_20250928_084703.jpg
2025-10-05 22:20:00,0.0,3.0,8.0,0.0,5.0,IMG_20250928_084703.jpg
2025-10-05 22:30:00,0.0,3.0,8.0,0.0,5.0,IMG_20250928_084703.jpg
2025-10-05 22:40:00,0.0,3.0,8.0,0.0,5.0,IMG_20250928_084703.jpg
2025-10-05 22:50:00,0.0,3.0,8.0,0.0,5.0,IMG_20250928_084703.jpg
2025-10-05 23:00:00,0.0,3.0,8.0,0.0,5.0,IMG_20250928_084703.jpg
2025-10-05 23:10:00,0.0,3.0,8.0,0.0,5.0,IMG_20250928_084703.jpg
2025-10-05 23:20:00,0.0,3.0,8.0,0.0,5.0,IMG_20250928_084703.jpg
2025-10-05 23:30:00,0.0,3.0,8.0,0.0,5.0,IMG_20250928_084703.jpg
2025-10-05 23:40:00,0.0,3.0,8.0,0.0,5.0,IMG_20250928_084703.jpg
2025-10-05 23:50:00,0.0,3.0,8.0,0.0,5.0,IMG_20250928_084703.jpg
2025-10-06 00:00:00,0.0,3.0,8.0,0.0,5.0,IMG_20250928_084703.jpg
2025-10-06 00:10:00,0.0,3.0,8.0,0.0,5.0,IMG_20250928_084703.jpg
2025-10-06 00:20:00,0.0,3.0,8.0,0.0,5.0,IMG_20250928_084703.jpg
2025-10-06 00:30:00,0.0,3.0,8.0,0.0,5.0,IMG_20250928_084703.jpg
2025-10-06 00:40:00,0.0,3.0,8.0,0.0,5.0,IMG_20250928_084703.jpg
2025-10-06 00:50:00,0.0,3.0,8.0,0.0,5.0,IMG_20250928_084703.jpg
2025-10-06 01:00:00,0.0,3.0,8.0,0.0,5.0,IMG_20250928_084703.jpg
2025-10-06 01:10:00,0.0,3.0,8.0,0.0,5.0,IMG_20250928_084703.jpg
2025-10-06 01:20:00,0.0,3.0,8.0,0.0,5.0,IMG_20250928_084703.jpg
2025-10-06 01:30:00,0.0,3.0,8.0,0.0,5.0,IMG_20250928_084703.jpg
2025-10-06 01:40:00,0.0,3.0,8.0,0.0,5.0,IMG_20250928_084703.jpg
2025-10-06 01:50:00,0.0,3.0,8.0,0.0,5.0,IMG_20250928_084703.jpg
2025-10-06 02:00:00,0.0,3.0,8.0,0.0,5.0,IMG_20250928_084703.jpg
2025-10-06 02:10:00,0.0,3.0,8.0,0.0,5.0,IMG_20250928_084703.jpg
2025-10-06 02:20:00,0.0,3.0,8.0,0.0,5.0,IMG_20250928_084703.jpg
2025-10-06 02:30:00,0.0,3.0,8.0,0.0,5.0,IMG_20250928_084703.jpg
2025-10-06 02:40:00,0.0,3.0,8.0,0.0,5.0,IMG_20250928_084703.jpg
2025-10-06 02:50:00,0.0,3.0,8.0,0.0,5.0,IMG_20250928_084703.jpg
2025-10-06 03:00:00,0.0,3.0,8.0,0.0,5.0,IMG_20250928_084703.jpg
2025-10-06 03:10:00,0.0,3.0,8.0,0.0,5.0,IMG_20250928_084703.jpg
2025-10-06 03:20:00,0.0,3.0,8.0,0.0,5.0,IMG_20250928_084703.jpg
2025-10-06 03:30:00,0.0,3.0,8.0,0.0,5.0,IMG_20250928_084703.jpg
2025-10-06 03:40:00,0.0,3.0,8.0,0.0,5.0,IMG_20250928_084703.jpg
2025-10-06 03:50:00,0.0,3.0,8.0,0.0,5.0,IMG_20250928_084703.jpg
2025-10-06 04:00:00,0.0,3.0,8.0,0.0,5.0,IMG_20250928_084703.jpg
2025-10-06 04:10:00,0.0,3.0,8.0,0.0,5.0,IMG_20250928_084703.jpg
2025-10-06 04:20:00,0.0,3.0,8.0,0.0,5.0,IMG_20250928_084703.jpg
2025-10-06 04:30:00,0.0,3.0,8.0,0.0,5.0,IMG_20250928_084703.jpg
2025-10-06 04:40:00,0.0,3.0,8.0,0.0,5.0,IMG_20250928_084703.jpg
2025-10-06 04:50:00,0.0,3.0,8.0,0.0,5.0,IMG_20250928_084703.jpg
2025-10-06 05:00:00,0.0,3.0,8.0,0.0,5.0,IMG_20250928_084703.jpg
2025-10-06 05:10:00,0.0,3.0,8.0,0.0,5.0,IMG_20250928_084703.jpg
2025-10-06 05:20:00,0.0,3.0,8.0,0.0,5.0,IMG_20250928_084703.jpg
2025-10-06 05:30:00,0.0,3.0,8.0,0.0,5.0,IMG_20250928_084703.jpg
2025-10-06 05:40:00,0.0,3.0,8.0,0.0,5.0,IMG_20250928_084703.jpg
2025-10-06 05:50:00,0.0,3.0,8.0,0.0,5.0,IMG_20250928_084703.jpg
2025-10-06 06:00:00,0.0,3.0,8.0,0.0,5.0,IMG_20250928_084703.jpg
2025-10-06 06:10:00,0.0,3.0,8.0,0.0,5.0,IMG_20250928_084703.jpg
2025-10-06 06:20:00,0.0,3.0,8.0,0.0,5.0,IMG_20250928_084703.jpg
2025-10-06 06:30:00,0.0,3.0,8.0,0.0,5.0,IMG_20250928_084703.jpg
2025-10-06 06:40:00,0.0,3.0,8.0,0.0,5.0,IMG_20250928_084703.jpg
2025-10-06 06:50:00,0.0,3.0,8.0,0.0,5.0,IMG_20250928_084703.jpg
2025-10-06 07:00:00,0.0,3.0,8.0,0.0,5.0,IMG_20250928_084703.jpg
2025-10-06 07:10:00,0.0,3.0,8.0,0.0,5.0,IMG_20250928_084703.jpg
2025-10-06 07:20:00,0.0,3.0,8.0,0.0,5.0,IMG_20250928_084703.jpg
2025-10-06 07:30:00,0.0,3.0,8.0,0.0,5.0,IMG_20250928_084703.jpg
2025-10-06 07:40:00,0.0,3.0,8.0,0.0,5.0,IMG_20250928_084703.jpg
2025-10-06 07:50:00,0.0,3.0,8.0,0.0,5.0,IMG_20250928_084703.jpg
2025-10-06 08:00:00,0.0,3.0,8.0,0.0,5.0,IMG_20250928_084703.jpg
2025-10-06 08:10:00,0.0,3.0,8.0,0.0,5.0,IMG_20250928_084703.jpg
2025-10-06 08:20:00,0.0,3.0,8.0,0.0,5.0,IMG_20250928_084703.jpg
2025-10-06 08:30:00,0.0,3.0,8.0,0.0,5.0,IMG_20250928_084703.jpg
2025-10-06 08:40:00,0.0,3.0,8.0,0.0,5.0,IMG_20250928_084703.jpg
2025-10-06 08:50:00,0.0,3.0,8.0,0.0,5.0,IMG_20250928_084703.jpg
2025-10-06 09:00:00,0.0,3.0,8.0,0.0,5.0,IMG_20250928_084703.jpg
2025-10-06 09:10:00,0.0,3.0,8.0,0.0,5.0,IMG_20250928_084703.jpg
2025-10-06 09:20:00,0.0,3.0,8.0,0.0,5.0,IMG_20250928_084703.jpg
2025-10-06 09:30:00,0.0,3.0,8.0,0.0,5.0,IMG_20250928_084703.jpg
2025-10-06 09:40:00,0.0,3.0,8.0,0.0,5.0,IMG_20250928_084703.jpg
2025-10-06 09:50:00,0.0,3.0,8.0,0.0,5.0,IMG_20250928_084703.jpg
2025-10-06 10:00:00,0.0,3.0,8.0,0.0,5.0,IMG_20250928_084703.jpg
2025-10-06 10:10:00,0.0,3.0,8.0,0.0,5.0,IMG_20250928_084703.jpg
2025-10-06 10:20:00,0.0,3.0,8.0,0.0,5.0,IMG_20250928_084703.jpg
2025-10-06 10:30:00,0.0,3.0,8.0,0.0,5.0,IMG_20250928_084703.jpg
2025-10-06 10:40:00,0.0,3.0,8.0,0.0,5.0,IMG_20250928_084703.jpg
2025-10-06 10:50:00,0.0,3.0,8.0,0.0,5.0,IMG_20250928_084703.jpg
2025-10-06 11:00:00,0.0,3.0,8.0,0.0,5.0,IMG_20250928_084703.jpg
2025-10-06 11:10:00,0.0,3.0,8.0,0.0,5.0,IMG_20250928_084703.jpg
2025-10-06 11:20:00,0.0,3.0,8.0,0.0,5.0,IMG_20250928_084703.jpg
2025-10-06 11:30:00,0.0,3.0,8.0,0.0,5.0,IMG_20250928_084703.jpg
2025-10-06 11:40:00,0.0,3.0,8.0,0.0,5.0,IMG_20250928_084703.jpg
2025-10-06 11:50:00,0.0,3.0,8.0,0.0,5.0,IMG_20250928_084703.jpg
2025-10-06 12:00:00,0.0,3.0,8.0,0.0,5.0,IMG_20250928_084703.jpg
2025-10-06 12:10:00,0.0,3.0,8.0,0.0,5.0,IMG_20250928_084703.jpg
2025-10-06 12:20:00,0.0,3.0,8.0,0.0,5.0,IMG_20250928_084703.jpg
2025-10-06 12:30:00,4.0,0.0,0.0,1.0,2.0,IMG_20251006_122815.jpg
2025-10-06 12:40:00,4.0,6.0,9.0,0.0,4.0,IMG_20251006_123829.jpg
2025-10-06 12:50:00,3.0,4.0,9.0,1.0,3.0,IMG_20251006_124840.jpg
2025-10-06 13:00:00,1.0,4.0,9.0,1.0,4.0,IMG_20251006_125851.jpg
2025-10-06 13:10:00,1.0,4.0,9.0,0.0,3.0,IMG_20251006_130903.jpg
2025-10-06 13:20:00,3.0,4.0,9.0,1.0,3.0,IMG_20251006_131913.jpg
2025-10-06 13:30:00,4.0,6.0,10.0,0.0,3.0,IMG_20251006_132924.jpg
2025-10-06 13:40:00,2.0,5.0,10.0,0.0,3.0,IMG_20251006_133937.jpg
2025-10-06 13:50:00,2.0,4.0,9.0,0.0,2.0,IMG_20251006_134949.jpg
2025-10-06 14:00:00,1.0,4.0,9.0,0.0,3.0,IMG_20251006_140000.jpg
2025-10-06 14:10:00,1.0,4.0,9.0,0.0,3.0,IMG_20251006_140000.jpg
2025-10-06 14:20:00,3.0,5.0,9.0,0.0,1.0,IMG_20251006_141011.jpg
2025-10-06 14:30:00,4.0,5.0,9.0,0.0,6.0,IMG_20251006_142023.jpg
2025-10-06 14:40:00,4.0,6.0,10.0,0.0,3.0,IMG_20251006_143042.jpg
2025-10-06 14:50:00,4.0,5.0,9.0,0.0,2.0,IMG_20251006_144059.jpg
2025-10-06 15:00:00,4.0,5.0,9.0,0.0,2.0,IMG_20251006_145110.jpg
2025-10-06 15:10:00,4.0,5.0,9.0,0.0,3.0,IMG_20251006_150123.jpg
2025-10-06 15:20:00,5.0,6.0,10.0,0.0,2.0,IMG_20251006_151134.jpg
2025-10-06 15:30:00,4.0,8.0,9.0,0.0,3.0,IMG_20251006_152146.jpg
2025-10-06 15:40:00,3.0,5.0,9.0,0.0,3.0,IMG_20251006_153157.jpg
2025-10-06 15:50:00,1.0,4.0,9.0,0.0,3.0,IMG_20251006_154209.jpg
2025-10-06 16:00:00,0.0,4.0,9.0,0.0,3.0,IMG_20251006_155225.jpg
2025-10-06 16:10:00,0.0,5.0,9.0,0.0,4.0,IMG_20251006_160235.jpg
2025-10-06 16:20:00,0.0,5.0,9.0,0.0,4.0,IMG_20251006_161246.jpg
2025-10-06 16:30:00,0.0,5.0,9.0,0.0,4.0,IMG_20251006_162257.jpg
2025-10-06 16:40:00,0.0,4.0,9.0,0.0,5.0,IMG_20251006_163309.jpg
2025-10-06 16:50:00,0.0,4.0,9.0,0.0,3.0,IMG_20251006_164321.jpg
2025-10-06 17:00:00,0.0,4.0,9.0,0.0,4.0,IMG_20251006_165339.jpg
2025-10-06 17:10:00,0.0,4.0,9.0,0.0,3.0,IMG_20251006_170355.jpg
2025-10-06 17:20:00,0.0,4.0,9.0,0.0,3.0,IMG_20251006_171407.jpg
2025-10-06 17:30:00,0.0,5.0,9.0,0.0,4.0,IMG_20251006_172418.jpg
2025-10-06 17:40:00,0.0,4.0,9.0,0.0,4.0,IMG_20251006_173429.jpg
2025-10-06 17:50:00,0.0,3.0,9.0,0.0,3.0,IMG_20251006_174441.jpg
2025-10-06 18:00:00,0.0,3.0,9.0,0.0,2.0,IMG_20251006_175453.jpg
2025-10-06 18:10:00,0.0,1.0,10.0,0.0,1.0,IMG_20251006_180505.jpg
2025-10-06 18:20:00,0.0,1.0,9.0,0.0,1.0,IMG_20251006_181518.jpg
2025-10-06 18:30:00,0.0,1.0,9.0,0.0,1.0,IMG_20251006_182531.jpg
2025-10-06 18:40:00,0.0,1.0,9.0,0.0,2.0,IMG_20251006_183544.jpg
2025-10-06 18:50:00,0.0,0.0,0.0,0.0,0.0,IMG_20251006_184559.jpg
2025-10-06 19:00:00,1.0,4.0,9.0,1.0,4.0,IMG_20251006_185610.jpg
2025-10-06 19:10:00,0.0,4.0,9.0,0.0,5.0,IMG_20251006_190621.jpg
2025-10-06 19:20:00,1.0,4.0,9.0,0.0,6.0,IMG_20251006_191633.jpg
2025-10-06 19:30:00,1.0,4.0,9.0,0.0,6.0,IMG_20251006_192643.jpg
2025-10-06 19:40:00,0.0,4.0,9.0,0.0,7.0,IMG_20251006_193653.jpg
2025-10-06 19:50:00,1.0,4.0,9.0,1.0,4.0,IMG_20251006_194707.jpg
2025-10-06 20:00:00,1.0,4.0,9.0,1.0,4.0,IMG_20251006_195718.jpg
2025-10-06 20:10:00,2.0,4.0,9.0,1.0,4.0,IMG_20251006_200729.jpg
2025-10-06 20:20:00,0.0,4.0,9.0,0.0,6.0,IMG_20251006_201741.jpg
2025-10-06 20:30:00,1.0,4.0,9.0,0.0,4.0,IMG_20251006_202752.jpg
2025-10-06 20:40:00,1.0,4.0,9.0,0.0,4.0,IMG_20251006_203803.jpg
2025-10-06 20:50:00,1.0,4.0,9.0,0.0,4.0,IMG_20251006_204815.jpg
2025-10-06 21:00:00,1.0,4.0,9.0,0.0,5.0,IMG_20251006_205826.jpg
2025-10-06 21:10:00,1.0,4.0,9.0,0.0,4.0,IMG_20251006_210837.jpg
2025-10-06 21:20:00,2.0,4.0,9.0,1.0,4.0,IMG_20251006_211848.jpg
2025-10-06 21:30:00,0.0,4.0,9.0,0.0,6.0,IMG_20251006_212859.jpg
2025-10-06 21:40:00,1.0,4.0,9.0,1.0,4.0,IMG_20251006_213909.jpg
2025-10-06 21:50:00,1.0,4.0,9.0,1.0,4.0,IMG_20251006_214923.jpg
2025-10-06 22:00:00,2.0,4.0,9.0,1.0,4.0,IMG_20251006_215933.jpg
2025-10-06 22:10:00,0.0,2.0,9.0,0.0,1.0,IMG_20251006_220947.jpg
2025-10-06 22:20:00,0.0,0.0,0.0,0.0,2.0,IMG_20251006_221958.jpg
2025-10-06 22:30:00,0.0,0.0,0.0,0.0,2.0,IMG_20251006_221958.jpg
2025-10-06 22:40:00,0.0,1.0,1.0,0.0,2.0,IMG_20251006_223010.jpg
2025-10-06 22:50:00,0.0,1.0,1.0,0.0,2.0,IMG_20251006_224023.jpg
2025-10-06 23:00:00,0.0,0.0,0.0,0.0,2.0,IMG_20251006_225036.jpg
2025-10-06 23:10:00,0.0,0.0,0.0,0.0,2.0,IMG_20251006_225036.jpg
2025-10-06 23:20:00,0.0,0.0,0.0,0.0,2.0,IMG_20251006_225036.jpg
2025-10-06 23:30:00,0.0,0.0,0.0,0.0,2.0,IMG_20251006_225036.jpg
2025-10-06 23:40:00,0.0,0.0,0.0,0.0,2.0,IMG_20251006_225036.jpg
2025-10-06 23:50:00,0.0,0.0,0.0,0.0,2.0,IMG_20251006_225036.jpg
2025-10-07 00:00:00,0.0,0.0,0.0,0.0,2.0,IMG_20251006_225036.jpg
2025-10-07 00:10:00,0.0,0.0,0.0,0.0,2.0,IMG_20251006_225036.jpg
2025-10-07 00:20:00,0.0,0.0,0.0,0.0,2.0,IMG_20251006_225036.jpg
2025-10-07 00:30:00,0.0,0.0,0.0,0.0,2.0,IMG_20251006_225036.jpg
2025-10-07 00:40:00,0.0,0.0,0.0,0.0,2.0,IMG_20251006_225036.jpg
2025-10-07 00:50:00,0.0,0.0,0.0,0.0,2.0,IMG_20251006_225036.jpg
2025-10-07 01:00:00,0.0,0.0,0.0,0.0,2.0,IMG_20251006_225036.jpg
2025-10-07 01:10:00,0.0,0.0,0.0,0.0,2.0,IMG_20251006_225036.jpg
2025-10-07 01:20:00,0.0,0.0,0.0,0.0,2.0,IMG_20251006_225036.jpg
2025-10-07 01:30:00,0.0,0.0,0.0,0.0,2.0,IMG_20251006_225036.jpg
2025-10-07 01:40:00,0.0,0.0,0.0,0.0,2.0,IMG_20251006_225036.jpg
2025-10-07 01:50:00,0.0,0.0,0.0,0.0,2.0,IMG_20251006_225036.jpg
2025-10-07 02:00:00,0.0,0.0,0.0,0.0,2.0,IMG_20251006_225036.jpg
2025-10-07 02:10:00,0.0,0.0,0.0,0.0,2.0,IMG_20251006_225036.jpg
2025-10-07 02:20:00,0.0,0.0,0.0,0.0,2.0,IMG_20251006_225036.jpg
2025-10-07 02:30:00,0.0,0.0,0.0,0.0,2.0,IMG_20251006_225036.jpg
2025-10-07 02:40:00,0.0,0.0,0.0,0.0,2.0,IMG_20251006_225036.jpg
2025-10-07 02:50:00,0.0,0.0,0.0,0.0,2.0,IMG_20251006_225036.jpg
2025-10-07 03:00:00,0.0,0.0,0.0,0.0,2.0,IMG_20251006_225036.jpg
2025-10-07 03:10:00,0.0,0.0,0.0,0.0,2.0,IMG_20251006_225036.jpg
2025-10-07 03:20:00,0.0,0.0,0.0,0.0,2.0,IMG_20251006_225036.jpg
2025-10-07 03:30:00,0.0,0.0,0.0,0.0,2.0,IMG_20251006_225036.jpg
2025-10-07 03:40:00,0.0,0.0,0.0,0.0,2.0,IMG_20251006_225036.jpg
2025-10-07 03:50:00,0.0,0.0,0.0,0.0,2.0,IMG_20251006_225036.jpg
2025-10-07 04:00:00,0.0,0.0,0.0,0.0,2.0,IMG_20251006_225036.jpg
2025-10-07 04:10:00,0.0,0.0,0.0,0.0,2.0,IMG_20251006_225036.jpg
2025-10-07 04:20:00,0.0,0.0,0.0,0.0,2.0,IMG_20251006_225036.jpg
2025-10-07 04:30:00,0.0,0.0,0.0,0.0,2.0,IMG_20251006_225036.jpg
2025-10-07 04:40:00,0.0,0.0,0.0,0.0,2.0,IMG_20251006_225036.jpg
2025-10-07 04:50:00,0.0,0.0,0.0,0.0,2.0,IMG_20251006_225036.jpg
2025-10-07 05:00:00,0.0,0.0,0.0,0.0,2.0,IMG_20251006_225036.jpg
2025-10-07 05:10:00,0.0,0.0,0.0,0.0,2.0,IMG_20251006_225036.jpg
2025-10-07 05:20:00,0.0,0.0,0.0,0.0,2.0,IMG_20251006_225036.jpg
2025-10-07 05:30:00,0.0,0.0,0.0,0.0,2.0,IMG_20251006_225036.jpg
2025-10-07 05:40:00,0.0,0.0,0.0,0.0,2.0,IMG_20251006_225036.jpg
2025-10-07 05:50:00,0.0,0.0,0.0,0.0,2.0,IMG_20251006_225036.jpg
2025-10-07 06:00:00,0.0,0.0,0.0,0.0,2.0,IMG_20251006_225036.jpg
2025-10-07 06:10:00,0.0,0.0,0.0,0.0,2.0,IMG_20251006_225036.jpg
2025-10-07 06:20:00,0.0,0.0,0.0,0.0,2.0,IMG_20251006_225036.jpg
2025-10-07 06:30:00,0.0,0.0,0.0,0.0,2.0,IMG_20251006_225036.jpg
2025-10-07 06:40:00,0.0,0.0,0.0,0.0,2.0,IMG_20251006_225036.jpg
2025-10-07 06:50:00,0.0,0.0,0.0,0.0,2.0,IMG_20251006_225036.jpg
2025-10-07 07:00:00,0.0,0.0,0.0,0.0,2.0,IMG_20251006_225036.jpg
2025-10-07 07:10:00,0.0,2.0,9.0,0.0,10.0,IMG_20251007_070028.jpg
2025-10-07 07:20:00,0.0,2.0,9.0,0.0,7.0,IMG_20251007_071041.jpg
2025-10-07 07:30:00,0.0,3.0,9.0,0.0,7.0,IMG_20251007_072051.jpg
2025-10-07 07:40:00,0.0,3.0,9.0,0.0,6.0,IMG_20251007_073102.jpg
2025-10-07 07:50:00,0.0,3.0,9.0,0.0,6.0,IMG_20251007_074112.jpg
2025-10-07 08:00:00,1.0,7.0,9.0,0.0,5.0,IMG_20251007_075122.jpg
2025-10-07 08:10:00,3.0,7.0,8.0,0.0,5.0,IMG_20251007_080134.jpg
2025-10-07 08:20:00,0.0,5.0,9.0,0.0,6.0,IMG_20251007_081144.jpg
2025-10-07 08:30:00,0.0,5.0,9.0,0.0,6.0,IMG_20251007_082155.jpg
2025-10-07 08:40:00,0.0,5.0,9.0,0.0,6.0,IMG_20251007_083205.jpg
2025-10-07 08:50:00,0.0,5.0,9.0,0.0,6.0,IMG_20251007_084215.jpg
2025-10-07 09:00:00,3.0,5.0,9.0,0.0,11.0,IMG_20251007_085225.jpg
2025-10-07 09:10:00,3.0,7.0,8.0,1.0,7.0,IMG_20251007_090235.jpg
2025-10-07 09:20:00,3.0,6.0,8.0,1.0,10.0,IMG_20251007_091246.jpg
2025-10-07 09:30:00,4.0,6.0,8.0,1.0,5.0,IMG_20251007_092256.jpg
2025-10-07 09:40:00,5.0,6.0,8.0,1.0,6.0,IMG_20251007_093308.jpg
2025-10-07 09:50:00,5.0,6.0,8.0,1.0,7.0,IMG_20251007_094319.jpg
2025-10-07 10:00:00,4.0,6.0,8.0,1.0,5.0,IMG_20251007_095331.jpg
2025-10-07 10:10:00,5.0,7.0,9.0,1.0,5.0,IMG_20251007_100342.jpg
2025-10-07 10:20:00,5.0,7.0,9.0,0.0,5.0,IMG_20251007_101353.jpg
2025-10-07 10:30:00,6.0,7.0,8.0,1.0,5.0,IMG_20251007_102404.jpg
2025-10-07 10:40:00,5.0,7.0,9.0,1.0,5.0,IMG_20251007_103415.jpg
2025-10-07 10:50:00,6.0,7.0,9.0,2.0,4.0,IMG_20251007_104426.jpg
2025-10-07 11:00:00,5.0,7.0,9.0,1.0,5.0,IMG_20251007_105436.jpg
2025-10-07 11:10:00,3.0,7.0,9.0,2.0,6.0,IMG_20251007_110448.jpg
2025-10-07 11:20:00,2.0,6.0,9.0,2.0,7.0,IMG_20251007_111501.jpg
2025-10-07 11:30:00,2.0,7.0,9.0,1.0,8.0,IMG_20251007_112513.jpg
2025-10-07 11:40:00,3.0,7.0,9.0,2.0,4.0,IMG_20251007_113523.jpg
2025-10-07 11:50:00,1.0,7.0,9.0,0.0,5.0,IMG_20251007_114534.jpg
2025-10-07 12:00:00,0.0,7.0,9.0,0.0,6.0,IMG_20251007_115544.jpg
2025-10-07 12:10:00,5.0,6.0,9.0,0.0,5.0,IMG_20251007_120556.jpg
2025-10-07 12:20:00,0.0,4.0,9.0,0.0,5.0,IMG_20251007_121606.jpg
2025-10-07 12:30:00,0.0,4.0,9.0,0.0,5.0,IMG_20251007_122617.jpg
2025-10-07 12:40:00,0.0,3.0,9.0,0.0,4.0,IMG_20251007_123627.jpg
2025-10-07 12:50:00,0.0,5.0,9.0,0.0,5.0,IMG_20251007_124638.jpg
2025-10-07 13:00:00,0.0,2.0,9.0,0.0,6.0,IMG_20251007_125649.jpg
2025-10-07 13:10:00,0.0,3.0,9.0,0.0,6.0,IMG_20251007_130703.jpg
2025-10-07 13:20:00,0.0,2.0,9.0,0.0,6.0,IMG_20251007_131714.jpg
2025-10-07 13:30:00,1.0,2.0,9.0,0.0,4.0,IMG_20251007_132725.jpg
2025-10-07 13:40:00,0.0,3.0,9.0,0.0,6.0,IMG_20251007_133736.jpg
2025-10-07 13:50:00,0.0,3.0,9.0,0.0,5.0,IMG_20251007_134748.jpg
2025-10-07 14:00:00,0.0,3.0,9.0,0.0,6.0,IMG_20251007_135759.jpg
2025-10-07 14:10:00,0.0,2.0,9.0,0.0,6.0,IMG_20251007_140811.jpg
2025-10-07 14:20:00,0.0,2.0,9.0,0.0,7.0,IMG_20251007_141828.jpg
2025-10-07 14:30:00,0.0,2.0,9.0,0.0,5.0,IMG_20251007_142840.jpg
2025-10-07 14:40:00,0.0,2.0,9.0,0.0,5.0,IMG_20251007_143856.jpg
2025-10-07 14:50:00,0.0,2.0,9.0,0.0,5.0,IMG_20251007_144906.jpg
2025-10-07 15:00:00,0.0,3.0,9.0,0.0,5.0,IMG_20251007_145917.jpg
2025-10-07 15:10:00,0.0,2.0,9.0,0.0,7.0,IMG_20251007_150929.jpg
2025-10-07 15:20:00,0.0,3.0,9.0,0.0,8.0,IMG_20251007_151940.jpg
2025-10-07 15:30:00,0.0,2.0,9.0,0.0,8.0,IMG_20251007_152951.jpg
2025-10-07 15:40:00,0.0,2.0,9.0,0.0,8.0,IMG_20251007_152951.jpg
2025-10-07 15:50:00,0.0,2.0,9.0,0.0,7.0,IMG_20251007_154001.jpg
2025-10-07 16:00:00,0.0,3.0,9.0,0.0,6.0,IMG_20251007_155012.jpg
2025-10-07 16:10:00,0.0,2.0,9.0,0.0,6.0,IMG_20251007_160023.jpg
2025-10-07 16:20:00,0.0,1.0,9.0,0.0,4.0,IMG_20251007_161034.jpg
2025-10-07 16:30:00,0.0,0.0,4.0,0.0,5.0,IMG_20251007_162046.jpg
2025-10-07 16:40:00,0.0,2.0,9.0,0.0,5.0,IMG_20251007_163059.jpg
2025-10-07 16:50:00,0.0,3.0,11.0,0.0,7.0,IMG_20251007_164111.jpg
2025-10-07 17:00:00,0.0,2.0,11.0,0.0,5.0,IMG_20251007_165129.jpg
2025-10-07 17:10:00,0.0,1.0,9.0,0.0,7.0,IMG_20251007_170142.jpg
2025-10-07 17:20:00,0.0,1.0,9.0,0.0,4.0,IMG_20251007_171154.jpg
2025-10-07 17:30:00,0.0,2.0,11.0,0.0,4.0,IMG_20251007_172207.jpg
2025-10-07 17:40:00,0.0,1.0,9.0,0.0,5.0,IMG_20251007_173219.jpg
2025-10-07 17:50:00,0.0,1.0,9.0,0.0,4.0,IMG_20251007_174230.jpg
2025-10-07 18:00:00,0.0,1.0,9.0,0.0,4.0,IMG_20251007_175243.jpg
2025-10-07 18:10:00,0.0,2.0,11.0,0.0,5.0,IMG_20251007_180255.jpg
2025-10-07 18:20:00,0.0,3.0,9.0,0.0,4.0,IMG_20251007_181308.jpg
2025-10-07 18:30:00,1.0,5.0,9.0,0.0,2.0,IMG_20251007_182318.jpg
2025-10-07 18:40:00,1.0,5.0,9.0,0.0,2.0,IMG_20251007_183329.jpg
2025-10-07 18:50:00,1.0,5.0,9.0,0.0,2.0,IMG_20251007_184340.jpg
2025-10-07 19:00:00,1.0,5.0,9.0,0.0,2.0,IMG_20251007_185350.jpg
2025-10-07 19:10:00,2.0,5.0,9.0,0.0,4.0,IMG_20251007_190402.jpg
2025-10-07 19:20:00,1.0,5.0,9.0,0.0,6.0,IMG_20251007_191416.jpg
2025-10-07 19:30:00,1.0,5.0,9.0,0.0,5.0,IMG_20251007_192426.jpg
2025-10-07 19:40:00,1.0,5.0,9.0,0.0,6.0,IMG_20251007_193435.jpg
2025-10-07 19:50:00,2.0,5.0,9.0,1.0,8.0,IMG_20251007_194450.jpg
2025-10-07 20:00:00,2.0,4.0,9.0,0.0,5.0,IMG_20251007_195501.jpg
2025-10-07 20:10:00,1.0,5.0,9.0,0.0,4.0,IMG_20251007_200513.jpg
2025-10-07 20:20:00,1.0,5.0,9.0,0.0,6.0,IMG_20251007_201529.jpg
2025-10-07 20:30:00,1.0,4.0,9.0,0.0,5.0,IMG_20251007_202539.jpg
2025-10-07 20:40:00,1.0,5.0,9.0,0.0,7.0,IMG_20251007_203551.jpg
2025-10-07 20:50:00,1.0,5.0,9.0,0.0,5.0,IMG_20251007_204602.jpg
2025-10-07 21:00:00,1.0,5.0,9.0,0.0,8.0,IMG_20251007_205613.jpg
2025-10-07 21:10:00,2.0,4.0,9.0,0.0,5.0,IMG_20251007_210623.jpg
2025-10-07 21:20:00,1.0,5.0,9.0,0.0,6.0,IMG_20251007_211634.jpg
2025-10-07 21:30:00,3.0,4.0,9.0,1.0,5.0,IMG_20251007_212645.jpg
2025-10-07 21:40:00,3.0,5.0,9.0,0.0,6.0,IMG_20251007_213656.jpg
2025-10-07 21:50:00,1.0,5.0,9.0,0.0,5.0,IMG_20251007_214706.jpg
2025-10-07 22:00:00,2.0,5.0,9.0,0.0,6.0,IMG_20251007_215716.jpg
2025-10-07 22:10:00,1.0,5.0,9.0,0.0,5.0,IMG_20251007_220729.jpg
2025-10-07 22:20:00,1.0,5.0,9.0,0.0,4.0,IMG_20251007_221740.jpg
2025-10-07 22:30:00,2.0,3.0,9.0,0.0,3.0,IMG_20251007_222750.jpg
2025-10-07 22:40:00,1.0,3.0,9.0,0.0,3.0,IMG_20251007_223800.jpg
2025-10-07 22:50:00,2.0,3.0,9.0,0.0,4.0,IMG_20251007_224810.jpg
2025-10-07 23:00:00,1.0,3.0,9.0,0.0,4.0,IMG_20251007_225820.jpg
2025-10-07 23:10:00,1.0,3.0,9.0,0.0,4.0,IMG_20251007_225820.jpg
2025-10-07 23:20:00,1.0,3.0,9.0,0.0,4.0,IMG_20251007_225820.jpg
2025-10-07 23:30:00,1.0,3.0,9.0,0.0,4.0,IMG_20251007_225820.jpg
2025-10-07 23:40:00,1.0,3.0,9.0,0.0,4.0,IMG_20251007_225820.jpg
2025-10-07 23:50:00,1.0,3.0,9.0,0.0,4.0,IMG_20251007_225820.jpg
2025-10-08 00:00:00,1.0,3.0,9.0,0.0,4.0,IMG_20251007_225820.jpg
2025-10-08 00:10:00,1.0,3.0,9.0,0.0,4.0,IMG_20251007_225820.jpg
2025-10-08 00:20:00,1.0,3.0,9.0,0.0,4.0,IMG_20251007_225820.jpg
2025-10-08 00:30:00,1.0,3.0,9.0,0.0,4.0,IMG_20251007_225820.jpg
2025-10-08 00:40:00,1.0,3.0,9.0,0.0,4.0,IMG_20251007_225820.jpg
2025-10-08 00:50:00,1.0,3.0,9.0,0.0,4.0,IMG_20251007_225820.jpg
2025-10-08 01:00:00,1.0,3.0,9.0,0.0,4.0,IMG_20251007_225820.jpg
2025-10-08 01:10:00,1.0,3.0,9.0,0.0,4.0,IMG_20251007_225820.jpg
2025-10-08 01:20:00,1.0,3.0,9.0,0.0,4.0,IMG_20251007_225820.jpg
2025-10-08 01:30:00,1.0,3.0,9.0,0.0,4.0,IMG_20251007_225820.jpg
2025-10-08 01:40:00,1.0,3.0,9.0,0.0,4.0,IMG_20251007_225820.jpg
2025-10-08 01:50:00,1.0,3.0,9.0,0.0,4.0,IMG_20251007_225820.jpg
2025-10-08 02:00:00,1.0,3.0,9.0,0.0,4.0,IMG_20251007_225820.jpg
2025-10-08 02:10:00,1.0,3.0,9.0,0.0,4.0,IMG_20251007_225820.jpg
2025-10-08 02:20:00,1.0,3.0,9.0,0.0,4.0,IMG_20251007_225820.jpg
2025-10-08 02:30:00,1.0,3.0,9.0,0.0,4.0,IMG_20251007_225820.jpg
2025-10-08 02:40:00,1.0,3.0,9.0,0.0,4.0,IMG_20251007_225820.jpg
2025-10-08 02:50:00,1.0,3.0,9.0,0.0,4.0,IMG_20251007_225820.jpg
2025-10-08 03:00:00,1.0,3.0,9.0,0.0,4.0,IMG_20251007_225820.jpg
2025-10-08 03:10:00,1.0,3.0,9.0,0.0,4.0,IMG_20251007_225820.jpg
2025-10-08 03:20:00,1.0,3.0,9.0,0.0,4.0,IMG_20251007_225820.jpg
2025-10-08 03:30:00,1.0,3.0,9.0,0.0,4.0,IMG_20251007_225820.jpg
2025-10-08 03:40:00,1.0,3.0,9.0,0.0,4.0,IMG_20251007_225820.jpg
2025-10-08 03:50:00,1.0,3.0,9.0,0.0,4.0,IMG_20251007_225820.jpg
2025-10-08 04:00:00,1.0,3.0,9.0,0.0,4.0,IMG_20251007_225820.jpg
2025-10-08 04:10:00,1.0,3.0,9.0,0.0,4.0,IMG_20251007_225820.jpg
2025-10-08 04:20:00,1.0,3.0,9.0,0.0,4.0,IMG_20251007_225820.jpg
2025-10-08 04:30:00,1.0,3.0,9.0,0.0,4.0,IMG_20251007_225820.jpg
2025-10-08 04:40:00,1.0,3.0,9.0,0.0,4.0,IMG_20251007_225820.jpg
2025-10-08 04:50:00,1.0,3.0,9.0,0.0,4.0,IMG_20251007_225820.jpg
2025-10-08 05:00:00,1.0,3.0,9.0,0.0,4.0,IMG_20251007_225820.jpg
2025-10-08 05:10:00,1.0,3.0,9.0,0.0,4.0,IMG_20251007_225820.jpg
2025-10-08 05:20:00,1.0,3.0,9.0,0.0,4.0,IMG_20251007_225820.jpg
2025-10-08 05:30:00,1.0,3.0,9.0,0.0,4.0,IMG_20251007_225820.jpg
2025-10-08 05:40:00,1.0,3.0,9.0,0.0,4.0,IMG_20251007_225820.jpg
2025-10-08 05:50:00,1.0,3.0,9.0,0.0,4.0,IMG_20251007_225820.jpg
2025-10-08 06:00:00,1.0,3.0,9.0,0.0,4.0,IMG_20251007_225820.jpg
2025-10-08 06:10:00,1.0,3.0,9.0,0.0,4.0,IMG_20251007_225820.jpg
2025-10-08 06:20:00,1.0,3.0,9.0,0.0,4.0,IMG_20251007_225820.jpg
2025-10-08 06:30:00,1.0,3.0,9.0,0.0,4.0,IMG_20251007_225820.jpg
2025-10-08 06:40:00,1.0,3.0,9.0,0.0,4.0,IMG_20251007_225820.jpg
2025-10-08 06:50:00,1.0,3.0,9.0,0.0,4.0,IMG_20251007_225820.jpg
2025-10-08 07:00:00,1.0,3.0,9.0,0.0,4.0,IMG_20251007_225820.jpg
2025-10-08 07:10:00,0.0,2.0,9.0,0.0,3.0,IMG_20251008_070806.jpg
2025-10-08 07:20:00,0.0,4.0,9.0,0.0,4.0,IMG_20251008_071817.jpg
2025-10-08 07:30:00,0.0,3.0,9.0,0.0,4.0,IMG_20251008_072829.jpg
2025-10-08 07:40:00,0.0,4.0,9.0,0.0,3.0,IMG_20251008_073841.jpg
2025-10-08 07:50:00,0.0,4.0,9.0,0.0,3.0,IMG_20251008_074852.jpg
2025-10-08 08:00:00,0.0,4.0,9.0,0.0,3.0,IMG_20251008_075903.jpg
2025-10-08 08:10:00,0.0,4.0,9.0,0.0,4.0,IMG_20251008_080913.jpg
2025-10-08 08:20:00,0.0,4.0,9.0,0.0,4.0,IMG_20251008_081931.jpg
2025-10-08 08:30:00,0.0,4.0,9.0,0.0,4.0,IMG_20251008_082944.jpg
2025-10-08 08:40:00,0.0,3.0,9.0,0.0,5.0,IMG_20251008_083955.jpg
2025-10-08 08:50:00,0.0,3.0,9.0,0.0,5.0,IMG_20251008_083955.jpg
2025-10-08 09:00:00,0.0,4.0,9.0,0.0,4.0,IMG_20251008_085005.jpg
2025-10-08 09:10:00,0.0,4.0,9.0,0.0,4.0,IMG_20251008_090015.jpg
2025-10-08 09:20:00,0.0,4.0,9.0,0.0,4.0,IMG_20251008_091026.jpg
2025-10-08 09:30:00,0.0,4.0,9.0,0.0,4.0,IMG_20251008_092037.jpg
2025-10-08 09:40:00,0.0,4.0,9.0,0.0,4.0,IMG_20251008_093048.jpg
2025-10-08 09:50:00,0.0,3.0,9.0,0.0,6.0,IMG_20251008_094059.jpg
2025-10-08 10:00:00,0.0,4.0,9.0,0.0,4.0,IMG_20251008_095110.jpg
2025-10-08 10:10:00,1.0,5.0,9.0,0.0,4.0,IMG_20251008_100122.jpg
2025-10-08 10:20:00,2.0,5.0,9.0,0.0,3.0,IMG_20251008_101133.jpg
2025-10-08 10:30:00,0.0,5.0,9.0,0.0,5.0,IMG_20251008_102145.jpg
2025-10-08 10:40:00,1.0,5.0,9.0,0.0,3.0,IMG_20251008_103156.jpg
2025-10-08 10:50:00,1.0,5.0,9.0,0.0,3.0,IMG_20251008_104206.jpg
2025-10-08 11:00:00,1.0,5.0,9.0,0.0,4.0,IMG_20251008_105216.jpg
2025-10-08 11:10:00,1.0,5.0,9.0,0.0,3.0,IMG_20251008_110227.jpg
2025-10-08 11:20:00,0.0,5.0,9.0,0.0,4.0,IMG_20251008_111238.jpg
2025-10-08 11:30:00,1.0,5.0,9.0,0.0,3.0,IMG_20251008_112249.jpg
2025-10-08 11:40:00,0.0,5.0,9.0,0.0,5.0,IMG_20251008_113306.jpg
2025-10-08 11:50:00,2.0,7.0,10.0,0.0,4.0,IMG_20251008_114317.jpg
2025-10-08 12:00:00,2.0,4.0,7.0,0.0,2.0,IMG_20251008_115329.jpg
2025-10-08 12:10:00,5.0,6.0,10.0,1.0,4.0,IMG_20251008_120339.jpg
2025-10-08 12:20:00,2.0,5.0,9.0,0.0,5.0,IMG_20251008_121350.jpg
2025-10-08 12:30:00,3.0,4.0,8.0,0.0,5.0,IMG_20251008_122401.jpg
2025-10-08 12:40:00,2.0,4.0,8.0,0.0,4.0,IMG_20251008_123414.jpg
2025-10-08 12:50:00,3.0,6.0,10.0,0.0,5.0,IMG_20251008_124426.jpg
2025-10-08 13:00:00,5.0,6.0,9.0,1.0,5.0,IMG_20251008_125438.jpg
2025-10-08 13:10:00,4.0,7.0,9.0,0.0,5.0,IMG_20251008_130449.jpg
2025-10-08 13:20:00,5.0,8.0,10.0,0.0,4.0,IMG_20251008_131500.jpg
2025-10-08 13:30:00,8.0,8.0,9.0,0.0,3.0,IMG_20251008_132510.jpg
2025-10-08 13:40:00,6.0,7.0,9.0,0.0,5.0,IMG_20251008_133522.jpg
2025-10-08 13:50:00,2.0,7.0,9.0,0.0,5.0,IMG_20251008_134532.jpg
2025-10-08 14:00:00,2.0,7.0,9.0,1.0,8.0,IMG_20251008_135543.jpg
2025-10-08 14:10:00,2.0,7.0,9.0,0.0,6.0,IMG_20251008_140554.jpg
2025-10-08 14:20:00,8.0,8.0,10.0,1.0,2.0,IMG_20251008_141605.jpg
2025-10-08 14:30:00,5.0,6.0,9.0,0.0,4.0,IMG_20251008_142616.jpg
2025-10-08 14:40:00,5.0,6.0,9.0,1.0,6.0,IMG_20251008_143628.jpg
2025-10-08 14:50:00,7.0,6.0,9.0,0.0,6.0,IMG_20251008_144638.jpg
2025-10-08 15:00:00,0.0,6.0,9.0,0.0,6.0,IMG_20251008_145654.jpg
2025-10-08 15:10:00,0.0,6.0,9.0,0.0,6.0,IMG_20251008_150705.jpg
2025-10-08 15:20:00,6.0,6.0,9.0,2.0,7.0,IMG_20251008_151723.jpg
2025-10-08 15:30:00,6.0,6.0,9.0,0.0,8.0,IMG_20251008_152733.jpg
2025-10-08 15:40:00,7.0,6.0,9.0,1.0,8.0,IMG_20251008_153744.jpg
2025-10-08 15:50:00,5.0,6.0,9.0,1.0,5.0,IMG_20251008_154800.jpg
2025-10-08 16:00:00,3.0,6.0,9.0,0.0,8.0,IMG_20251008_155810.jpg
2025-10-08 16:10:00,2.0,6.0,9.0,0.0,8.0,IMG_20251008_160822.jpg
2025-10-08 16:20:00,5.0,7.0,10.0,0.0,5.0,IMG_20251008_161834.jpg
2025-10-08 16:30:00,6.0,9.0,12.0,0.0,5.0,IMG_20251008_162845.jpg
2025-10-08 16:40:00,8.0,4.0,8.0,0.0,6.0,IMG_20251008_163857.jpg
2025-10-08 16:50:00,6.0,6.0,9.0,0.0,6.0,IMG_20251008_164907.jpg
2025-10-08 17:00:00,4.0,6.0,9.0,1.0,4.0,IMG_20251008_165917.jpg
2025-10-08 17:10:00,5.0,6.0,9.0,3.0,7.0,IMG_20251008_170928.jpg
2025-10-08 17:20:00,4.0,7.0,10.0,2.0,6.0,IMG_20251008_171938.jpg
2025-10-08 17:30:00,6.0,7.0,10.0,0.0,4.0,IMG_20251008_172949.jpg
2025-10-08 17:40:00,6.0,7.0,10.0,0.0,4.0,IMG_20251008_172949.jpg
2025-10-08 17:50:00,6.0,6.0,9.0,1.0,1.0,IMG_20251008_174001.jpg
2025-10-08 18:00:00,0.0,6.0,9.0,0.0,6.0,IMG_20251008_175012.jpg
2025-10-08 18:10:00,0.0,6.0,9.0,0.0,5.0,IMG_20251008_180023.jpg
2025-10-08 18:20:00,0.0,6.0,9.0,0.0,6.0,IMG_20251008_181034.jpg
2025-10-08 18:30:00,1.0,5.0,9.0,0.0,6.0,IMG_20251008_182046.jpg
2025-10-08 18:40:00,0.0,0.0,0.0,0.0,0.0,IMG_20251008_183103.jpg
2025-10-08 18:50:00,0.0,0.0,0.0,0.0,0.0,IMG_20251008_184117.jpg
2025-10-08 19:00:00,0.0,3.0,9.0,0.0,2.0,IMG_20251008_185131.jpg
2025-10-08 19:10:00,0.0,0.0,0.0,0.0,0.0,IMG_20251008_190143.jpg
2025-10-08 19:20:00,0.0,0.0,0.0,0.0,0.0,IMG_20251008_191155.jpg
2025-10-08 19:30:00,0.0,0.0,0.0,0.0,0.0,IMG_20251008_192207.jpg
2025-10-08 19:40:00,0.0,0.0,0.0,0.0,0.0,IMG_20251008_193218.jpg
2025-10-08 19:50:00,0.0,0.0,0.0,0.0,1.0,IMG_20251008_194235.jpg
2025-10-08 20:00:00,0.0,0.0,0.0,0.0,0.0,IMG_20251008_195253.jpg
2025-10-08 20:10:00,0.0,0.0,1.0,0.0,0.0,IMG_20251008_200304.jpg
2025-10-08 20:20:00,0.0,1.0,3.0,0.0,0.0,IMG_20251008_201316.jpg
2025-10-08 20:30:00,0.0,1.0,2.0,0.0,0.0,IMG_20251008_202331.jpg
2025-10-08 20:40:00,0.0,1.0,3.0,0.0,0.0,IMG_20251008_203344.jpg
2025-10-08 20:50:00,0.0,3.0,9.0,0.0,3.0,IMG_20251008_204357.jpg
2025-10-08 21:00:00,0.0,3.0,9.0,0.0,3.0,IMG_20251008_205409.jpg
2025-10-08 21:10:00,0.0,1.0,8.0,0.0,2.0,IMG_20251008_210422.jpg
2025-10-08 21:20:00,0.0,1.0,2.0,0.0,0.0,IMG_20251008_211434.jpg
2025-10-08 21:30:00,0.0,1.0,3.0,0.0,0.0,IMG_20251008_212445.jpg
2025-10-08 21:40:00,0.0,1.0,3.0,0.0,0.0,IMG_20251008_213457.jpg
2025-10-08 21:50:00,0.0,1.0,3.0,0.0,0.0,IMG_20251008_214509.jpg
2025-10-08 22:00:00,0.0,1.0,3.0,0.0,0.0,IMG_20251008_215522.jpg
2025-10-08 22:10:00,0.0,1.0,3.0,0.0,0.0,IMG_20251008_220534.jpg
2025-10-08 22:20:00,0.0,1.0,3.0,0.0,0.0,IMG_20251008_221546.jpg
2025-10-08 22:30:00,0.0,1.0,3.0,0.0,0.0,IMG_20251008_222557.jpg
2025-10-08 22:40:00,0.0,1.0,3.0,0.0,0.0,IMG_20251008_223610.jpg
2025-10-08 22:50:00,0.0,1.0,3.0,0.0,0.0,IMG_20251008_224622.jpg
2025-10-08 23:00:00,0.0,1.0,3.0,0.0,0.0,IMG_20251008_225639.jpg
2025-10-08 23:10:00,0.0,1.0,3.0,0.0,0.0,IMG_20251008_225639.jpg
2025-10-08 23:20:00,0.0,1.0,3.0,0.0,0.0,IMG_20251008_225639.jpg
2025-10-08 23:30:00,0.0,1.0,3.0,0.0,0.0,IMG_20251008_225639.jpg
2025-10-08 23:40:00,0.0,1.0,3.0,0.0,0.0,IMG_20251008_225639.jpg
2025-10-08 23:50:00,0.0,1.0,3.0,0.0,0.0,IMG_20251008_225639.jpg
2025-10-09 00:00:00,0.0,1.0,3.0,0.0,0.0,IMG_20251008_225639.jpg
2025-10-09 00:10:00,0.0,1.0,3.0,0.0,0.0,IMG_20251008_225639.jpg
2025-10-09 00:20:00,0.0,1.0,3.0,0.0,0.0,IMG_20251008_225639.jpg
2025-10-09 00:30:00,0.0,1.0,3.0,0.0,0.0,IMG_20251008_225639.jpg
2025-10-09 00:40:00,0.0,1.0,3.0,0.0,0.0,IMG_20251008_225639.jpg
2025-10-09 00:50:00,0.0,1.0,3.0,0.0,0.0,IMG_20251008_225639.jpg
2025-10-09 01:00:00,0.0,1.0,3.0,0.0,0.0,IMG_20251008_225639.jpg
2025-10-09 01:10:00,0.0,1.0,3.0,0.0,0.0,IMG_20251008_225639.jpg
2025-10-09 01:20:00,0.0,1.0,3.0,0.0,0.0,IMG_20251008_225639.jpg
2025-10-09 01:30:00,0.0,1.0,3.0,0.0,0.0,IMG_20251008_225639.jpg
2025-10-09 01:40:00,0.0,1.0,3.0,0.0,0.0,IMG_20251008_225639.jpg
2025-10-09 01:50:00,0.0,1.0,3.0,0.0,0.0,IMG_20251008_225639.jpg
2025-10-09 02:00:00,0.0,1.0,3.0,0.0,0.0,IMG_20251008_225639.jpg
2025-10-09 02:10:00,0.0,1.0,3.0,0.0,0.0,IMG_20251008_225639.jpg
2025-10-09 02:20:00,0.0,1.0,3.0,0.0,0.0,IMG_20251008_225639.jpg
2025-10-09 02:30:00,0.0,1.0,3.0,0.0,0.0,IMG_20251008_225639.jpg
2025-10-09 02:40:00,0.0,1.0,3.0,0.0,0.0,IMG_20251008_225639.jpg
2025-10-09 02:50:00,0.0,1.0,3.0,0.0,0.0,IMG_20251008_225639.jpg
2025-10-09 03:00:00,0.0,1.0,3.0,0.0,0.0,IMG_20251008_225639.jpg
2025-10-09 03:10:00,0.0,1.0,3.0,0.0,0.0,IMG_20251008_225639.jpg
2025-10-09 03:20:00,0.0,1.0,3.0,0.0,0.0,IMG_20251008_225639.jpg
2025-10-09 03:30:00,0.0,1.0,3.0,0.0,0.0,IMG_20251008_225639.jpg
2025-10-09 03:40:00,0.0,1.0,3.0,0.0,0.0,IMG_20251008_225639.jpg
2025-10-09 03:50:00,0.0,1.0,3.0,0.0,0.0,IMG_20251008_225639.jpg
2025-10-09 04:00:00,0.0,1.0,3.0,0.0,0.0,IMG_20251008_225639.jpg
2025-10-09 04:10:00,0.0,1.0,3.0,0.0,0.0,IMG_20251008_225639.jpg
2025-10-09 04:20:00,0.0,1.0,3.0,0.0,0.0,IMG_20251008_225639.jpg
2025-10-09 04:30:00,0.0,1.0,3.0,0.0,0.0,IMG_20251008_225639.jpg
2025-10-09 04:40:00,0.0,1.0,3.0,0.0,0.0,IMG_20251008_225639.jpg
2025-10-09 04:50:00,0.0,1.0,3.0,0.0,0.0,IMG_20251008_225639.jpg
2025-10-09 05:00:00,0.0,1.0,3.0,0.0,0.0,IMG_20251008_225639.jpg
2025-10-09 05:10:00,0.0,1.0,3.0,0.0,0.0,IMG_20251008_225639.jpg
2025-10-09 05:20:00,0.0,1.0,3.0,0.0,0.0,IMG_20251008_225639.jpg
2025-10-09 05:30:00,0.0,1.0,3.0,0.0,0.0,IMG_20251008_225639.jpg
2025-10-09 05:40:00,0.0,1.0,3.0,0.0,0.0,IMG_20251008_225639.jpg
2025-10-09 05:50:00,0.0,1.0,3.0,0.0,0.0,IMG_20251008_225639.jpg
2025-10-09 06:00:00,0.0,1.0,3.0,0.0,0.0,IMG_20251008_225639.jpg
2025-10-09 06:10:00,0.0,1.0,3.0,0.0,0.0,IMG_20251008_225639.jpg
2025-10-09 06:20:00,0.0,1.0,3.0,0.0,0.0,IMG_20251008_225639.jpg
2025-10-09 06:30:00,0.0,1.0,3.0,0.0,0.0,IMG_20251008_225639.jpg
2025-10-09 06:40:00,0.0,1.0,3.0,0.0,0.0,IMG_20251008_225639.jpg
2025-10-09 06:50:00,0.0,1.0,3.0,0.0,0.0,IMG_20251008_225639.jpg
2025-10-09 07:00:00,0.0,1.0,3.0,0.0,0.0,IMG_20251008_225639.jpg
2025-10-09 07:10:00,0.0,3.0,9.0,0.0,6.0,IMG_20251009_070643.jpg
2025-10-09 07:20:00,0.0,3.0,9.0,0.0,5.0,IMG_20251009_071653.jpg
2025-10-09 07:30:00,0.0,3.0,9.0,0.0,6.0,IMG_20251009_072703.jpg
2025-10-09 07:40:00,0.0,3.0,9.0,0.0,6.0,IMG_20251009_073715.jpg
2025-10-09 07:50:00,0.0,3.0,9.0,0.0,6.0,IMG_20251009_074726.jpg
2025-10-09 08:00:00,0.0,4.0,9.0,0.0,5.0,IMG_20251009_075739.jpg
2025-10-09 08:10:00,1.0,4.0,9.0,0.0,6.0,IMG_20251009_080749.jpg
2025-10-09 08:20:00,0.0,5.0,9.0,0.0,6.0,IMG_20251009_081758.jpg
2025-10-09 08:30:00,0.0,5.0,9.0,0.0,7.0,IMG_20251009_082809.jpg
2025-10-09 08:40:00,0.0,5.0,9.0,0.0,7.0,IMG_20251009_083819.jpg
2025-10-09 08:50:00,0.0,5.0,9.0,0.0,8.0,IMG_20251009_084831.jpg
2025-10-09 09:00:00,0.0,5.0,9.0,0.0,7.0,IMG_20251009_085841.jpg
2025-10-09 09:10:00,1.0,5.0,9.0,1.0,8.0,IMG_20251009_090852.jpg
2025-10-09 09:20:00,0.0,5.0,9.0,0.0,7.0,IMG_20251009_091908.jpg
2025-10-09 09:30:00,1.0,6.0,9.0,1.0,7.0,IMG_20251009_092922.jpg
2025-10-09 09:40:00,1.0,5.0,9.0,0.0,7.0,IMG_20251009_093933.jpg
2025-10-09 09:50:00,0.0,5.0,9.0,0.0,8.0,IMG_20251009_094943.jpg
2025-10-09 10:00:00,4.0,6.0,9.0,0.0,9.0,IMG_20251009_095955.jpg
2025-10-09 10:10:00,4.0,6.0,9.0,0.0,9.0,IMG_20251009_095955.jpg
2025-10-09 10:20:00,1.0,5.0,9.0,1.0,7.0,IMG_20251009_101006.jpg
2025-10-09 10:30:00,3.0,6.0,9.0,1.0,5.0,IMG_20251009_102023.jpg
2025-10-09 10:40:00,3.0,7.0,9.0,0.0,5.0,IMG_20251009_103034.jpg
2025-10-09 10:50:00,3.0,8.0,10.0,0.0,4.0,IMG_20251009_104044.jpg
2025-10-09 11:00:00,6.0,7.0,9.0,3.0,8.0,IMG_20251009_105054.jpg
2025-10-09 11:10:00,4.0,7.0,9.0,0.0,5.0,IMG_20251009_110104.jpg
2025-10-09 11:20:00,3.0,7.0,9.0,0.0,6.0,IMG_20251009_111116.jpg
2025-10-09 11:30:00,2.0,8.0,10.0,1.0,6.0,IMG_20251009_112126.jpg
2025-10-09 11:40:00,2.0,7.0,9.0,0.0,7.0,IMG_20251009_113136.jpg
2025-10-09 11:50:00,8.0,8.0,9.0,2.0,7.0,IMG_20251009_114149.jpg
2025-10-09 12:00:00,11.0,9.0,10.0,3.0,7.0,IMG_20251009_115200.jpg
2025-10-09 12:10:00,9.0,8.0,9.0,3.0,6.0,IMG_20251009_120211.jpg
2025-10-09 12:20:00,12.0,7.0,8.0,0.0,5.0,IMG_20251009_121223.jpg
2025-10-09 12:30:00,11.0,8.0,9.0,1.0,6.0,IMG_20251009_122235.jpg
2025-10-09 12:40:00,9.0,8.0,9.0,1.0,2.0,IMG_20251009_123245.jpg
2025-10-09 12:50:00,8.0,6.0,7.0,1.0,4.0,IMG_20251009_124255.jpg
2025-10-09 13:00:00,9.0,9.0,9.0,0.0,7.0,IMG_20251009_125306.jpg
2025-10-09 13:10:00,5.0,11.0,11.0,0.0,6.0,IMG_20251009_130317.jpg
2025-10-09 13:20:00,0.0,8.0,8.0,0.0,6.0,IMG_20251009_131329.jpg
2025-10-09 13:30:00,0.0,8.0,8.0,0.0,7.0,IMG_20251009_132340.jpg
2025-10-09 13:40:00,0.0,8.0,8.0,0.0,7.0,IMG_20251009_133350.jpg
2025-10-09 13:50:00,0.0,9.0,9.0,0.0,9.0,IMG_20251009_134407.jpg
2025-10-09 14:00:00,0.0,8.0,8.0,0.0,7.0,IMG_20251009_135419.jpg
2025-10-09 14:10:00,0.0,10.0,10.0,0.0,7.0,IMG_20251009_140430.jpg
2025-10-09 14:20:00,1.0,9.0,9.0,0.0,8.0,IMG_20251009_141440.jpg
2025-10-09 14:30:00,5.0,11.0,11.0,0.0,4.0,IMG_20251009_142452.jpg
2025-10-09 14:40:00,9.0,9.0,9.0,0.0,5.0,IMG_20251009_143504.jpg
2025-10-09 14:50:00,4.0,7.0,9.0,0.0,5.0,IMG_20251009_144514.jpg
2025-10-09 15:00:00,5.0,7.0,9.0,2.0,7.0,IMG_20251009_145527.jpg
2025-10-09 15:10:00,8.0,8.0,9.0,0.0,5.0,IMG_20251009_150541.jpg
2025-10-09 15:20:00,9.0,7.0,8.0,1.0,5.0,IMG_20251009_151553.jpg
2025-10-09 15:30:00,7.0,7.0,9.0,1.0,5.0,IMG_20251009_152603.jpg
2025-10-09 15:40:00,9.0,7.0,9.0,1.0,6.0,IMG_20251009_153617.jpg
2025-10-09 15:50:00,11.0,8.0,9.0,3.0,4.0,IMG_20251009_154627.jpg
2025-10-09 16:00:00,5.0,9.0,10.0,1.0,6.0,IMG_20251009_155639.jpg
2025-10-09 16:10:00,9.0,8.0,9.0,0.0,5.0,IMG_20251009_160654.jpg
2025-10-09 16:20:00,8.0,7.0,9.0,1.0,4.0,IMG_20251009_161704.jpg
2025-10-09 16:30:00,8.0,7.0,9.0,1.0,5.0,IMG_20251009_162716.jpg
2025-10-09 16:40:00,6.0,8.0,10.0,2.0,7.0,IMG_20251009_163732.jpg
2025-10-09 16:50:00,8.0,7.0,9.0,1.0,8.0,IMG_20251009_164743.jpg
2025-10-09 17:00:00,3.0,7.0,9.0,0.0,5.0,IMG_20251009_165754.jpg
2025-10-09 17:10:00,3.0,7.0,9.0,0.0,3.0,IMG_20251009_170813.jpg
2025-10-09 17:20:00,3.0,7.0,9.0,0.0,5.0,IMG_20251009_171825.jpg
2025-10-09 17:30:00,5.0,7.0,9.0,0.0,7.0,IMG_20251009_172835.jpg
2025-10-09 17:40:00,8.0,7.0,9.0,0.0,6.0,IMG_20251009_173847.jpg
2025-10-09 17:50:00,4.0,7.0,9.0,0.0,7.0,IMG_20251009_174857.jpg
2025-10-09 18:00:00,3.0,7.0,9.0,0.0,7.0,IMG_20251009_175913.jpg
2025-10-09 18:10:00,6.0,7.0,9.0,2.0,9.0,IMG_20251009_180925.jpg
2025-10-09 18:20:00,6.0,7.0,9.0,0.0,7.0,IMG_20251009_181936.jpg
2025-10-09 18:30:00,4.0,7.0,9.0,0.0,8.0,IMG_20251009_182948.jpg
2025-10-09 18:40:00,4.0,7.0,9.0,0.0,7.0,IMG_20251009_183958.jpg
2025-10-09 18:50:00,4.0,7.0,9.0,0.0,7.0,IMG_20251009_183958.jpg
2025-10-09 19:00:00,0.0,0.0,6.0,0.0,3.0,IMG_20251009_185010.jpg
2025-10-09 19:10:00,0.0,1.0,9.0,0.0,4.0,IMG_20251009_190022.jpg
2025-10-09 19:20:00,0.0,2.0,9.0,0.0,5.0,IMG_20251009_191037.jpg
2025-10-09 19:30:00,0.0,0.0,0.0,0.0,2.0,IMG_20251009_192055.jpg
2025-10-09 19:40:00,0.0,2.0,9.0,0.0,4.0,IMG_20251009_193109.jpg
